BioguideId,Name,State,Chambers,StateLegChamber,StateLegYears,StateLegTerms,SenateYears,SenateCongresses,SenateTerms,HouseYears,HouseCongresses,HouseTerms,District,TotalSponsoredItems,BillsIntroducedStateLeg,Notes
A000009,James Abdnor,South Dakota,Senate+House,South Dakota Senate,1957-1969,~6 terms (2-yr terms era),1981-1987,97th-99th,1 term (elected 1980; lost re-election 1986),1973-1981,93rd-96th,4 (elected 1972;74;76;78),SD-2,309,N/A - not digitized/available,Senate record: Wikipedia: James Abdnor page || House record: Verified live via https://en.wikipedia.org/wiki/James_Abdnor; House tenure ends Jan 1981 so overlaps 1979-2026 window via the 96th Congress
A000014,Neil Abercrombie,Hawaii,House,Hawaii House of Representatives; Hawaii Senate,1975-1979 (House); 1980-1986 (Senate),2 terms House; 3 terms Senate,,,,1986-1987 (special election partial term); 1991-2010,99th (partial); 102nd-111th,~10 terms (incl. partial 1986 term; resigned Feb 2010),1,133,N/A,House record: Source: en.wikipedia.org/wiki/Neil_Abercrombie; also HI City Council 1988-1990 (not state leg; excluded)
A000022,Gary Ackerman,New York,House,New York State Senate,1979-1983,2,,,,1983-2013,98th-112th,15,7th (1983-2013 era); 5th (later),264,N/A,House record: Verified via en.wikipedia.org/wiki/Gary_Ackerman (live fetch); Queens.
A000076,Donald Albosta,Michigan,House,Michigan House of Representatives,1974-1976,not independently term-counted this pass; see StateLegYears for span,,,,1979-1985,96th-98th,3 term(s),MI-10,,N/A - not digitized/available (LegiScan match not yet attempted for this person),"House record: Wikipedia: MI House 1974-1976 (86th district), then US House 1979-1985 (added via 2026-09 population completeness check; BioguideId A000076)"
A000109,Wayne Allard,Colorado,Senate+House,Colorado State Senate,1983-1991,2 terms (4-yr each),Jan 3 1997 - Jan 3 2009,105th-110th,2 terms (elected 1996;2002),1991-1997,102nd-104th,3,CO-4,457,N/A - not digitized/available,Senate record: en.wikipedia.org/wiki/Wayne_Allard || House record: en.wikipedia.org/wiki/Wayne_Allard
A000121,George Allen,Virginia,Senate+House,Virginia House of Delegates,1983-1991,4 terms (2-yr terms),2001-2007,107th-109th,1 term (elected 2000; lost re-election 2006),1991-1993,102nd,1,VA-7,212,N/A - not digitized/available,Senate record: Wikipedia: George Allen (American politician) page || House record: Verified live via https://en.wikipedia.org/wiki/George_Allen_(American_politician); later Governor of Virginia and US Senator (excluded from House-only project)
A000189,Glenn M. Anderson,California,House,CA State Assembly (46th district),1943-1951,2 terms,,,,1969-1993,91st-102nd,12 terms,Southern LA County district (renumbered),520,N/A,House record: Wikipedia: Glenn M. Anderson; also Lt. Governor of CA (statewide office; not counted)
A000207,Ike Andrews,North Carolina,House,North Carolina Senate; North Carolina House of Representatives,1959-1971,not independently term-counted this pass; see StateLegYears for span,,,,1973-1985,93rd-98th,6 term(s),NC-4,,N/A - not digitized/available (LegiScan match not yet attempted for this person),"House record: Wikipedia: NC Senate 1959, NC House 1961/1967/1969/1971, then US House 1973-1985 (added via 2026-09 population completeness check; BioguideId A000207)"
A000211,Tom Andrews,Maine,House,Maine House of Representatives; Maine Senate,1983-1985 (House); 1985-1990 (Senate),1 term House; ~2-3 terms Senate,,,,1991-1995,102nd-103rd,2 terms,1,17,N/A,House record: Source: en.wikipedia.org/wiki/Tom_Andrews_(American_politician)
A000214,Douglas Applegate,Ohio,House,Ohio House of Representatives 1961-1968; Ohio State Senate 1969-1974,1961-1974,House ~4 terms + Senate ~3 terms,,,,1977-1995,95th-103rd,9,18th,192,N/A,"House record: Live-verified via https://en.wikipedia.org/wiki/Douglas_Applegate; MAJOR CORRECTION: draft said ""Ohio House 1959-1977"" as one continuous stint totaling 9 terms -- actually incorrect on both ends and the chamber: verified sequence is Ohio HOUSE 1961-1968, then Ohio STATE SENATE 1969-1974(ish), then a gap, then elected to US House in 1977 (95th-103rd Congress, 9 terms, confirmed matches draft's House figures)."
A000215,Bill Archer,Texas,House,Texas House of Representatives,1967-1971,2 terms,,,,1971-2001,92nd-106th Congress,15 terms,7,384,N/A,House record: Verified via en.wikipedia.org/wiki/Bill_Archer; switched from Democrat to Republican in TX House in Dec 1967; chaired Ways and Means Committee
A000219,William L. Armstrong,Colorado,Senate,Colorado House of Representatives; Colorado State Senate (President),House 1963-1964 (1 term); Senate 1964-1972,1 term (House); 2 terms (Senate; 4-yr each),Jan 3 1979 - Jan 3 1991,96th-101st,2 terms (elected 1978;1984),,,,,483,N/A - not digitized/available,Senate record: en.wikipedia.org/wiki/William_L._Armstrong
A000226,Chester Atkins,Massachusetts,House,Massachusetts House of Representatives (1970-1971); Massachusetts Senate (1972-1984),1970-1984,1 term House; ~6 terms Senate,,,,1985-1993,99th-102nd,4,MA-5,44,N/A,House record: en.wikipedia.org/wiki/Chester_G._Atkins
A000337,Les AuCoin,Oregon,House,OR House,1971-1974,2 terms,,,,1975-1993,94th-102nd,9,OR-1,213,N/A,House record: Live-verified via https://en.wikipedia.org/wiki/Les_AuCoin; draft figures confirmed unchanged.
A000358,W. Akin,Missouri,House,Missouri House of Representatives,1989-2001,not independently term-counted this pass; see StateLegYears for span,,,,2001-2013,107th-112th,6 term(s),MO-2,,N/A - not digitized/available (LegiScan match not yet attempted for this person),"House record: Todd Akin served in the Missouri House of Representatives from 1989 to 2001 before entering Congress in 2001 (Wikipedia). (commonly known as W. Todd Akin) (added via 2026-09 population completeness check, weaker last-name-only tier; BioguideId A000358)"
A000361,Rodney Alexander,Louisiana,House,Louisiana House of Representatives (13th district; chaired Health and Welfare Committee),1988-2002,~4,,,,2003-2013,108th-113th,5,5th,46,N/A,House record: Elected as Democrat in 2002; switched to Republican August 2004; resigned September 2013 for state cabinet post. Source: en.wikipedia.org/wiki/Rodney_Alexander
A000364,John Adler,New Jersey,House,New Jersey State Senate (6th legislative district),1992-2009,~4-5,,,,2009-2011,111th,1,3rd,26,N/A,House record: Wikipedia: en.wikipedia.org/wiki/John_Adler
A000365,Steve Austria,Ohio,House,Ohio House of Representatives 1999-2000 (76th district); Ohio State Senate 2001-2008 (10th district),1999-2008,1 House term + 2 Senate terms,,,,2009-2013,111th-112th,2,7th,7,"49 (LOWER BOUND: LegiScan-sourced state bill sponsorships since its coverage begins for OH; this person's state legislative service started before that window, see legiscan_coverage_gap_analysis.csv)","House record: Live-verified via https://en.wikipedia.org/wiki/Steve_Austria; RESOLVED prior flag: confirmed chamber split is Ohio HOUSE Jan 1999-Dec 2000 (1 term) then Ohio STATE SENATE Jan 2001-Dec 2008 (2 terms, served as Senate Majority Whip); US House data confirmed exact."
A000366,Sandy Adams,Florida,House,Florida House of Representatives,2002-2010,4 terms,,,,2011-2013,112th,1,24th,8,"57 (LOWER BOUND: LegiScan-sourced state bill sponsorships since its coverage begins for FL; this person's state legislative service started before that window, see legiscan_coverage_gap_analysis.csv)",House record: en.wikipedia.org/wiki/Sandy_Adams
A000367,Justin Amash,Michigan,House,Michigan House of Representatives,2009-2011,1 term,,,,2011-2021,112th-116th,5,MI-3,74,"154 (state bill sponsorships, primary/sponsor only, via LegiScan)",House record: en.wikipedia.org/wiki/Justin_Amash; left Republican Party 2019; briefly Libertarian
A000369,Mark Amodei,Nevada,House,Nevada Assembly (40th district) 1997-1999; Nevada State Senate (17th district) 1999-2011,1997-2011,~7 (1 Assembly term + Senate terms),,,,September 2011 (special)-present,112th-119th,8,2nd,107,"38 (LOWER BOUND: LegiScan-sourced state bill sponsorships since its coverage begins for NV; this person's state legislative service started before that window, see legiscan_coverage_gap_analysis.csv)",House record: Wikipedia: en.wikipedia.org/wiki/Mark_Amodei
A000370,Alma Adams,North Carolina,House,NC House,1994-2014,10 terms (appointed Apr 1994 to fill vacancy; elected to full terms thereafter),,,,2014-present,113th-119th,6,NC-12,184,"240 (LOWER BOUND: LegiScan-sourced state bill sponsorships since its coverage begins for NC; this person's state legislative service started before that window, see legiscan_coverage_gap_analysis.csv)","House record: Live-verified via https://en.wikipedia.org/wiki/Alma_Adams; draft figures confirmed unchanged. Note: 6 terms reflects 6 election wins (2014 special + 2016/18/20/22/24), spanning 7 numbered Congresses (113th-119th) since the 2014 win only completed the tail of the 113th."
A000373,Brad Ashford,Nebraska,House,Nebraska Legislature (unicameral),1987-1995; 2007-2015,~4 (two non-consecutive periods; unicameral 4-yr terms),,,,2015-2017,114th,1,2nd,11,"78 (LOWER BOUND: LegiScan-sourced state bill sponsorships since its coverage begins for NE; this person's state legislative service started before that window, see legiscan_coverage_gap_analysis.csv)",House record: Lost 2016 to Don Bacon; died 2022. Source: en.wikipedia.org/wiki/Brad_Ashford
A000377,Kelly Armstrong,North Dakota,House,North Dakota State Senate (District 36),2012-2018,~2 terms; chaired Senate Judiciary Cmte (2017),,,,2019-2024,116th-118th,3,At-Large,43,"82 (state bill sponsorships, primary/sponsor only, via LegiScan)",House record: Verified this session via ballotpedia.org. Resigned House seat Dec 14 2024 to become ND Governor.
B000013,Spencer Bachus,Alabama,House,Alabama Senate (1982-1983); Alabama House of Representatives (1983-1986),1982-1986,partial term Senate; 1 term House,,,,1993-2015,103rd-113th,11,AL-6,124,N/A,House record: en.wikipedia.org/wiki/Spencer_Bachus
B000024,Robert Badham,California,House,CA State Assembly,1963-1976,7 terms,,,,1977-1989,95th-100th,6 terms,CD40,44,N/A,House record: Wikipedia: Robert Badham; House overlaps window Jan 1979-Jan 1989
B000029,Skip Bafalis,Florida,House,Florida House of Representatives; Florida Senate (33rd district),1964-1966; 1966-1970,1 term; 2 terms,,,,1973-1983,93rd-97th,5,10th,95,N/A,House record: en.wikipedia.org/wiki/Skip_Bafalis
B000047,Wendell Bailey,Missouri,House,Missouri House of Representatives,1973-1981,4,,,,1981-1983,97th,1,8th,6,N/A,House record: Republican; district eliminated after 1980 census; later MO State Treasurer (statewide; not counted). Source: en.wikipedia.org/wiki/Wendell_Bailey
B000072,Richard Baker,Louisiana,House,Louisiana House of Representatives (East Baton Rouge Parish),1972-1987,8,,,,1987-2008,100th-110th,~11,6th,180,N/A,House record: Resigned February 2008; chaired House Financial Services Capital Markets Subcommittee. Source: en.wikipedia.org/wiki/Richard_Baker_(American_politician)
B000078,Bill Baker,California,House,CA State Assembly (10th then 15th district),1980-1992,6 terms,,,,1993-1997,103rd-104th,2 terms,CD10,23,N/A,House record: Wikipedia: Bill Baker (politician); lost re-election 1996 to Ellen Tauscher
B000081,John Baldacci,Maine,House,Maine Senate,1982-1994 (Bangor-area district),~6 terms (2-yr terms; source describes as 12 years/3 re-elections - see discrepancy note),,,,1995-2003,104th-107th,4 terms,2,44,N/A,House record: Later elected Governor of Maine 2003-2011 (not counted here); Source: en.wikipedia.org/wiki/John_Baldacci
B000083,Alvin Baldus,Wisconsin,House,Wisconsin State Assembly,1967-1975;1989-1997,not independently term-counted this pass; see StateLegYears for span,,,,1975-1981,94th-96th,3 term(s),WI-3,,N/A - not digitized/available (LegiScan match not yet attempted for this person),House record: Wikipedia: WI State Assembly 1967-1975 (before Congress) and 1989-1997 (after Congress) (added via 2026-09 population completeness check; BioguideId B000083)
B000104,Cass Ballenger,North Carolina,House,NC House 1975-1977; NC Senate 1977-1986,1975-1986,1 House term + Senate service across 23rd district (1977-1983) and 26th district (1983-1986) -- ~4 Senate terms; 5 total terms,,,,1986-2005,99th-108th,10,NC-10,91,N/A,"House record: Live-verified via https://en.wikipedia.org/wiki/Cass_Ballenger and https://history.house.gov/People/Detail/8908. CORRECTED (substantial): draft mentioned only NC House 'approx 1975-1978, 2 terms' and omitted his subsequent NC Senate service entirely (1977-1986, two districts). US House entered via Nov 4 1986 special election; congress count 99th-108th (10) confirmed."
B000134,James Barcia,Michigan,House,Michigan House of Representatives (1977-1983); Michigan Senate (1983-1993; returned 2003-2011 after Congress),1977-1993 (first stint); 2003-2011 (second stint),3 terms House; ~5 terms Senate (non-consecutive),,,,1993-2003,103rd-107th,5,MI-5,38,"385 (LOWER BOUND: LegiScan-sourced state bill sponsorships since its coverage begins for MI; this person's state legislative service started before that window, see legiscan_coverage_gap_analysis.csv)",House record: en.wikipedia.org/wiki/James_Barcia
B000177,Thomas Barrett,Wisconsin,House,Wisconsin State Assembly; Wisconsin Senate,1984-1993,not independently term-counted this pass; see StateLegYears for span,,,,1993-2003,103rd-107th,5 term(s),WI-5,,N/A - not digitized/available (LegiScan match not yet attempted for this person),"House record: Wikipedia: WI Assembly 1984-1989, WI Senate 1989-1993, then US House starting 1993 (same person). (added via 2026-09 population completeness check; BioguideId B000177)"
B000179,Bill Barrett,Nebraska,House,Nebraska Legislature (unicameral),1979-1991,3 (Speaker 1987-1991),,,,1991-2001,102nd-106th,5,3rd,42,N/A,House record: Republican; helped write 1996 Freedom to Farm Act. Source: en.wikipedia.org/wiki/Bill_Barrett
B000220,Charles Bass,New Hampshire,House,New Hampshire House of Representatives (1982-1988); New Hampshire Senate (1989-1993),1982-1993,~3 House terms + 2 Senate terms,,,,1995-2007; 2011-2013,104th-109th; 112th,7 (6+1; non-consecutive),2nd,80,N/A,House record: Republican; lost 2006 to Hodes; regained 2010; lost again 2012 to Kuster. Source: en.wikipedia.org/wiki/Charles_Bass
B000229,Herbert H. Bateman,Virginia,House,Senate of Virginia,1968-1982 (14 years; representing Newport News),"~3 (source states ""2 terms"" but 14yrs/4yr terms is closer to 3;5; flagged discrepancy)",,,,1983-2000 (died in office),98th-106th,9,VA-1,87,N/A,House record: Verified live via https://en.wikipedia.org/wiki/Herbert_H._Bateman
B000243,Max Baucus,Montana,Senate,Montana House of Representatives,1973-1975,1,Dec 15 1978 - Feb 6 2014,95th-113th Congress,Appointed Dec 1978; elected to full terms 1978(term starting 1979); 1984; 1990; 1996; 2002; 2008 (6 elected terms),,,,,1832,N/A - not digitized/available,Senate record: Source: en.wikipedia.org/wiki/Max_Baucus
B000244,Robert Bauman,Maryland,House,Maryland Senate (15th district),1971-1973,1 (partial term),,,,1973-1981,93rd-96th,4,1st,61,N/A,House record: Lost re-election in 1980 amid personal scandal. Source: en.wikipedia.org/wiki/Robert_Bauman
B000254,Birch Bayh,Indiana,Senate,Indiana House of Representatives (Speaker 1958-1960),1954-1962,4 terms (2-yr each),Jan 3 1963 - Jan 3 1981,88th-96th,3 terms (elected 1962;1968;1974; lost 1980),,,,,,N/A - not digitized/available,Senate record: en.wikipedia.org/wiki/Birch_Bayh -- CORRECTED 2026-10-06: BioguideId was wrongly B001233 (his son Evan Bayh); correct ID is B000254. Federal sponsored-legislation data must be re-fetched.
B000279,Edward Beard,Rhode Island,House,RI House of Representatives (30th district),1973-1975,1 term,,,,1975-1981 (only 1979-1981 portion falls within this project's 1979-present window),94th-96th (only 96th falls in-window),3 total (only final partial/96th term in-window),2nd,99,N/A,"House record: Live-verified via https://en.wikipedia.org/wiki/Edward_Beard; ADDED via spot-check -- NOT in original draft list. FLAG FOR COMPILER: his full US House tenure was 1975-1981 (94th-96th Congress); only the last portion (Jan 1979-Jan 1981, within the 96th Congress) falls inside this project's 1979-present window, so this is a borderline edge case -- include or exclude per the master compiler's window-boundary convention (see also Buz Lukens' excluded pre-window first stint for comparison)."
B000287,Xavier Becerra,California,House,CA State Assembly (59th district),1990-1992,1 term,,,,1993-2017 (resigned to become CA Attorney General),103rd-114th,12 terms,CD30 (1993-2001); CD31 (2001-2013); CD34 (2013-2017),130,N/A,House record: Wikipedia: Xavier Becerra; later CA Attorney General & US HHS Secretary (statewide/federal exec; not counted)
B000318,Anthony Beilenson,California,House,CA State Assembly (59th district); CA State Senate (26th/22nd district),Assembly 1963-1967; Senate 1967-1977,Assembly 1 term; Senate ~5 terms,,,,1977-1997,95th-104th,10 terms,CD23 (1977-93); CD24 (1993-97),279,N/A,House record: Wikipedia: Anthony Beilenson
B000363,Adam Benjamin Jr.,Indiana,House,Indiana House of Representatives; Indiana Senate,1967-1971; 1971-1977,2; 2,,,,1977-1982 (died in office),95th-97th,3,IN-1,38,N/A,House record: Died in office Sept 7 1982 while seeking 4th term; en.wikipedia.org/wiki/Adam_Benjamin_Jr.
B000371,Charles Edward Bennett,Florida,House,Florida state legislature (brief; resigned 1942 to join US Army),1941-1942,partial/1 term,,,,1949-1993,81st-102nd,22,2nd; 3rd,757,N/A,House record: en.wikipedia.org/wiki/Charles_Edward_Bennett
B000403,Doug Bereuter,Nebraska,House,Nebraska Legislature (unicameral),1975-1979,1,,,,1979-2004,96th-108th,13,1st,353,N/A,House record: Longest House tenure of any Nebraska congressman (26 yrs). Source: en.wikipedia.org/wiki/Doug_Bereuter
B000410,Howard Berman,California,House,CA State Assembly (57th then 43rd district),1973-1982,~5 terms,,,,1983-2013,98th-112th,15 terms,CD26 (1983-2003); CD28 (2003-2013),221,N/A,House record: Wikipedia: Howard Berman
B000431,Tom Bevill,Alabama,House,Alabama Legislature (chamber not fully specified in Wikipedia; election records suggest Alabama Senate),1958-1966,~2 terms,,,,1967-1997,90th-104th,15,AL-4 (1967-1973); AL-7 (1973-1997; renumbered),101,N/A,House record: en.wikipedia.org/wiki/Tom_Bevill
B000462,James Bilbray,Nevada,House,Nevada State Senate,1981-1987,~1.5 (4-year terms; resigned to run for US House),,,,1987-1995,100th-103rd,4,1st,39,N/A,House record: Wikipedia: en.wikipedia.org/wiki/James_Bilbray; chaired Senate Taxation Committee
B000490,Sanford Bishop,Georgia,House,Georgia House of Representatives; Georgia State Senate,1977-1991; 1991-1993,~7 terms; 1 term,,,,1993-present,103rd-119th,17,2nd,144,N/A,House record: en.wikipedia.org/wiki/Sanford_Bishop
B000517,Lucien Blackwell,Pennsylvania,House,Pennsylvania House of Representatives,1973-1975,not independently term-counted this pass; see StateLegYears for span,,,,1991-1995,102nd-103rd,2 term(s),PA-2,,N/A - not digitized/available (LegiScan match not yet attempted for this person),"House record: Wikipedia: PA House 188th district 1973-1975, then Phila. City Council 1976-1991, then US House 1991-1995 (added via 2026-09 population completeness check; BioguideId B000517)"
B000518,Rod Blagojevich,Illinois,House,Illinois House of Representatives,1993-1997 (district 33),2 terms,,,,1997-2003,105th-107th,3 terms,5,46,N/A,House record: Later Governor of Illinois 2003-2009 (not counted here); Source: en.wikipedia.org/wiki/Rod_Blagojevich
B000574,Earl Blumenauer,Oregon,House,OR House,1973-1979,3 terms,,,,1996-2025,104th-118th,15,OR-3,500,N/A,"House record: Live-verified via https://en.wikipedia.org/wiki/Earl_Blumenauer. CORRECTED: OR House end year 1979 (draft said 1978). House term count 15 confirmed via Congress count (104th-118th inclusive); did not seek reelection in 2024, so NOT serving in 119th Congress."
B000576,Peter Blute,Massachusetts,House,Massachusetts House of Representatives,1987-1993,1 term (3 two-year sessions),,,,1993-1997,103rd-104th,2,MA-3,26,N/A,House record: en.wikipedia.org/wiki/Peter_Blute
B000589,John Boehner,Ohio,House,Ohio House of Representatives (57th district),1985-1990 (Jan 3 1985 - Dec 31 1990),3 terms,,,,1991-2015,102nd-114th (partial),12 full terms + partial 114th,8th,158,N/A,"House record: Live-verified via https://en.wikipedia.org/wiki/John_Boehner; CORRECTED House end: he resigned Oct 31 2015 during the 114th Congress (not simply ""through 113th"" as draft implied) -- so Congresses served are 102nd through 114th (114th partial); 12 full terms plus a partial 13th."
B000600,Edward Boland,Massachusetts,House,Massachusetts House of Representatives,1935-1941,3 terms,,,,1953-1989,83rd-100th,18,MA-2,190,N/A,House record: en.wikipedia.org/wiki/Edward_Boland; only 96th-100th Congress (1979-1989) overlaps study window
B000615,William Boner,Tennessee,House,Tennessee House of Representatives; Tennessee Senate,1971-1979,not independently term-counted this pass; see StateLegYears for span,,,,1979-1987,96th-100th,5 term(s),TN-5,,N/A - not digitized/available (LegiScan match not yet attempted for this person),"House record: Bill Boner served in the TN House (1971-1973, 1975-1977) and TN Senate (1977-1979) before his 1979 election to Congress (Wikipedia). (added via 2026-09 population completeness check, weaker last-name-only tier; BioguideId B000615)"
B000619,David Bonior,Michigan,House,Michigan House of Representatives,1973-1976,not independently term-counted this pass; see StateLegYears for span,,,,1977-2003,95th-107th,13 term(s),MI-10,,N/A - not digitized/available (LegiScan match not yet attempted for this person),"House record: Wikipedia: Michigan House of Representatives 1973-1976, then US House starting January 1977. (added via 2026-09 population completeness check; BioguideId B000619)"
B000639,David Boren,Oklahoma,Senate,Oklahoma House of Representatives,1967-1974,4 terms,1979-1994,96th-103rd,3 terms (elected 1978; 1984; 1990; resigned Nov 1994),,,,,350,N/A - not digitized/available,Senate record: Wikipedia: David Boren page
B000644,Robert Borski,Pennsylvania,House,Pennsylvania House of Representatives,1977-1982,not independently term-counted this pass; see StateLegYears for span,,,,1983-2003,98th-107th,10 term(s),PA-3,,N/A - not digitized/available (LegiScan match not yet attempted for this person),"House record: Wikipedia: Pennsylvania House of Representatives 175th district 1977-1982, then US House starting 1983. (added via 2026-09 population completeness check; BioguideId B000644)"
B000648,Douglas Bosco,California,House,California State Assembly,1978-1982,not independently term-counted this pass; see StateLegYears for span,,,,1983-1991,98th-101st,4 term(s),CA-1,,N/A - not digitized/available (LegiScan match not yet attempted for this person),"House record: Wikipedia: CA State Assembly 2nd district Dec 1978-Dec 1982, then US House starting 1983 (added via 2026-09 population completeness check; BioguideId B000648)"
B000652,Leonard Boswell,Iowa,House,Iowa Senate,1985-1997,3,,,,1997-2013,105th-112th,8,IA-3,106,N/A,House record: IA Senate President 1993-1996; en.wikipedia.org/wiki/Leonard_Boswell
B000657,Rick Boucher,Virginia,House,Senate of Virginia,1975-1982 (7 years),2,,,,1983-2011,98th-111th,14,VA-9,172,N/A,House record: Verified live via https://en.wikipedia.org/wiki/Rick_Boucher
B000668,Cliff Bentz,Oregon,House,OR House 2008-2018; OR Senate 2018-2020,2008-2020,5 House terms + 1 Senate term,,,,2021-present,117th-119th,3,OR-2,31,"268 (LOWER BOUND: LegiScan-sourced state bill sponsorships since its coverage begins for OR; this person's state legislative service started before that window, see legiscan_coverage_gap_analysis.csv)","House record: Live-verified via https://en.wikipedia.org/wiki/Cliff_Bentz. CORRECTED: OR House years 2008-2018 (draft said 2009-19), OR Senate 2018-2020 (draft said 2019-21) -- draft was off by one year on both chambers."
B000716,Allen Boyd,Florida,House,Florida House of Representatives (10th; then 11th district),1989-1996,2 terms (spanning multiple 2-yr cycles),,,,1997-2011,105th-111th,7,2nd,33,N/A,House record: en.wikipedia.org/wiki/Allen_Boyd
B000740,Stephanie Bice,Oklahoma,House,Oklahoma Senate,2014-2020 (22nd district),2,,,,2021-present,117th-119th,3,5,84,"364 (state bill sponsorships, primary/sponsor only, via LegiScan)",House record: Verified via en.wikipedia.org/wiki/Stephanie_Bice (live fetch); succeeded Kendra Horn.
B000755,Kevin Brady,Texas,House,Texas House of Representatives,1991-1997,3 terms (district 15),,,,1997-2022,105th-117th Congress,13 terms,8,213,N/A,House record: Verified via en.wikipedia.org/wiki/Kevin_Brady; chaired House Ways and Means Committee; succeeded Jack Fields (who did not serve in TX legislature)
B000798,Joseph E. Brennan,Maine,House,Maine House of Representatives; Maine Senate,1965-1971 (House; Portland district); 1973-1975 (Senate; 10th district),3 terms House; 1 term Senate,,,,1987-1991,100th-101st,2 terms,1,18,N/A,House record: Previously Governor of Maine 1979-1987 between state leg and US House; Source: en.wikipedia.org/wiki/Joseph_E._Brennan
B000817,Bill Brewster,Oklahoma,House,Oklahoma House of Representatives,1982-1990,4,,,,1991-1997,102nd-104th,3,3,23,N/A,House record: Verified via nondoc.com obituary (live fetch; Wikipedia page repeatedly failed to load due to proxy outage).
B000839,Jack Brinkley,Georgia,House,Georgia House of Representatives,1965-1966,1 term,,,,1967-1983,90th-97th,8,3rd,265,N/A,House record: en.wikipedia.org/wiki/Jack_Brinkley
B000862,William Brodhead,Michigan,House,Michigan House of Representatives,1971-1975,not independently term-counted this pass; see StateLegYears for span,,,,1975-1983,94th-97th,4 term(s),MI-17,,N/A - not digitized/available (LegiScan match not yet attempted for this person),"House record: Wikipedia: MI House (17th then 2nd district) 1971-1975, then US House starting 1975 (added via 2026-09 population completeness check; BioguideId B000862)"
B000880,Jack Brooks,Texas,House,Texas House of Representatives,1947-1951,2 terms (district 16-1),,,,1953-1995,83rd-103rd Congress,21 terms,2 (1953-1967); 9 (1967-1995),390,N/A,House record: Verified via en.wikipedia.org/wiki/Jack_Brooks_(American_politician); same continuous seat renumbered from TX-2 to TX-9 in 1966 redistricting; chaired House Judiciary Committee
B000890,William Broomfield,Michigan,House,Michigan House of Representatives (1949-1954); Michigan Senate (1955-1956),1949-1956,3 terms House; 1 term Senate,,,,1957-1993,85th-102nd,18,MI-18 (1957-1973; 1983-1993); MI-19 (1973-1983),291,N/A,House record: en.wikipedia.org/wiki/William_S._Broomfield; only 96th-102nd Congress (1979-1993) overlaps study window
B000897,Glen Browder,Alabama,House,Alabama House of Representatives,1983-1986,1 term,,,,1989-1997 (special election April 1989),101st-104th,4,AL-3,19,N/A,House record: en.wikipedia.org/wiki/Glen_Browder
B000911,Corrine Brown,Florida,House,Florida House of Representatives (17th district),1982-1992,5 terms,,,,1993-2017,103rd-114th,12,3rd; 5th,115,N/A,House record: en.wikipedia.org/wiki/Corrine_Brown
B000918,George E. Brown Jr.,California,House,CA State Assembly,1959-1963,2 terms,,,,1963-1971; 1973-1999 (non-consecutive; died in office),88th-90th; 93rd-106th,~13 terms in 2nd House stint,CD38 (post-1972 redistricting),430,N/A,House record: Wikipedia: George E. Brown Jr.; House overlaps window continuously Jan 1979-Jul 1999
B000919,Hank Brown,Colorado,Senate+House,Colorado State Senate,1972-1976,1 term (4-yr),Jan 3 1991 - Jan 3 1997,102nd-104th,1 term (elected 1990; did not seek reelection 1996),1981-1991 (then elected to US Senate),97th-101st,5,CO-4,487,N/A - not digitized/available,Senate record: en.wikipedia.org/wiki/Hank_Brown || House record: en.wikipedia.org/wiki/Hank_Brown
B000944,Sherrod Brown,Ohio,Senate+House,Ohio House of Representatives,1975-1983 (elected 1974-1980),~4 terms (2-yr terms),2007-2025,110th-118th,3 terms (elected 2006; 2012; 2018),1993-2007,103rd-109th,7,13th,1463,N/A - not digitized/available,"Senate record: Wikipedia: Sherrod Brown page || House record: Live-verified via https://en.wikipedia.org/wiki/Sherrod_Brown; state leg years confirmed as 1975-1983 (draft's ""1975-1983"" matches; note draft also said ""c.1975"" alternately reported as 1974-1982 in some sources -- infobox precise dates are Jan 3 1975 - Jan 3 1983); US House data confirmed exact. Later elected US Senate 2007, still serving."
B000971,Terry L. Bruce,Illinois,House,Illinois Senate,1971-1984 (districts 55 then 54; Asst. Majority Leader 1975-1984),~7 terms,,,,1985-1993,99th-102nd,4 terms,19,49,N/A,House record: Source: en.wikipedia.org/wiki/Terry_L._Bruce
B000993,Richard Bryan,Nevada,Senate,Nevada Senate,1972-1978,2 (approx.; 6 years),Jan 3 1989 - Jan 3 2001,101st-106th Congress,2 (elected 1988; 1994),,,,,455,N/A - not digitized/available,Senate record: Source: en.wikipedia.org/wiki/Richard_Bryan
B000997,John Bryant,Texas,House,Texas House of Representatives,1974-1983; 2023-present (2nd stint),5 terms (1974-83) plus current term(s) since 2023,,,,1983-1997,98th-104th Congress,7 terms,5,134,"88 (LOWER BOUND: LegiScan-sourced state bill sponsorships since its coverage begins for TX; this person's state legislative service started before that window, see legiscan_coverage_gap_analysis.csv)",House record: Verified via en.wikipedia.org/wiki/John_Bryant_(Texas_politician); unusual case - returned to TX House in 2023 after US House career; TX House district 33-L then 114
B001036,Jack Buechner,Missouri,House,Missouri House of Representatives,1972-1982,~5,,,,1987-1991,100th-101st,2,2nd,44,N/A,House record: Republican; lost 1990 to Joan Kelly Horn by 54 votes. Source: en.wikipedia.org/wiki/Jack_Buechner
B001063,Jim Bunn,Oregon,House,Oregon Senate,1987-1994,not independently term-counted this pass; see StateLegYears for span,,,,1995-1997,104th,1 term(s),OR-5,,N/A - not digitized/available (LegiScan match not yet attempted for this person),"House record: Wikipedia: Oregon State Senate 15th district 1987 until election to Congress in 1994; note brothers Stan and Tom Bunn also served in Oregon legislature, but this is Jim Bunn's own service. (added via 2026-09 population completeness check; BioguideId B001063)"
B001066,Jim Bunning,Kentucky,Senate+House,Kentucky State Senate,1980-1984,2 terms (2-yr each),Jan 3 1999 - Jan 3 2011,106th-111th,2 terms (elected 1998;2004),1987-1999,100th-105th,6,KY-4,323,N/A - not digitized/available,Senate record: en.wikipedia.org/wiki/Jim_Bunning || House record: Later US Senator 1999-2011 (not counted here); MLB Hall of Famer; en.wikipedia.org/wiki/Jim_Bunning
B001080,Clair Burgener,California,House,CA State Assembly (76th district); CA State Senate (38th district),Assembly 1963-1967; Senate 1967-1973,Assembly 1 term; Senate ~3 terms,,,,1973-1983,93rd-97th,5 terms,CD42/CD43 (renumbered),82,N/A,House record: Wikipedia: Clair Burgener; House overlaps window only Jan 1979-Jan 1983
B001149,Dan Burton,Indiana,House,Indiana House of Representatives (dist. 26 1966-1968; dist. 44 1976-1980); Indiana Senate (dist. 19 1968-1970; dist. 31 1980-1982),1966-1968; 1976-1980; 1968-1970; 1980-1982,3 (House total); 2 (Senate total),,,,1983-2013,98th-112th,15,IN-6 (1983-2003); IN-5 (2003-2013),470,N/A,House record: en.wikipedia.org/wiki/Dan_Burton
B001153,John Burton,California,House,CA State Assembly (1965-1974; 1988-1996); CA State Senate (1996-2004),Assembly 1965-1974 & 1988-1996; Senate 1996-2004,Assembly ~5 terms (non-consecutive); Senate 1 term (term-limited),,,,1974-1983,93rd-97th,~5 terms,CD5 (SF-based),171,N/A,House record: Wikipedia: John L. Burton; House overlaps window Jan 1979-Jan 1983 only; later CA Senate President pro tem
B001156,Phillip Burton,California,House,CA State Assembly,1957-1964,2 terms,,,,1964-1983 (died in office),88th-98th,~10 terms,CD5,468,N/A,House record: Wikipedia: Phillip Burton; House service overlaps window Jan 1979-Apr 1983 only
B001182,M. Caldwell Butler,Virginia,House,Virginia House of Delegates,1962-1972 (Minority Leader 1966-1972),5,,,,1972-1983,93rd-97th,5,VA-6,56,N/A,House record: Verified live via https://en.wikipedia.org/wiki/M._Caldwell_Butler
B001209,Harry F. Byrd Jr.,Virginia,Senate,Virginia Senate,1948-1965,~4 terms (4-yr VA Senate terms),1965-1983,89th-97th,appointed 1965; elected 3 times (special election 1966; re-elected 1970 and 1976 as independent),,,,,52,N/A - not digitized/available,Senate record: Wikipedia: Harry F. Byrd Jr. page
B001210,Robert Byrd,West Virginia,Senate,West Virginia House of Delegates; West Virginia Senate,1947-1950 (House); 1950-1952 (Senate),2 terms House; 1 term Senate,1959-2010,86th-111th,9 terms elected (won 9 consecutive full terms; never lost an election),,,,,1501,N/A - not digitized/available,Senate record: Wikipedia: Robert Byrd page
B001213,Leslie Byrne,Virginia,House,Virginia House of Delegates (1985-1991); Senate of Virginia (1999-2004; after her House service),VA House ~6 years (1985-1991); VA Senate 1999-2004 (1 term),4 combined,,,,1993-1995,103rd,1,VA-11,52,N/A,House record: Verified live via https://en.wikipedia.org/wiki/Leslie_Byrne; unusual case - returned to state Senate after losing US House seat
B001226,Peter Barca,Wisconsin,House,Wisconsin State Assembly,1985-1993 (dist 64); 2009-2019 (dist 64; resigned Jan 2019),9 combined (per WP bio),,,,1993-1995,103rd,1 (won special election May 1993; lost reelection 1994 to Mark Neumann),WI-1,11,"491 (LOWER BOUND: LegiScan-sourced state bill sponsorships since its coverage begins for WI; this person's state legislative service started before that window, see legiscan_coverage_gap_analysis.csv)",House record: Verified live via https://en.wikipedia.org/wiki/Peter_Barca
B001230,Tammy Baldwin,Wisconsin,Senate+House,Wisconsin State Assembly,1993-1999,3 terms,2013-present,113th-119th,3 terms (elected 2012;2018;2024),1999-2013,106th-112th,7 (elected 1998;2000;02;04;06;08;10),WI-2,756,N/A - not digitized/available,Senate record: Wikipedia: Tammy Baldwin page || House record: Verified live via https://en.wikipedia.org/wiki/Tammy_Baldwin; later elected US Senator (2013-present) - Senate service excluded from this House-only project
B001231,Shelley Berkley,Nevada,House,Nevada Assembly,1982-1984,1,,,,1999-2013,106th-112th,7,1st,117,N/A,House record: Wikipedia: en.wikipedia.org/wiki/Shelley_Berkley
B001232,Judy Biggert,Illinois,House,Illinois House of Representatives,1993-1999 (district 81),3 terms,,,,1999-2013,106th-112th,7 terms,13,176,N/A,House record: Source: en.wikipedia.org/wiki/Judy_Biggert
B001234,Joe Baca,California,House,CA State Assembly; CA State Senate,Assembly 1992-1998; Senate 1998-1999,Assembly ~3 terms; Senate ~1 partial term,,,,1999-2013,106th-112th,7 terms,CD42 (1999-2002); CD43 (2002-2012); CD35 (2012-2013),219,N/A,House record: Wikipedia: Joe Baca
B001235,Henry Brown,South Carolina,House,South Carolina House of Representatives,1985-2001,not independently term-counted this pass; see StateLegYears for span,,,,2001-2011,107th-111th,5 term(s),SC-1,,N/A - not digitized/available (LegiScan match not yet attempted for this person),"House record: Wikipedia: SC House of Representatives (99th district) 1985-2001, then US House starting 2001. (added via 2026-09 population completeness check; BioguideId B001235)"
B001238,Frank Ballance,North Carolina,House,NC House 1983-1986; NC Senate 1989-2003 (non-continuous; gap 1987-1988),1983-2003,1 House term + ~7 Senate terms,,,,2003-2004,108th,1 (resigned June 8 2004 due to health/myasthenia gravis),NC-1,8,N/A,"House record: Live-verified via https://en.wikipedia.org/wiki/Frank_Ballance. CORRECTED (substantial): draft described only a continuous 'NC Senate 1983-2002' career; actual record is NC House 1983-1986 (1 term), a 1987-88 gap, then NC Senate 1989-2003 (~14 years, deputy president pro tempore 1997-2002). US House figures confirmed unchanged."
B001239,Gresham Barrett,South Carolina,House,South Carolina House of Representatives,1996-2002,3,,,,2003-2011,108th-111th,4,3,45,N/A,House record: Verified via en.wikipedia.org/wiki/Gresham_Barrett (live fetch); succeeded Lindsey Graham.
B001243,Marsha Blackburn,Tennessee,Senate+House,Tennessee Senate,1999-2003,2 terms (elected 1998;2000; 2-yr terms),2019-present,116th-119th,2 terms so far (elected 2018;2024),2003-2019,108th-115th,8 (elected 2002;04;06;08;10;12;14;16),TN-7,810,N/A - not digitized/available,Senate record: Wikipedia: Marsha Blackburn page || House record: Verified live via https://en.wikipedia.org/wiki/Marsha_Blackburn; later became US Senator (2019-present) but Senate service excluded from this House-only project
B001246,Jeb Bradley,New Hampshire,House,New Hampshire House of Representatives (1990-2002); New Hampshire Senate (2009-2024; after House service),1990-2002 (pre-Congress); 2009-2024 (post-Congress),6 House terms (pre-Congress) + 8 Senate terms (post-Congress; NH Senate President 2022-2024),,,,2003-2007,108th-109th,2,1st,43,"483 (LOWER BOUND: LegiScan-sourced state bill sponsorships since its coverage begins for NH; this person's state legislative service started before that window, see legiscan_coverage_gap_analysis.csv)",House record: Republican; also served in NH Senate after House tenure ended; including as Senate President. Source: en.wikipedia.org/wiki/Jeb_Bradley
B001247,Ginny Brown-Waite,Florida,House,Florida State Senate,1993-2003,3 terms,,,,2003-2011,108th-111th,4,5th,105,N/A,House record: en.wikipedia.org/wiki/Ginny_Brown-Waite
B001249,Max Burns,Georgia,House,Georgia State Senate (23rd district) - served AFTER House service,2021-present,ongoing,,,,2003-2005,108th,1,12th,18,"259 (state bill sponsorships, primary/sponsor only, via LegiScan)",House record: en.wikipedia.org/wiki/Max_Burns
B001250,Rob Bishop,Utah,House,Utah House of Representatives,1978-1994 (dist 61 1978-82; dist 2 1982-94; Speaker 1992-94),~8,,,,2003-2021,108th-116th,9 (elected 2002;04;06;08;10;12;14;16;18),UT-1,216,N/A,House record: Verified live via https://en.wikipedia.org/wiki/Rob_Bishop
B001254,Dan Boren,Oklahoma,House,Oklahoma House of Representatives,2002-2004 (28th district),1,,,,2005-2013,109th-112th,4,2,76,N/A,House record: Verified via en.wikipedia.org/wiki/Dan_Boren (live fetch); son of former Sen./Gov. David Boren; did not seek re-election in 2012.
B001256,Michele Bachmann,Minnesota,House,Minnesota Senate,2001-2007,2,,,,2007-2015,110th-113th,4,6th,67,N/A,House record: Republican; founded House Tea Party Caucus. Source: en.wikipedia.org/wiki/Michele_Bachmann
B001257,Gus Bilirakis,Florida,House,Florida House of Representatives (48th district),1998-2006,4 terms,,,,2007-present,110th-119th,~9,9th; 12th,301,N/A,House record: en.wikipedia.org/wiki/Gus_Bilirakis
B001261,John Barrasso,Wyoming,Senate,Wyoming State Senate,2003-2007,2 terms,2007-present,110th-119th,appointed 2007; elected 4 times (2008 special;2012;2018;2024),,,,,713,N/A - not digitized/available,Senate record: Wikipedia: John Barrasso page
B001263,John Boccieri,Ohio,House,Ohio House of Representatives 2001-2006 (61st district); Ohio State Senate 2007-2008 (33rd district),2001-2008,3 House terms + 1 Senate term,,,,2009-2011,111th,1,16th,13,"180 (LOWER BOUND: LegiScan-sourced state bill sponsorships since its coverage begins for OH; this person's state legislative service started before that window, see legiscan_coverage_gap_analysis.csv)","House record: Live-verified via https://en.wikipedia.org/wiki/John_Boccieri; MAJOR CORRECTION: draft said ""Ohio Senate 2003-2008, 2 terms"" only -- actual verified sequence is Ohio HOUSE Jan 2001-Dec 2006 (3 terms, 61st district) THEN Ohio STATE SENATE Jan 2007-Dec 2008 (1 term, 33rd district) before winning the US House seat in 2008 (took office Jan 2009, 111th Congress, 1 term, lost 2010 reelection). Note: after leaving Congress he was later appointed back to the Ohio House 2015-2018 (post-Congress, outside this table's scope) and is running for Ohio House again as of 2026 per local news."
B001268,Scott Brown,Massachusetts,Senate,Massachusetts House of Representatives (1998-2004); Massachusetts Senate (2004-2010),1998-2010,3 terms House; 3 terms Senate (won special election 2004; re-elected 2004 general; 2006; 2008),Feb 4 2010 - Jan 3 2013,111th-112th Congress,1 (won Jan 2010 special election only; lost 2012 re-election bid),,,,,93,"52 (LOWER BOUND: LegiScan-sourced state bill sponsorships since its coverage begins for MA; this person's state legislative service started before that window, see legiscan_coverage_gap_analysis.csv)",Senate record: Source: en.wikipedia.org/wiki/Scott_Brown_(American_politician)
B001270,Karen Bass,California,House,CA State Assembly (47th district; Speaker 2008-2010),2004-2010,3 terms,,,,2011-2023,112th-117th,6 terms,CD33 (2011-13); CD37 (2013-2023),167,"192 (LOWER BOUND: LegiScan-sourced state bill sponsorships since its coverage begins for CA; this person's state legislative service started before that window, see legiscan_coverage_gap_analysis.csv)",House record: Wikipedia: Karen Bass; left House 2023 to become LA Mayor
B001272,Rick Berg,North Dakota,House,North Dakota House of Representatives,1985-2010,~13 terms; Speaker (1993); Majority Leader (2003-2009),,,,2011-2013,112th,1,At-Large,7,"25 (LOWER BOUND: LegiScan-sourced state bill sponsorships since its coverage begins for ND; this person's state legislative service started before that window, see legiscan_coverage_gap_analysis.csv)",House record: Verified this session via grokipedia.com (Wikipedia-sourced). Lost 2012 US Senate race to Heitkamp after one House term.
B001273,Diane Black,Tennessee,House,Tennessee House of Representatives (1999-2005); Tennessee Senate (2005-2010),TN House dist 45 1999-2005 (3 terms); TN Senate dist 18 2005-2010 (~1 term/5.5 yrs),4 combined,,,,2011-2019,112th-115th,4 (elected 2010;2012;2014;2016),TN-6,114,"226 (LOWER BOUND: LegiScan-sourced state bill sponsorships since its coverage begins for TN; this person's state legislative service started before that window, see legiscan_coverage_gap_analysis.csv)",House record: Verified live via https://en.wikipedia.org/wiki/Diane_Black
B001274,Mo Brooks,Alabama,House,Alabama House of Representatives districts 18 (1982-1984) and 10 (1984-1992),1982-1992,5 terms,,,,2011-2023,112th-117th,6,AL-5,67,N/A,House record: en.wikipedia.org/wiki/Mo_Brooks
B001277,Richard Blumenthal,Connecticut,Senate,Connecticut House of Representatives; Connecticut State Senate,House 1984-1987; Senate 1987-1991,1 partial term (House); 1 term (Senate),Jan 3 2011 - present,112th-119th,3 terms (elected 2010;2016;2022),,,,,1155,N/A - not digitized/available,Senate record: en.wikipedia.org/wiki/Richard_Blumenthal
B001278,Suzanne Bonamici,Oregon,House,OR House 2007-08 (1 term); OR Senate 2008-2012 (~2 terms),2007-2012,1 House term + 2 Senate terms,,,,2012-present,112th-119th,8,OR-1,292,"93 (LOWER BOUND: LegiScan-sourced state bill sponsorships since its coverage begins for OR; this person's state legislative service started before that window, see legiscan_coverage_gap_analysis.csv)","House record: Live-verified via https://en.wikipedia.org/wiki/Suzanne_Bonamici. Draft figures confirmed unchanged (appointed to Senate May 2008, elected Nov 2008, reelected 2010)."
B001281,Joyce Beatty,Ohio,House,Ohio House of Representatives (27th district),1999-2008,5 terms (incl. Minority Leader 2006-2009),,,,2013-present,113th-119th,7,3rd,183,"34 (LOWER BOUND: LegiScan-sourced state bill sponsorships since its coverage begins for OH; this person's state legislative service started before that window, see legiscan_coverage_gap_analysis.csv)","House record: Live-verified via https://en.wikipedia.org/wiki/Joyce_Beatty; draft data confirmed accurate exactly as stated (state leg service began May 31 1999, likely a special election/appointment mid-term)."
B001285,Julia Brownley,California,House,CA State Assembly (41st district),2006-2012,3 terms,,,,2013-present,113th-119th (ongoing),6+ terms,CD26,307,"599 (LOWER BOUND: LegiScan-sourced state bill sponsorships since its coverage begins for CA; this person's state legislative service started before that window, see legiscan_coverage_gap_analysis.csv)",House record: Wikipedia: Julia Brownley; announced retirement effective 2027
B001289,Bradley Byrne,Alabama,House,Alabama Senate district 32,2002-2007 (partial term plus one term),~1.5 terms,,,,2013-2021 (special election Dec 17 2013),113th-116th,4,AL-1,89,N/A,House record: en.wikipedia.org/wiki/Bradley_Byrne
B001293,Mike Bishop,Michigan,House,Michigan Senate,2003-2011,not independently term-counted this pass; see StateLegYears for span,,,,2015-2019,114th-115th,2 term(s),MI-8,,N/A - not digitized/available (LegiScan match not yet attempted for this person),"House record: Wikipedia: MI Senate 12th district 2003-2011 (Senate Majority Leader 2007-2010), then US House starting 2015 (same person). (added via 2026-09 population completeness check; BioguideId B001293)"
B001295,Mike Bost,Illinois,House,Illinois House of Representatives,1995-2015 (district 115),10 terms,,,,2015-present,114th-119th,6 terms,12,140,"235 (LOWER BOUND: LegiScan-sourced state bill sponsorships since its coverage begins for IL; this person's state legislative service started before that window, see legiscan_coverage_gap_analysis.csv)",House record: Source: en.wikipedia.org/wiki/Mike_Bost; still serving as of Aug 2026; Chairs House Veterans' Affairs Cmte
B001296,Brendan Boyle,Pennsylvania,House,PA House of Representatives,2009-2015,3 terms (dist. 170),,,,2015-present,114th-119th,6,13th (2015-2019); 2nd (2019-present),133,"279 (state bill sponsorships, primary/sponsor only, via LegiScan)",House record: Live-verified via https://en.wikipedia.org/wiki/Brendan_Boyle. Draft data confirmed accurate; no changes.
B001299,Jim Banks,Indiana,Senate+House,Indiana State Senate,2010-2016,3 terms (2-yr each),Jan 3 2025 - present,119th,1 term so far (elected 2024),2017-2025,115th-118th,4,IN-3,270,"263 (state bill sponsorships, primary/sponsor only, via LegiScan)",Senate record: en.wikipedia.org/wiki/Jim_Banks || House record: Took leave 2014-2015 for Afghanistan deployment; elected to US Senate in 2024 (not counted here); en.wikipedia.org/wiki/Jim_Banks
B001302,Andy Biggs,Arizona,House,Arizona House of Representatives (22nd district); Arizona Senate (22nd; then 12th district; Senate President 2013-17),2003-2011; 2011-2017,4 terms; 3 terms,,,,2017-present,115th-119th,5,5th,935,"367 (LOWER BOUND: LegiScan-sourced state bill sponsorships since its coverage begins for AZ; this person's state legislative service started before that window, see legiscan_coverage_gap_analysis.csv)",House record: en.wikipedia.org/wiki/Andy_Biggs
B001304,Anthony Brown,Maryland,House,Maryland House of Delegates (25th district),1999-2007,2,,,,2017-2023,115th-117th,3,4th,154,N/A,House record: First person elected Lt. Governor directly from MD House of Delegates; served as Lt. Gov 2007-2015 and as MD Attorney General since 2023 (statewide offices; not counted). Source: en.wikipedia.org/wiki/Anthony_Brown_(Maryland_politician)
B001306,Troy Balderson,Ohio,House,Ohio House of Representatives 2009-2011 (94th district); Ohio State Senate 2011-2018 (20th district),2009-2018,"1 House term + Senate (appointed 2011, elected 2012, reelected 2016)",,,,2018-present,115th-119th (ongoing),5 (won Aug 2018 special election plus reelections through 2024),12th,62,"564 (state bill sponsorships, primary/sponsor only, via LegiScan)","House record: Live-verified via https://en.wikipedia.org/wiki/Troy_Balderson; CORRECTION: draft said ""Ohio House 2011-13, Senate 2013-18"" -- actual verified sequence is reversed and shifted: Ohio HOUSE 2009-2011 first, then Ohio STATE SENATE 2011-2018 (appointed July 13 2011 to fill a vacancy, then won full terms). US House win via Aug 7 2018 special election confirmed, still serving as of 2026."
B001307,Jim Baird,Indiana,House,Indiana House of Representatives (District 44),2010-2018,4,,,,2019-present,116th-119th,4 (as of Aug 2026),IN-4,44,"92 (state bill sponsorships, primary/sponsor only, via LegiScan)",House record: en.wikipedia.org/wiki/Jim_Baird_(politician)
B001309,Tim Burchett,Tennessee,House,Tennessee House of Representatives (1995-1998); Tennessee Senate (1999-2010),TN House dist 18 1995-1998 (2 terms); TN Senate dist 7 1999-2010 (3 terms),5 combined,,,,2019-present,116th-119th,4 (elected 2018;2020;2022;2024),TN-2,148,"267 (LOWER BOUND: LegiScan-sourced state bill sponsorships since its coverage begins for TN; this person's state legislative service started before that window, see legiscan_coverage_gap_analysis.csv)",House record: Verified live via https://en.wikipedia.org/wiki/Tim_Burchett
B001310,Mike Braun,Indiana,Senate,Indiana House of Representatives,2014-2017,1 term (2-yr),Jan 3 2019 - Jan 13 2025,116th-118th,1 term (elected 2018; resigned to become Governor),,,,,460,"23 (state bill sponsorships, primary/sponsor only, via LegiScan)",Senate record: en.wikipedia.org/wiki/Mike_Braun
B001311,Dan Bishop,North Carolina,House,NC House 2015-2017; NC Senate 2017-2019,2015-2019,1 House term + 1 Senate term,,,,2019-2025,116th-118th,3,NC-9 (2019-2021); NC-8 (2021-2025),42,"78 (state bill sponsorships, primary/sponsor only, via LegiScan)",House record: Live-verified via https://en.wikipedia.org/wiki/Dan_Bishop; draft figures confirmed unchanged.
B001314,Aaron Bean,Florida,House,Florida House of Representatives (12th district); Florida Senate (4th district),2000-2008; 2012-2022,4 terms; 2 terms,,,,2023-present,118th-119th,2,4th,48,"252 (LOWER BOUND: LegiScan-sourced state bill sponsorships since its coverage begins for FL; this person's state legislative service started before that window, see legiscan_coverage_gap_analysis.csv)",House record: en.wikipedia.org/wiki/Aaron_Bean
B001316,Eric Burlison,Missouri,House,Missouri House of Representatives (2009-2016); Missouri Senate (2019-2023),2009-2023,2 House terms + 1 Senate term,,,,2023-present,118th-119th,2,7th,55,"264 (LOWER BOUND: LegiScan-sourced state bill sponsorships since its coverage begins for MO; this person's state legislative service started before that window, see legiscan_coverage_gap_analysis.csv)",House record: Republican; still serving as of Aug 2026. Source: en.wikipedia.org/wiki/Eric_Burlison
B001317,Josh Brecheen,Oklahoma,House,Oklahoma Senate,2010-2018,2,,,,2023-present,118th-119th,2,2,46,"789 (state bill sponsorships, primary/sponsor only, via LegiScan)",House record: Verified via tpaction.com bio (live fetch; Wikipedia page repeatedly failed to load due to proxy outage).
B001318,Becca Balint,Vermont,House,Vermont Senate,2015-2023 (Windham County),4 (elected 2014;16;18;20),,,,2023-present,118th-119th,2 (elected 2022;24; ongoing),VT at-large,47,"73 (state bill sponsorships, primary/sponsor only, via LegiScan)",House record: Verified live via https://en.wikipedia.org/wiki/Becca_Balint
B001321,Tom Barrett,Michigan,House,Michigan Senate,2019-2023,1 term,,,,2025-present,119th,1,MI-7,51,"453 (state bill sponsorships, primary/sponsor only, via LegiScan)",House record: en.wikipedia.org/wiki/Tom_Barrett_(Michigan_politician); lost 2022 US House race to Elissa Slotkin before winning in 2024
B001322,Michael Baumgartner,Washington,House,Washington State Senate,January 2011-January 2019; dist 6 (2 terms),2,,,,2025-present,119th,1 (current),WA-5,25,"140 (state bill sponsorships, primary/sponsor only, via LegiScan)",House record: Verified live via https://en.wikipedia.org/wiki/Michael_Baumgartner
B001326,Janelle Bynum,Oregon,House,OR House,2017-2025,4 terms,,,,2025-present,119th,1,OR-5,22,"174 (state bill sponsorships, primary/sponsor only, via LegiScan)","House record: Live-verified via https://en.wikipedia.org/wiki/Janelle_Bynum; draft figures confirmed unchanged (elected 2016, 2018, 2020, 2022)."
C000052,Sonny Callahan,Alabama,House,Alabama House of Representatives (1970-1978); Alabama Senate district 34 (1978-1982),1970-1982,2 terms House; 1 term Senate,,,,1985-2003,99th-107th,9,AL-1,61,N/A,House record: en.wikipedia.org/wiki/Sonny_Callahan
C000071,Dave Camp,Michigan,House,Michigan House of Representatives,1989-1991,1 term,,,,1991-2015,102nd-113th,12,MI-10 (1991-1993); MI-4 (1993-2015),214,N/A,House record: en.wikipedia.org/wiki/Dave_Camp; chaired House Ways and Means Committee 2011-2015
C000077,Ben Nighthorse Campbell,Colorado,Senate+House,Colorado House of Representatives,1983-1987,2 terms (2-yr each),Jan 3 1993 - Jan 3 2005,103rd-108th,2 terms (elected 1992;1998),1987-1993 (then elected to US Senate),100th-102nd,3,CO-3,460,N/A - not digitized/available,Senate record: en.wikipedia.org/wiki/Ben_Nighthorse_Campbell || House record: en.wikipedia.org/wiki/Ben_Nighthorse_Campbell
C000079,Carroll Campbell Jr.,South Carolina,House,South Carolina House of Representatives; South Carolina Senate,1970-1974 (House); 1976-1978 (Senate; 2nd district),2 (House) + 1 (Senate),,,,1979-1987,96th-99th,4,4,51,N/A,House record: Verified via en.wikipedia.org/wiki/Carroll_A._Campbell_Jr. (live fetch); later Governor of SC (statewide office not counted here).
C000100,Tom Campbell,California,House,California State Senate,1993-1995,not independently term-counted this pass; see StateLegYears for span,,,,1989-2001,101st-106th,5 term(s),CA-15,,N/A - not digitized/available (LegiScan match not yet attempted for this person),"House record: Tom Campbell served in the California State Senate (11th district) 1993-1995, between his two stints in the US House (1989-1993 and 1995-2001) (Wikipedia). (added via 2026-09 population completeness check, weaker last-name-only tier; BioguideId C000100)"
C000107,Charles Canady,Florida,House,Florida House of Representatives,1984-1990,3 terms,,,,1993-2001,103rd-106th,4,12th (numbered 44th pre-1993 redistrict cycle),57,N/A,House record: en.wikipedia.org/wiki/Charles_Canady
C000127,Maria Cantwell,Washington,Senate+House,Washington House of Representatives,1987-1993,3 terms,2001-present,107th-119th,5 terms (elected 2000;2006;2012;2018;2024),1993-1995,103rd,1,WA-1,1006,N/A - not digitized/available,Senate record: Wikipedia: Maria Cantwell page || House record: Verified live via https://en.wikipedia.org/wiki/Maria_Cantwell; later elected US Senator 2000-present (excluded from House-only project)
C000141,Ben Cardin,Maryland,Senate+House,Maryland House of Delegates,1967-1987,10 two-year terms (Speaker of the House 1979-1987),Jan 3 2007 - Jan 3 2025,110th-118th Congress,3 (elected 2006; 2012; 2018),1987-2007,100th-109th,10,3rd,1365,N/A - not digitized/available,Senate record: Source: en.wikipedia.org/wiki/Ben_Cardin || House record: Later US Senator 2007-present (not counted); youngest Speaker in MD history at election. Source: en.wikipedia.org/wiki/Ben_Cardin
C000191,Julia Carson,Indiana,House,Indiana House of Representatives; Indiana Senate,1972-1976; 1976-1990,1; ~3-4,,,,1997-2007 (died in office Dec 15 2007),105th-110th,6,IN-10 (1997-2003); IN-7 (2003-2007),55,N/A,House record: Grandmother of Andre Carson; en.wikipedia.org/wiki/Julia_Carson
C000243,Michael N. Castle,Delaware,House,Delaware House of Representatives (1967-1969); Delaware Senate (1969-1977; Minority Leader 1975-1976),1967-1977,1 term House; 2 terms Senate,,,,1993-2011,103rd-111th,9,DE at-large,299,N/A,House record: en.wikipedia.org/wiki/Michael_Castle
C000261,John Cavanaugh,Nebraska,House,Nebraska Legislature,1973-1977,not independently term-counted this pass; see StateLegYears for span,,,,1977-1981,95th-96th,2 term(s),NE-2,,N/A - not digitized/available (LegiScan match not yet attempted for this person),"House record: Wikipedia (John Joseph Cavanaugh III): elected to Nebraska Legislature 9th district in 1972, served 1973-1977, then US House 1977-1981 (added via 2026-09 population completeness check; BioguideId C000261)"
C000293,Rod Chandler,Washington,House,Washington House of Representatives,January 1975-January 1983; dist 45 (~4 terms),4,,,,1983-1993,98th-102nd,5,WA-8,65,N/A,House record: Verified live via https://en.wikipedia.org/wiki/Rod_Chandler
C000321,Bill Chappell,Florida,House,Florida House of Representatives (Speaker 1961-1963),1954-1964; 1966-1968,4 terms (non-consecutive),,,,1969-1989,91st-100th,10,4th,331,N/A,House record: en.wikipedia.org/wiki/Bill_Chappell
C000322,Eugene Chappie,California,House,California State Assembly,1964-1980,not independently term-counted this pass; see StateLegYears for span,,,,1981-1987,97th-99th,3 term(s),CA-2,,N/A - not digitized/available (LegiScan match not yet attempted for this person),"House record: Wikipedia: CA State Assembly 1964-1980, then US House starting 1981 (added via 2026-09 population completeness check; BioguideId C000322)"
C000356,Lawton Chiles,Florida,Senate,Florida House of Representatives; Florida State Senate,House 1958-1966; Senate 1966-1970,4 terms (House;2-yr each); 1 term (Senate;4-yr),Jan 3 1971 - Jan 3 1989,92nd-100th,3 terms (elected 1970;1976;1982),,,,,433,N/A - not digitized/available,Senate record: en.wikipedia.org/wiki/Lawton_Chiles
C000371,Shirley Chisholm,New York,House,New York State Assembly,1965-1968,2,,,,1969-1983,91st-97th,7,12th,64,N/A,House record: Verified via en.wikipedia.org/wiki/Shirley_Chisholm (live fetch); first Black woman elected to Congress; 1972 presidential candidate.
C000462,James McClure Clarke,North Carolina,House,NC House 1976-1980; NC Senate 1980-1982,1976-1982,1 House term + 1 Senate term,,,,1983-1985 and 1987-1991 (non-continuous),98th and 100th-101st,3,NC-11,12,N/A,"House record: Live-verified via https://en.wikipedia.org/wiki/James_McClure_Clarke. LOW-CONFIDENCE FLAG RESOLVED: state legislature years now confirmed as NC House 1976-1980 then NC Senate 1980-1982 (draft had 'pre-1983, unknown years'). US House non-continuous service (lost 1984 to Bill Hendon, defeated Hendon in 1986) confirmed unchanged: 98th Congress (1983-85), then 100th-101st (1987-91), 3 terms total."
C000512,James Cleveland,New Hampshire,House,New Hampshire Senate,1950-1962,6,,,,1963-1981,88th-96th,9,2nd,101,N/A,House record: Republican; only final term (96th Congress) overlaps 1979-2026 window. Source: en.wikipedia.org/wiki/James_Colgate_Cleveland
C000556,Howard Coble,North Carolina,House,NC House 1969-1971 and 1979-1985 (non-continuous),1969-1971; 1979-1985,"4 terms total (non-continuous; 26th district 1969-71, 23rd district 1979-83, 27th district 1983-85)",,,,1985-2015,99th-113th,15,NC-6,329,N/A,"House record: Live-verified via https://en.wikipedia.org/wiki/Howard_Coble. CORRECTED (substantial): draft said continuous NC House 1969-1973/2 terms; actual service is non-continuous -- one term 1969-1971, an 8-year gap, then three more terms 1979-1985 (4 terms total). US House figures confirmed unchanged."
C000618,E. Thomas Coleman,Missouri,House,Missouri House of Representatives,1972-1976,2,,,,1976-1993,94th-102nd,9 (incl. initial Nov 1976 win to fill Jerry Litton vacancy),6th,109,N/A,House record: Republican; lost 1992 to Pat Danner. Source: en.wikipedia.org/wiki/E._Thomas_Coleman
C000621,Ronald D. Coleman,Texas,House,Texas House of Representatives,1973-1983,5 terms (district 72-B),,,,1983-1997,98th-104th Congress,7 terms,16,84,N/A,House record: Verified via en.wikipedia.org/wiki/Ronald_D._Coleman
C000633,Barbara-Rose Collins,Michigan,House,Michigan House of Representatives,1975-1981,not independently term-counted this pass; see StateLegYears for span,,,,1991-1997,102nd-104th,3 term(s),MI-15,,N/A - not digitized/available (LegiScan match not yet attempted for this person),"House record: Wikipedia: MI House 21st district 1975-1981, then US House starting 1991 (same person). (added via 2026-09 population completeness check; BioguideId C000633)"
C000640,Mac Collins,Georgia,House,Georgia State Senate,1989-1993,2 terms,,,,1993-2005,103rd-108th,6,3rd; 8th,114,N/A,House record: en.wikipedia.org/wiki/Mac_Collins
C000666,Barber Conable,New York,House,New York State Senate,1963-1964,1,,,,1965-1985,89th-98th,10,Rochester-area district (renumbered; c. 35th/30th),304,N/A,House record: Verified via en.wikipedia.org/wiki/Barber_Conable (live fetch); later World Bank President.
C000670,Gary Condit,California,House,CA State Assembly (27th district),1982-1989,~3.75 terms (partial),,,,1989-2003,101st-107th,7 terms,CD18,103,N/A,House record: Wikipedia: Gary Condit
C000709,Silvio Conte,Massachusetts,House,Massachusetts Senate,1951-1958,~4 terms,,,,1959-1991 (died in office Feb 8 1991),86th-102nd,16,MA-1,609,N/A,House record: en.wikipedia.org/wiki/Silvio_O._Conte; only 96th-102nd Congress (1979-1991) overlaps study window
C000737,Wes Cooley,Oregon,House,Oregon Senate,1993-1995,not independently term-counted this pass; see StateLegYears for span,,,,1995-1997,104th,1 term(s),OR-2,,N/A - not digitized/available (LegiScan match not yet attempted for this person),"House record: Wikipedia: OR State Senate (28th district) Jan 1993-Jan 1995, then US House 1995-1997 (added via 2026-09 population completeness check; BioguideId C000737)"
C000813,Paul Coverdell,Georgia,Senate,Georgia State Senate,1971-1989,9 terms (2-yr each),Jan 3 1993 - Jul 18 2000,103rd-106th,2 terms (elected 1992;1998; died in office 2000),,,,,252,N/A - not digitized/available,Senate record: en.wikipedia.org/wiki/Paul_Coverdell
C000846,William Coyne,Pennsylvania,House,Pennsylvania House of Representatives,1970-1972,not independently term-counted this pass; see StateLegYears for span,,,,1981-2003,97th-107th,11 term(s),PA-14,,N/A - not digitized/available (LegiScan match not yet attempted for this person),"House record: Wikipedia: PA House 1970-1972, then US House 1981-2003 (added via 2026-09 population completeness check; BioguideId C000846)"
C000858,Larry Craig,Idaho,Senate+House,Idaho State Senate,1974-1980,3 terms (2-yr each; elected 1974;1976;1978),Jan 3 1991 - Jan 3 2009,102nd-110th,3 terms (elected 1990;1996;2002),1981-1991,97th-101st,5 terms,1,619,N/A - not digitized/available,Senate record: en.wikipedia.org/wiki/Larry_Craig || House record: Later US Senator 1991-2009 (not counted here); Source: en.wikipedia.org/wiki/Larry_Craig
C000880,Mike Crapo,Idaho,Senate+House,Idaho State Senate,1984-1992,4 terms (2-yr each),Jan 3 1999 - present,106th-119th,5 terms (elected 1998;2004;2010;2016;2022),1993-1999,103rd-105th,3 terms,2,623,N/A - not digitized/available,Senate record: en.wikipedia.org/wiki/Mike_Crapo || House record: Later elected US Senator 1999-present (not counted here); Source: en.wikipedia.org/wiki/Mike_Crapo
C000962,Barbara Cubin,Wyoming,House,Wyoming House of Representatives (1987-1993); Wyoming Senate (1993-1995),WY House dist Natrona Co. 1987-1993 (~3 terms); WY Senate dist 29 1993-1995 (1 term),4 combined,,,,1995-2009,104th-110th,7 (elected 1994;96;98;2000;02;04;06),WY at-large,104,N/A,House record: Verified live via https://en.wikipedia.org/wiki/Barbara_Cubin
C000984,Elijah Cummings,Maryland,House,Maryland House of Delegates,1983-1996,~3.25,,,,1996-2019,104th-116th,12,7th,225,N/A,House record: Chaired House Oversight Committee; died in office October 2019. Source: en.wikipedia.org/wiki/Elijah_Cummings
C001034,Max Cleland,Georgia,Senate,Georgia State Senate,1971-1975,2 terms (2-yr each),Jan 3 1997 - Jan 3 2003,105th-107th,1 term (elected 1996; lost reelection 2002),,,,,199,N/A - not digitized/available,Senate record: en.wikipedia.org/wiki/Max_Cleland
C001038,Joseph Crowley,New York,House,New York State Assembly,1987-1998,6,,,,1999-2019,106th-115th,10,7th (1999-2013); 14th (2013-19),249,N/A,House record: Verified via en.wikipedia.org/wiki/Joseph_Crowley (live fetch); lost 2018 primary to Alexandria Ocasio-Cortez.
C001045,Ander Crenshaw,Florida,House,Florida House of Representatives; Florida State Senate,1972-1978; 1986-1994,~3 terms; 4 terms (Senate President 1992-94),,,,2001-2017,107th-114th,8,4th,39,N/A,House record: en.wikipedia.org/wiki/Ander_Crenshaw
C001046,Eric Cantor,Virginia,House,Virginia House of Delegates,1992-January 2001; dist 73 (~4-5 terms),4,,,,2001-2014 (resigned after primary loss),107th-113th,7,VA-7,81,N/A,House record: Verified live via https://en.wikipedia.org/wiki/Eric_Cantor; served as House Majority Leader 2011-2014
C001047,Shelley Moore Capito,West Virginia,Senate+House,West Virginia House of Delegates,1996-2000,2 terms,2015-present,114th-119th,2 terms so far (elected 2014;2020),2001-2015,107th-113th,7 (elected 2000;02;04;06;08;10;12),WV-2,398,N/A - not digitized/available,Senate record: Wikipedia: Shelley Moore Capito page || House record: Verified live via https://en.wikipedia.org/wiki/Shelley_Moore_Capito; later elected US Senator (2015-present) - Senate service excluded from this House-only project
C001048,John Culberson,Texas,House,Texas House of Representatives,1987-2001,7 terms (district 130),,,,2001-2019,107th-115th Congress,9 terms,7,94,N/A,House record: Verified via en.wikipedia.org/wiki/John_Culberson; began TX House service while still in law school; became TX House Minority Whip 1999
C001049,Lacy Clay,Missouri,House,Missouri House of Representatives (1983-1991); Missouri Senate (1991-2001),1983-2001,~5 House terms/partial + Senate terms,,,,2001-2021,107th-116th,10,1st,180,N/A,House record: Son of Bill Clay Sr; lost 2020 primary to Cori Bush. Source: en.wikipedia.org/wiki/Lacy_Clay
C001050,Dennis Cardoza,California,House,CA State Assembly,1996-2002,3 terms,,,,2003-2012 (resigned),108th-112th,5 terms,CD18,103,N/A,House record: Wikipedia: Dennis Cardoza
C001053,Tom Cole,Oklahoma,House,Oklahoma Senate,1988-1991,~1,,,,2003-present,108th-119th,12,4,229,N/A,House record: Verified via en.wikipedia.org/wiki/Tom_Cole (live fetch); still serving as of 2026; faces 2026 primary challenge per news search.
C001055,Ed Case,Hawaii,House,Hawaii House of Representatives,1994-2002 (23rd district),4 terms,,,,2002-2007 (District 2); 2019-present (District 1),108th-109th (D2); 116th-119th (D1),~6 terms total across two stints,1 and 2,137,N/A,House record: Source: en.wikipedia.org/wiki/Ed_Case; still serving as of Aug 2026
C001059,Jim Costa,California,House,CA State Assembly; CA State Senate,Assembly 1978-1994; Senate 1994-2002,Assembly 8 terms; Senate 2 terms,,,,2005-present,109th-119th (ongoing),9+ terms,CD20 (2005-13); CD16 (2013-23); CD21 (2023-present),187,N/A,House record: Wikipedia: Jim Costa; still serving as of 2026
C001060,Russ Carnahan,Missouri,House,Missouri House of Representatives,2001-2005,2,,,,2005-2013,109th-112th,4,3rd,71,N/A,House record: Democrat; district eliminated after 2010 census; son of Mel Carnahan. Source: en.wikipedia.org/wiki/Russ_Carnahan
C001063,Henry Cuellar,Texas,House,Texas House of Representatives,1987-2001,7 terms,,,,2005-present,109th-119th Congress,11 terms,28,123,N/A,House record: Verified via en.wikipedia.org/wiki/Henry_Cuellar; represented Laredo area in TX House; still serving as of Aug 2026
C001064,John Campbell,California,House,California State Assembly; California State Senate,2000-2005,not independently term-counted this pass; see StateLegYears for span,,,,2005-2015,109th-113th,5 term(s),CA-45,,N/A - not digitized/available (LegiScan match not yet attempted for this person),"House record: Wikipedia: CA Assembly 2000-2004, CA Senate 2004-2005, then US House starting 2005 (same person). (added via 2026-09 population completeness check; BioguideId C001064)"
C001068,Steve Cohen,Tennessee,House,Tennessee Senate,1983-2006; dist 30 (6 terms),6,,,,2007-present,110th-119th,10 (elected 2006;08;10;12;14;16;18;20;22;24),TN-9,492,N/A,House record: Verified live via https://en.wikipedia.org/wiki/Steve_Cohen_(politician)
C001069,Joe Courtney,Connecticut,House,Connecticut House of Representatives district 56,1987-1995,4 terms,,,,2007-present,110th-119th (ongoing),10 (ongoing),CT-2,188,N/A,House record: en.wikipedia.org/wiki/Joe_Courtney_(politician)
C001073,Donald Cazayoux,Louisiana,House,Louisiana House of Representatives,1999-2008,not independently term-counted this pass; see StateLegYears for span,,,,2008-2009,110th,1 term(s),LA-6,,N/A - not digitized/available (LegiScan match not yet attempted for this person),"House record: Wikipedia: Louisiana House of Representatives District 18, elected 1999, served through May 2008 when he entered US House. (added via 2026-09 population completeness check; BioguideId C001073)"
C001075,Bill Cassidy,Louisiana,Senate+House,Louisiana State Senate,2006-2009,1 (won special election Dec 2006; re-elected Oct 2007),Jan 3 2015 - present,114th-119th Congress,2 (elected 2014; 2020),2009-2015,111th-113th,3,6th,727,N/A - not digitized/available,Senate record: Source: en.wikipedia.org/wiki/Bill_Cassidy || House record: Later US Senator 2015-present (not counted). Source: en.wikipedia.org/wiki/Bill_Cassidy
C001077,Mike Coffman,Colorado,House,Colorado House of Representatives (1989-1994); Colorado Senate (Dec 1994-1998),1989-1998,2 terms House; 2 terms Senate,,,,2009-2019,111th-115th,5,CO-6,100,N/A,House record: en.wikipedia.org/wiki/Mike_Coffman
C001080,Judy Chu,California,House,CA State Assembly (49th district); also CA Board of Equalization 2007-2009 (statewide; not counted),2001-2006,2 full terms + special election term,,,,2009-present,111th-119th (ongoing),8+ terms,CD32 (2009-13); CD27 (2013-23); CD28 (2023-present),256,N/A,House record: Wikipedia: Judy Chu; still serving as of 2026
C001084,David Cicilline,Rhode Island,House,RI House of Representatives (4th district),1995-2003,4 terms,,,,2011-2023,112th-117th,6,1st,265,N/A,House record: Live-verified via https://en.wikipedia.org/wiki/David_Cicilline; CORRECTED state leg end year to Jan 2003 (not 2002) and House end date to May 31 2023 (resigned mid-118th Congress; his elected terms were 112th-117th = 6 terms as draft stated); Mayor of Providence confirmed 2003-2011.
C001085,Hansen Clarke,Michigan,House,Michigan House of Representatives (1991-1992; 1999-2002; non-consecutive); Michigan Senate (2003-2010),1991-1992; 1999-2010,3 terms House (non-consecutive); 2 terms Senate,,,,2011-2013,112th,1,MI-13,42,"349 (LOWER BOUND: LegiScan-sourced state bill sponsorships since its coverage begins for MI; this person's state legislative service started before that window, see legiscan_coverage_gap_analysis.csv)",House record: en.wikipedia.org/wiki/Hansen_Clarke
C001091,Joaquin Castro,Texas,House,Texas House of Representatives,2003-2013,5 terms (district 125),,,,2013-present,113th-119th Congress,7 terms,20,187,"191 (LOWER BOUND: LegiScan-sourced state bill sponsorships since its coverage begins for TX; this person's state legislative service started before that window, see legiscan_coverage_gap_analysis.csv)",House record: Verified via en.wikipedia.org/wiki/Joaquin_Castro; twin brother of Julian Castro (HUD Secretary/presidential candidate)
C001093,Doug Collins,Georgia,House,Georgia House of Representatives (27th district),2007-2013,3 terms,,,,2013-2021,113th-116th,4,9th,125,"216 (LOWER BOUND: LegiScan-sourced state bill sponsorships since its coverage begins for GA; this person's state legislative service started before that window, see legiscan_coverage_gap_analysis.csv)",House record: en.wikipedia.org/wiki/Doug_Collins_(politician)
C001094,Paul Cook,California,House,CA State Assembly (65th district),2006-2012,3 terms,,,,2013-2020 (resigned),113th-116th,4 terms,CD8,61,"417 (LOWER BOUND: LegiScan-sourced state bill sponsorships since its coverage begins for CA; this person's state legislative service started before that window, see legiscan_coverage_gap_analysis.csv)",House record: Wikipedia: Paul Cook (politician); resigned to become San Bernardino County Supervisor
C001097,Tony Cardenas,California,House,CA State Assembly (39th district),1996-2002,3 terms,,,,2013-2025,113th-118th,6 terms,CD29,190,N/A,House record: Wikipedia: Tony Cardenas
C001101,Katherine Clark,Massachusetts,House,Massachusetts House of Representatives (2008-2011); Massachusetts Senate (2011-2013),2008-2013,1 term House; 1 term Senate,,,,2013-present (special election Dec 10 2013),113th-119th,7,MA-5,88,"168 (LOWER BOUND: LegiScan-sourced state bill sponsorships since its coverage begins for MA; this person's state legislative service started before that window, see legiscan_coverage_gap_analysis.csv)",House record: en.wikipedia.org/wiki/Katherine_Clark; currently House Democratic Whip
C001103,Buddy Carter,Georgia,House,Georgia House of Representatives (159th district); Georgia State Senate (1st district),2005-2009; 2009-2014,2 terms; 2 terms,,,,2015-present,114th-119th,6,1st,213,"440 (LOWER BOUND: LegiScan-sourced state bill sponsorships since its coverage begins for GA; this person's state legislative service started before that window, see legiscan_coverage_gap_analysis.csv)",House record: en.wikipedia.org/wiki/Buddy_Carter
C001105,Barbara Comstock,Virginia,House,Virginia House of Delegates,January 2010-November 2014; dist 34 (3 terms),3,,,,2015-2019,114th-115th,2,VA-10,34,"306 (state bill sponsorships, primary/sponsor only, via LegiScan)",House record: Verified live via https://en.wikipedia.org/wiki/Barbara_Comstock
C001108,James Comer,Kentucky,House,Kentucky House of Representatives (53rd district),2001-2012,~6,,,,2016-present,114th-119th,5 (as of Aug 2026),KY-1,51,"34 (LOWER BOUND: LegiScan-sourced state bill sponsorships since its coverage begins for KY; this person's state legislative service started before that window, see legiscan_coverage_gap_analysis.csv)",House record: Won Nov 2016 special election then general; en.wikipedia.org/wiki/James_Comer
C001110,Lou Correa,California,House,CA State Assembly (69th district); CA State Senate (34th district),Assembly 1998-2006; Senate 2006-2014,Assembly 3 terms; Senate 2 terms,,,,2017-present,115th-119th (ongoing),5+ terms,CD46,122,"401 (LOWER BOUND: LegiScan-sourced state bill sponsorships since its coverage begins for CA; this person's state legislative service started before that window, see legiscan_coverage_gap_analysis.csv)",House record: Wikipedia: Lou Correa; still serving as of 2026
C001111,Charlie Crist,Florida,House,Florida State Senate (20th district),1993-1999,2 terms,,,,2017-2022 (resigned; also served as Governor of Florida 2007-2011 between his state senate and House service),115th-117th,3,13th,69,N/A,House record: en.wikipedia.org/wiki/Charlie_Crist
C001118,Ben Cline,Virginia,House,Virginia House of Delegates,November 2002-December 2018; dist 24 (8 terms),8,,,,2019-present,116th-119th,4 (elected 2018;20;22;24),VA-6,61,"586 (LOWER BOUND: LegiScan-sourced state bill sponsorships since its coverage begins for VA; this person's state legislative service started before that window, see legiscan_coverage_gap_analysis.csv)",House record: Verified live via https://en.wikipedia.org/wiki/Ben_Cline
C001125,Troy Carter,Louisiana,House,Louisiana House of Representatives (102nd district 1992-1994); Louisiana Senate (7th district 2016-2021; Minority Leader),1992-1994 and 2016-2021,~1 (House) plus ~1.25 terms (Senate),,,,2021-present,117th-119th,3,2nd,70,"176 (LOWER BOUND: LegiScan-sourced state bill sponsorships since its coverage begins for LA; this person's state legislative service started before that window, see legiscan_coverage_gap_analysis.csv)",House record: Also New Orleans City Council 1994-2002 (local office; not counted). Source: en.wikipedia.org/wiki/Troy_Carter_(politician)
C001128,Connie Conway,California,House,California State Assembly,2008-2014,not independently term-counted this pass; see StateLegYears for span,,,,2022-2023,117th,1 term(s),CA-22,,N/A - not digitized/available (LegiScan match not yet attempted for this person),"House record: Wikipedia: CA State Assembly 2008-2014, then US House June 2022-Jan 2023 (special election to replace Devin Nunes). (added via 2026-09 population completeness check; BioguideId C001128)"
C001130,Jasmine Crockett,Texas,House,Texas House of Representatives,2021-2023,1 term (district 100),,,,2023-present,118th-119th Congress,2 terms,30,43,"214 (state bill sponsorships, primary/sponsor only, via LegiScan)",House record: Verified via en.wikipedia.org/wiki/Jasmine_Crockett; succeeded Eddie Bernice Johnson in TX-30
C001134,Yadira Caraveo,Colorado,House,Colorado House of Representatives district 31,2019-2023,2 terms,,,,2023-2025 (lost re-election 2024),118th,1,CO-8,41,"73 (state bill sponsorships, primary/sponsor only, via LegiScan)",House record: en.wikipedia.org/wiki/Yadira_Caraveo
C001136,Herb Conaway,New Jersey,House,New Jersey General Assembly (7th district),1998-2025,13,,,,2025-present,119th,1,3rd,15,"1875 (LOWER BOUND: LegiScan-sourced state bill sponsorships since its coverage begins for NJ; this person's state legislative service started before that window, see legiscan_coverage_gap_analysis.csv)",House record: Wikipedia: en.wikipedia.org/wiki/Herb_Conaway
D000032,Byron Donalds,Florida,House,Florida House of Representatives (80th district),2016-2020,2 terms,,,,2021-present,117th-119th,3,19th,147,"103 (state bill sponsorships, primary/sponsor only, via LegiScan)",House record: en.wikipedia.org/wiki/Byron_Donalds
D000038,"W.C. ""Dan"" Daniel",Virginia,House,Virginia House of Delegates,1959-1968 (approx one long term/decade),1,,,,1969-1988 (died in office),91st-100th,10,VA-5,83,N/A,House record: Verified live via https://en.wikipedia.org/wiki/W._C._Daniel
D000043,George Danielson,California,House,California State Assembly; California State Senate,1963-1971,not independently term-counted this pass; see StateLegYears for span,,,,1971-1983,92nd-97th,6 term(s),CA-30,,N/A - not digitized/available (LegiScan match not yet attempted for this person),"House record: Wikipedia: CA Assembly 48th district 1963-1967, then CA Senate 27th district 1967-1971, then US House 1971 (added via 2026-09 population completeness check; BioguideId D000043)"
D000044,William Dannemeyer,California,House,CA State Assembly (as Democrat 1962-1966; as Republican 1976-1978),1962-1966 & 1976-1978,3 terms total,,,,1979-1993,96th-102nd,7 terms,CD39,213,N/A,House record: Wikipedia: William Dannemeyer
D000046,Pat Danner,Missouri,House,Missouri Senate,1983-1993,3,,,,1993-2001,103rd-106th,4,6th,19,N/A,House record: Democrat; defeated incumbent E.T. Coleman in 1992. Source: en.wikipedia.org/wiki/Pat_Danner
D000051,Buddy Darden,Georgia,House,Georgia House of Representatives (19th district; position 3),1981-1983,~1 term (resigned mid-term),,,,1983-1995,98th-103rd,6,7th,61,N/A,House record: en.wikipedia.org/wiki/Buddy_Darden
D000106,Jack Davis,Illinois,House,Illinois House of Representatives,1977-1987 (district 42),5 terms,,,,1987-1989,100th,1 term,4,12,N/A,House record: Source: en.wikipedia.org/wiki/Jack_Davis_(Illinois_politician)
D000114,James Davis,Florida,House,Florida House of Representatives,1988-1996,not independently term-counted this pass; see StateLegYears for span,,,,1997-2007,105th-109th,5 term(s),FL-11,,N/A - not digitized/available (LegiScan match not yet attempted for this person),"House record: Jim Davis served in the Florida House of Representatives 1988-1996 (Majority Leader 1994-1996) before entering Congress in 1997 (Wikipedia). (added via 2026-09 population completeness check, weaker last-name-only tier; BioguideId D000114)"
D000131,Bob Davis,Michigan,House,Michigan House of Representatives (1967-1970); Michigan Senate (1971-1978; Senate Republican Leader 1974-1978),1967-1978,2 terms House; 2 terms Senate,,,,1979-1993,96th-102nd,7,MI-11,157,N/A,House record: en.wikipedia.org/wiki/Bob_Davis_(Michigan_politician)
D000168,Nathan Deal,Georgia,House,Georgia State Senate (49th district),1981-1993,6 terms,,,,1993-2010 (resigned to become Governor),103rd-111th,9,9th; 10th,94,N/A,House record: en.wikipedia.org/wiki/Nathan_Deal
D000183,Joel Deckard,Indiana,House,Indiana House of Representatives,1966-1974,~4,,,,1979-1983,96th-97th,2,IN-8,6,N/A,House record: en.wikipedia.org/wiki/H._Joel_Deckard
D000197,Diana DeGette,Colorado,House,Colorado House of Representatives district 6,1993-1997,2 terms,,,,1997-present,105th-119th (ongoing),15 (ongoing),CO-1,249,N/A,House record: en.wikipedia.org/wiki/Diana_DeGette
D000203,Kika de la Garza,Texas,House,Texas House of Representatives,1953-1965,6 terms,,,,1965-1997,89th-104th Congress,16 terms,15,411,N/A,House record: Verified via en.wikipedia.org/wiki/Kika_de_la_Garza; chaired House Agriculture Committee
D000210,Bill Delahunt,Massachusetts,House,Massachusetts House of Representatives,1973-1975,1 term,,,,1997-2011,105th-111th,7,MA-10,88,N/A,House record: en.wikipedia.org/wiki/Bill_Delahunt
D000217,Tom DeLay,Texas,House,Texas House of Representatives,1979-1985,3 terms (district 21),,,,1985-2006 (resigned amid indictment),99th-109th Congress,11 terms,22,159,N/A,"House record: Verified via en.wikipedia.org/wiki/Tom_DeLay; ""The Hammer""; first Republican to represent Fort Bend County in TX House; House Majority Leader"
D000230,Don Davis,North Carolina,House,NC Senate 2009-2011 and 2013-2023 (non-continuous),2009-2011; 2013-2023,~5 terms total (non-continuous),,,,2023-present,118th-119th,2,NC-1,56,"429 (state bill sponsorships, primary/sponsor only, via LegiScan)","House record: Live-verified via https://en.wikipedia.org/wiki/Don_Davis_(North_Carolina_politician). CORRECTED (substantial): draft said NC Senate 2019-2022/2 terms; actual service spans two non-continuous periods, 2009-2011 and 2013-2023 (~10 years total), ending when he was sworn into the 118th Congress."
D000231,Lawrence J. DeNardis,Connecticut,House,Connecticut State Senate,1971-1979,4 terms,,,,1981-1983,97th,1,CT-3,7,N/A,House record: en.wikipedia.org/wiki/Lawrence_J._DeNardis
D000267,Butler Derrick,South Carolina,House,South Carolina House of Representatives,1969-1974,3,,,,1975-1995,94th-103rd,10,3,354,N/A,House record: Verified via en.wikipedia.org/wiki/Butler_Derrick (live fetch).
D000269,Edward Derwinski,Illinois,House,Illinois House of Representatives,1957-1959,1 term,,,,1959-1983,86th-97th,12 terms,4,166,N/A,House record: Later 1st US Secretary of Veterans Affairs (not counted here); Source: en.wikipedia.org/wiki/Edward_Derwinski
D000275,Peter Deutsch,Florida,House,Florida House of Representatives (90th district),1982-1992,5 terms,,,,1993-2005,103rd-108th,6,20th,61,N/A,House record: en.wikipedia.org/wiki/Peter_Deutsch
D000294,Mike DeWine,Ohio,Senate+House,Ohio Senate,1981-1982,1 term (partial; resigned Dec 1982 to run for Lt Governor),1995-2007,104th-109th,2 terms (elected 1994; re-elected 2000),1983-1991,98th-101st,4,7th,504,N/A - not digitized/available,"Senate record: Wikipedia: Mike DeWine page || House record: Live-verified via https://en.wikipedia.org/wiki/Mike_DeWine; draft data confirmed accurate (state senate one two-year term Jan 1981-Dec 1982/Jan 1983; US House 98th-101st Congress 4 terms). Later Lt. Gov, US Senator, and Governor."
D000299,Lincoln Diaz-Balart,Florida,House,Florida House of Representatives; Florida Senate,1986-1989; 1989-1992,several terms,,,,1993-2011,103rd-111th,9,21st,173,N/A,House record: en.wikipedia.org/wiki/Lincoln_D%C3%ADaz-Balart
D000366,Alan J. Dixon,Illinois,Senate,Illinois House of Representatives; Illinois State Senate,House 1951-1963; Senate 1963-1971,6 terms (House;2-yr); 2 terms (Senate;4-yr),Jan 3 1981 - Jan 3 1993,97th-102nd,2 terms (elected 1980;1986; lost 1992 Democratic primary),,,,,341,N/A - not digitized/available,Senate record: en.wikipedia.org/wiki/Alan_J._Dixon
D000373,Julian Dixon,California,House,CA State Assembly,1973-1978,3 terms,,,,1979-2000 (died in office),96th-107th (partial),11 terms,CD28 (1979-93); CD32 (1993-2000),86,N/A,House record: Wikipedia: Julian Dixon; chaired House Ethics Cmte
D000399,Lloyd Doggett,Texas,House,Texas Senate,1973-1985,3 terms,,,,1995-present,104th-119th Congress,16 terms,10 (1995-2005); 25 (2005-2013); 35 (2013-2023); 37 (2023-present),266,N/A,"House record: Verified via en.wikipedia.org/wiki/Lloyd_Doggett; part of ""Killer Bees"" TX Senate walkout 1979; represented four different district numbers due to repeated redistricting while never losing his seat; announced will not seek re-election in 2026 if new map upheld"
D000401,Bob Dole,Kansas,Senate,Kansas House of Representatives,1951-1953,1 term (2-yr),Jan 3 1969 - Jun 11 1996,91st-104th,5 terms (elected 1968;1974;1980;1986;1992; resigned 1996 for presidential campaign),,,,,2456,N/A - not digitized/available,Senate record: en.wikipedia.org/wiki/Bob_Dole
D000416,Brian Donnelly,Massachusetts,House,Massachusetts House of Representatives,1973-1979,3 terms,,,,1979-1993,96th-102nd,7,MA-11,209,N/A,House record: en.wikipedia.org/wiki/Brian_J._Donnelly
D000429,John Doolittle,California,House,CA State Senate,1980-1991,~5 terms,,,,1991-2009,102nd-110th,9 terms,CD14 (1991-92); CD4 (1992-2009),134,N/A,House record: Wikipedia: John Doolittle
D000446,Charles Dougherty,Pennsylvania,House,Pennsylvania Senate,1972-1979,not independently term-counted this pass; see StateLegYears for span,,,,1979-1983,96th-97th,2 term(s),PA-4,,N/A - not digitized/available (LegiScan match not yet attempted for this person),"House record: Wikipedia: PA State Senate 5th district 1972-1979, then US House starting 1979 (added via 2026-09 population completeness check; BioguideId D000446)"
D000537,Robert Duncan,Oregon,House,Oregon House of Representatives,1956-1962,not independently term-counted this pass; see StateLegYears for span,,,,1963-1981,88th-96th,5 term(s),OR-3,,N/A - not digitized/available (LegiScan match not yet attempted for this person),"House record: Robert B. Duncan served in the Oregon House of Representatives (three terms from 1956) and was Speaker 1959-1962, before winning OR-4 in 1962 (took office 1963). (added via 2026-09 population completeness check, weaker last-name-only tier; BioguideId D000537)"
D000586,Bernard J. Dwyer,New Jersey,House,New Jersey Senate (18th district),1974-1980,3,,,,1981-1993,97th-102nd,6,15th (1981-1983); 6th (1983-1993; renumbered after 1980 census),50,N/A,House record: Wikipedia: en.wikipedia.org/wiki/Bernard_J._Dwyer
D000592,Mervyn Dymally,California,House,CA State Assembly (53rd district) 1963-1966 & 2003-2008; CA State Senate (29th district) 1967-1975,Assembly 1963-1966 & 2003-2008; Senate 1967-1975,Assembly ~3 terms total; Senate 2 terms,,,,1981-1993,97th-102nd,6 terms,CD31,207,N/A,House record: Wikipedia: Mervyn Dymally; also Lt. Governor of CA (statewide; not counted); returned to CA Assembly after House service
D000593,Roy Dyson,Maryland,House,Maryland House of Delegates (29th district 1975-1980); Maryland Senate (29th district 1995-2015 - after House career),1975-1980 and 1995-2015,~1.25 (House) plus 5 (Senate),,,,1981-1991,97th-101st,5,1st,80,"134 (LOWER BOUND: LegiScan-sourced state bill sponsorships since its coverage begins for MD; this person's state legislative service started before that window, see legiscan_coverage_gap_analysis.csv)",House record: State Senate service came after his US House career ended. Source: en.wikipedia.org/wiki/Roy_Dyson
D000597,Jo Ann Davis,Virginia,House,Virginia House of Delegates,January 1998-January 2001 (2 terms),2,,,,2001-2007 (died in office),107th-110th,4 (elected 2000;02;04;06),VA-1,107,N/A,House record: Verified live via https://en.wikipedia.org/wiki/Jo_Ann_Davis
D000598,Susan Davis,California,House,CA State Assembly (76th district),1994-2000,3 terms,,,,2001-2021,107th-116th,10 terms,CD49 (2001-03); CD53 (2003-2021),235,N/A,House record: Wikipedia: Susan Davis (politician)
D000599,Lincoln Davis,Tennessee,House,Tennessee House of Representatives (1980-1984); Tennessee Senate (1996-2002),TN House dist 38 1980-1984 (2 terms); TN Senate dist 12 1996-2002 (2 terms),4 combined,,,,2003-2011,108th-111th,4 (elected 2002;04;06;08),TN-4,24,N/A,House record: Verified live via https://en.wikipedia.org/wiki/Lincoln_Davis
D000600,Mario Diaz-Balart,Florida,House,Florida House of Representatives; Florida Senate,1988-1992; 1993-2000; 2000-2002,several terms,,,,2003-present,108th-119th,~12,25th (formerly 21st),111,N/A,House record: en.wikipedia.org/wiki/Mario_Diaz-Balart
D000604,Charlie Dent,Pennsylvania,House,PA House of Representatives (1991-1998; dist. 132); PA Senate (1999-2004; dist. 16),1991-2004,4 House terms + ~1 Senate term,,,,2005-2018,109th-115th,7,15th,111,N/A,"House record: Live-verified via https://archives.house.state.pa.us/people/member-biography?ID=177 (PA House Archives: confirmed 4 consecutive House terms 1991-1998) and https://en.wikipedia.org/wiki/Charlie_Dent for Senate portion. NOTE: PA Senate Library page (library.pasen.gov) could not be fetched (blocked by robots.txt after retry) so the exact Senate term count (~1 term, 1999-2004) is Wikipedia-sourced only, not cross-confirmed against the primary Senate archive -- flagged LOW-MEDIUM CONFIDENCE for the Senate portion only. House portion is fully confirmed."
D000605,Thelma Drake,Virginia,House,Virginia House of Delegates,January 1996-January 2005; dist 87 (~4 terms),4,,,,2005-2009,109th-110th,2,VA-2,29,N/A,House record: Verified live via https://en.wikipedia.org/wiki/Thelma_Drake
D000606,David Davis,Tennessee,House,Tennessee House of Representatives,1998-2007; dist 6 (4 terms),4,,,,2007-2009,110th,1,TN-1,19,N/A,House record: Verified live via https://en.wikipedia.org/wiki/David_Davis_(Tennessee_politician)
D000609,Steve Driehaus,Ohio,House,Ohio House of Representatives,2001-2009,not independently term-counted this pass; see StateLegYears for span,,,,2009-2011,111th,1 term(s),OH-1,,N/A - not digitized/available (LegiScan match not yet attempted for this person),"House record: Wikipedia: Ohio House of Representatives 2001-2009 (Minority Whip 2005-2007), then US House from 2009. (added via 2026-09 population completeness check; BioguideId D000609)"
D000610,Ted Deutch,Florida,House,Florida State Senate (30th district),2006-2010,1 term,,,,2010-2022 (special election April 2010; resigned),111th-117th,6,19th; 21st; 22nd,173,"21 (LOWER BOUND: LegiScan-sourced state bill sponsorships since its coverage begins for FL; this person's state legislative service started before that window, see legiscan_coverage_gap_analysis.csv)",House record: en.wikipedia.org/wiki/Ted_Deutch
D000611,Charles Djou,Hawaii,House,Hawaii House of Representatives,2000-2002,1 term (District 47; Minority Floor Leader),,,,2010-2011 (special election),111th,1 term (partial),1,12,N/A,House record: Source: en.wikipedia.org/wiki/Charles_Djou
D000612,Jeff Denham,California,House,California State Senate,2002-2010,not independently term-counted this pass; see StateLegYears for span,,,,2011-2019,112th-115th,4 term(s),CA-10,,N/A - not digitized/available (LegiScan match not yet attempted for this person),"House record: Wikipedia: CA State Senate (12th district) Dec 2002-Nov 2010, then US House 2011-2019. (added via 2026-09 population completeness check; BioguideId D000612)"
D000615,Jeff Duncan,South Carolina,House,South Carolina House of Representatives,2003-2010 (District 15),4,,,,2011-2025,112th-118th,7,3,127,"416 (LOWER BOUND: LegiScan-sourced state bill sponsorships since its coverage begins for SC; this person's state legislative service started before that window, see legiscan_coverage_gap_analysis.csv)",House record: Verified via en.wikipedia.org/wiki/Jeff_Duncan_(politician) (live fetch); did not seek re-election in 2024.
D000623,Mark DeSaulnier,California,House,CA State Assembly (11th district); CA State Senate (7th district),Assembly 2006-2008; Senate 2008-2015,Assembly 1 term; Senate ~1.5 terms,,,,2015-2025,114th-118th,5 terms,CD11 (2015-23); CD10 (2023-2025),226,"440 (LOWER BOUND: LegiScan-sourced state bill sponsorships since its coverage begins for CA; this person's state legislative service started before that window, see legiscan_coverage_gap_analysis.csv)",House record: Wikipedia: Mark DeSaulnier
D000631,Madeleine Dean,Pennsylvania,House,PA House of Representatives,2012-2018,"4 terms (special election Apr 24 2012 completing partial 2011 term; then reelected for 2013, 2015, 2017 terms; dist. 153)",,,,2019-present,116th-119th,4,4th,118,N/A,"House record: CORRECTED start year of state legislature service: 2012 (special election), not 2013 as in draft. Live-verified via https://archives.house.state.pa.us/people/member-biography?ID=1613 (PA House Archives) and https://en.wikipedia.org/wiki/Madeleine_Dean. Draft's '3 terms' undercounts slightly -- she won a partial term via special election plus 3 full terms."
D000635,Maxine Dexter,Oregon,House,OR House,2020-2024,2 terms,,,,2025-present,119th,1,OR-3,17,"83 (state bill sponsorships, primary/sponsor only, via LegiScan)",House record: Live-verified via https://en.wikipedia.org/wiki/Maxine_Dexter. CORRECTED: draft said 2021-2025; actual is June 2020 (appointed to fill Mitch Greenlick's seat) - Aug 2024 (resigned upon election to Congress).
E000013,Joseph D. Early,Massachusetts,House,Massachusetts House of Representatives,1963-1974,6 terms,,,,1975-1993,94th-102nd,9,MA-3,29,N/A,House record: en.wikipedia.org/wiki/Joseph_D._Early; only 96th-102nd Congress (1979-1993) overlaps study window
E000031,Dennis Eckart,Ohio,House,Ohio House of Representatives,1975-1980,not independently term-counted this pass; see StateLegYears for span,,,,1981-1993,97th-102nd,6 term(s),OH-11,,N/A - not digitized/available (LegiScan match not yet attempted for this person),"House record: Wikipedia: Ohio House of Representatives 18th district 1975-1980, then US House starting 1983. (added via 2026-09 population completeness check; BioguideId E000031)"
E000033,Fred Eckert,New York,House,New York State Senate,1973-1982,not independently term-counted this pass; see StateLegYears for span,,,,1985-1987,99th,1 term(s),NY-30,,N/A - not digitized/available (LegiScan match not yet attempted for this person),"House record: Wikipedia: NY State Senate (54th district) 1973-1982, then US House 1985-1987. (added via 2026-09 population completeness check; BioguideId E000033)"
E000035,Bob Eckhardt,Texas,House,Texas House of Representatives,1958-1966,4 terms,,,,1967-1981,90th-96th Congress,7 terms,8,99,N/A,House record: Verified via en.wikipedia.org/wiki/Bob_Eckhardt; authored Texas Open Beaches Act while in state house
E000063,Thomas Edwards,Texas,House,Texas Senate,1983-1990,not independently term-counted this pass; see StateLegYears for span,,,,1991-2011,102nd-111th,10 term(s),TX-17,,N/A - not digitized/available (LegiScan match not yet attempted for this person),"House record: Chet Edwards (Thomas Edwards) served in the Texas Senate representing District 9 from 1983 to 1990 before winning his US House seat in 1990/1991. (commonly known as Chet Edwards) (added via 2026-09 population completeness check, weaker last-name-only tier; BioguideId E000063)"
E000071,Jake Ellzey,Texas,House,Texas House of Representatives,January-July 2021,partial/1 term (district 10),,,,2021-present,117th-119th Congress,3 terms,6,11,"86 (state bill sponsorships, primary/sponsor only, via LegiScan)",House record: Verified via en.wikipedia.org/wiki/Jake_Ellzey; resigned TX House seat mid-2021 after winning special election for TX-6 (Ron Wright's seat after his death)
E000092,Vernon Ehlers,Michigan,House,Michigan House of Representatives (1983-1985); Michigan Senate (1985-1993),1983-1993,1 term House; 4 terms Senate,,,,1993-2011 (special election Dec 7 1993),103rd-111th,9,MI-3,135,N/A,House record: en.wikipedia.org/wiki/Vernon_Ehlers
E000093,Bob Ehrlich,Maryland,House,Maryland House of Delegates (10th district),1987-1995,2,,,,1995-2003,104th-107th,4,2nd,28,N/A,House record: Later Governor of Maryland 2003-2007 (statewide; not counted). Source: en.wikipedia.org/wiki/Bob_Ehrlich
E000175,David F. Emery,Maine,House,Maine House of Representatives,1970-1974,2 terms,,,,1975-1983,94th-97th,4 terms,1,69,N/A,House record: Source: en.wikipedia.org/wiki/David_F._Emery
E000179,Eliot Engel,New York,House,New York State Assembly,1977-1988,6,,,,1989-2021,101st-116th,16,19th (1989-93); 17th (1993-2013); 16th (2013-21),528,N/A,House record: Verified via en.wikipedia.org/wiki/Eliot_Engel (live fetch); lost 2020 primary to Jamaal Bowman.
E000186,Karan English,Arizona,House,Arizona House of Representatives (2nd district); Arizona Senate (2nd district),1987-1991; 1991-1993,1 term; 1 term,,,,1993-1995,103rd,1,6th,9,N/A,House record: en.wikipedia.org/wiki/Karan_English
E000198,Arlen Erdahl,Minnesota,House,Minnesota House of Representatives,1963-1970,4,,,,1979-1983,96th-97th,2,1st (1979-1982); 6th (1982-1983),28,N/A,House record: Also served as MN Secretary of State (statewide office; not counted) before House. Lost 1982 due to redistricting. Source: en.wikipedia.org/wiki/Arlen_Erdahl
E000201,Ben Erdreich,Alabama,House,Alabama House of Representatives,1970-1974,1 term,,,,1983-1993,98th-102nd,5,AL-6,76,N/A,House record: en.wikipedia.org/wiki/Ben_Erdreich
E000226,Bob Etheridge,North Carolina,House,NC House,1979-1989,5 terms,,,,1997-2011,105th-111th,7,NC-2,68,N/A,House record: Live-verified via https://en.wikipedia.org/wiki/Bob_Etheridge; draft figures confirmed unchanged (NC House service ended 1989 when he took office as NC Superintendent of Public Instruction).
E000233,Billy Lee Evans,Georgia,House,Georgia House of Representatives (89th; then 99th district),1969-1976,~4 terms,,,,1977-1983,95th-97th,3,8th,53,N/A,House record: en.wikipedia.org/wiki/Billy_Lee_Evans
E000236,Daniel J. Evans,Washington,Senate,Washington House of Representatives,1957-1965,~4 terms (2-yr terms),1983-1989,98th-100th,appointed 1983; won special election Nov 1983; did not seek another term,,,,,193,N/A - not digitized/available,Senate record: Wikipedia: Daniel J. Evans page
E000246,Chuck Edwards,North Carolina,House,NC Senate,2016-2023,"3 terms (appointed Aug 2016; elected 2016, 2018, 2020)",,,,2023-present,118th-119th,2,NC-11,42,"125 (state bill sponsorships, primary/sponsor only, via LegiScan)",House record: Live-verified via https://en.wikipedia.org/wiki/Chuck_Edwards. CORRECTED: NC Senate end year 2023 (draft said 2022; term actually ran through Jan 1 2023).
E000259,T. Cooper Evans,Iowa,House,Iowa House of Representatives,1975-1979,2,,,,1981-1987,97th-99th,3,IA-3,113,N/A,House record: en.wikipedia.org/wiki/Cooper_Evans
E000282,Tom Ewing,Illinois,House,Illinois House of Representatives,1974-1991 (districts 38 then 87; chaired House Revenue Cmte),~8 terms,,,,1991-2001,102nd-106th,5 terms (incl. July 1991 special election),15,54,N/A,House record: Source: en.wikipedia.org/wiki/Tom_Ewing
E000285,Mike Enzi,Wyoming,Senate,Wyoming House of Representatives; Wyoming Senate,1987-1991 (House); 1991-1997 (Senate; appointed then elected),2 terms House; ~3 terms Senate,1997-2021,105th-116th,4 terms (elected 1996;2002;2008;2014),,,,,659,N/A - not digitized/available,Senate record: Wikipedia: Mike Enzi page
E000288,Keith Ellison,Minnesota,House,Minnesota House of Representatives,2003-2007,2,,,,2007-2019,110th-115th,6,5th,255,N/A,House record: Left House to become MN Attorney General (not counted). Source: en.wikipedia.org/wiki/Keith_Ellison
E000293,Elizabeth Esty,Connecticut,House,Connecticut House of Representatives district 103,2009-2011,1 term,,,,2013-2019,113th-115th,3,CT-5,85,"81 (LOWER BOUND: LegiScan-sourced state bill sponsorships since its coverage begins for CT; this person's state legislative service started before that window, see legiscan_coverage_gap_analysis.csv)",House record: en.wikipedia.org/wiki/Elizabeth_Esty
E000294,Tom Emmer,Minnesota,House,Minnesota House of Representatives,2005-2011,3,,,,2015-present,114th-119th,6,6th,128,"90 (LOWER BOUND: LegiScan-sourced state bill sponsorships since its coverage begins for MN; this person's state legislative service started before that window, see legiscan_coverage_gap_analysis.csv)",House record: Republican; House Majority Whip. Source: en.wikipedia.org/wiki/Tom_Emmer
E000295,Joni Ernst,Iowa,Senate,Iowa State Senate,2011-2014,2 terms (elected 2011 special election;reelected 2012),Jan 3 2015 - present,114th-119th,2 terms (elected 2014;2020; announced not seeking reelection 2026),,,,,669,"105 (state bill sponsorships, primary/sponsor only, via LegiScan)",Senate record: en.wikipedia.org/wiki/Joni_Ernst
E000296,Dwight Evans,Pennsylvania,House,PA House of Representatives,1981-2016,18 terms (dist. 203),,,,2016-present,114th-119th,6,2nd (2016); 3rd (2019-present),64,"441 (LOWER BOUND: LegiScan-sourced state bill sponsorships since its coverage begins for PA; this person's state legislative service started before that window, see legiscan_coverage_gap_analysis.csv)","House record: Live-verified via https://en.wikipedia.org/wiki/Dwight_Evans_(politician). Source describes '18 re-elections' after his initial win, i.e. 18-19 total terms depending on how counted; draft's '18 terms approx' is a reasonable characterization, kept as-is. House side (special election Nov 2016 plus reelection through 2024) confirmed as 6 congresses (114th-119th)."
E000297,Adriano Espaillat,New York,House,New York State Assembly (1997-2010; 72nd district); New York State Senate (2011-2016; 31st district),1997-2016,7 (Assembly) + 3 (Senate),,,,2017-present,115th-119th,5,13th,233,"1201 (LOWER BOUND: LegiScan-sourced state bill sponsorships since its coverage begins for NY; this person's state legislative service started before that window, see legiscan_coverage_gap_analysis.csv)",House record: Verified via en.wikipedia.org/wiki/Adriano_Espaillat (live fetch); defeated Charles Rangel in 2016 primary; first formerly-undocumented immigrant in Congress.
E000300,Gabe Evans,Colorado,House,Colorado House of Representatives district 48,2023-2025,1 term,,,,2025-present,119th (ongoing),1 (ongoing),CO-8,22,"48 (state bill sponsorships, primary/sponsor only, via LegiScan)",House record: en.wikipedia.org/wiki/Gabe_Evans
E000301,Sarah Elfreth,Maryland,House,Maryland Senate (30th district),2019-2025,2,,,,2025-present,119th,1 (ongoing),3rd,17,"131 (state bill sponsorships, primary/sponsor only, via LegiScan)",House record: Source: en.wikipedia.org/wiki/Sarah_Elfreth
F000030,Sam Farr,California,House,CA State Assembly (28th then 27th district),1980-1993,6 terms,,,,1993-2017,103rd-114th,12 terms,CD17 (1993-2013); CD20 (2013-2017),147,N/A,House record: Wikipedia: Sam Farr
F000040,John G. Fary,Illinois,House,Illinois House of Representatives,1955-1975,~10 terms,,,,1975-1983,94th-97th,4 terms (incl. July 1975 special election),5,45,N/A,House record: Source: en.wikipedia.org/wiki/John_G._Fary
F000041,Dante Fascell,Florida,House,Florida House of Representatives,1950-1954,1 term,,,,1955-1993,84th-102nd,19,4th (Dade Co.; later 19th),423,N/A,House record: en.wikipedia.org/wiki/Dante_Fascell
F000043,Chaka Fattah,Pennsylvania,House,PA House of Representatives (1983-1988); PA Senate (1989-1994),1983-1994,3 House terms + 3 Senate terms,,,,1995-2016,104th-114th,11,2nd,134,N/A,"House record: CORRECTED from draft (draft had House 1988-91 / Senate 1991-94; actual is House 1983-88 / Senate 1989-94). Live-verified via https://archives.house.state.pa.us/people/member-biography?ID=395 (PA House Archives: House terms 1983,1985,1987) and https://www.library.pasen.gov/people/member-biography?ID=4617 (PA Senate Library: 'Elected...Senate, 7th district...1989-1994') and https://en.wikipedia.org/wiki/Chaka_Fattah for House years."
F000049,Harris Fawell,Illinois,House,Illinois Senate,1963-1977 (districts 41 then 40),7 terms,,,,1985-1999,99th-105th,7 terms,13,179,N/A,House record: Source: en.wikipedia.org/wiki/Harris_Fawell
F000053,Vic Fazio,California,House,CA State Assembly,1975-1978,1 term,,,,1979-1999,96th-105th,10 terms,CD4 (1979-1993); CD3 (1993-1999),196,N/A,House record: Wikipedia: Vic Fazio
F000059,Edward Feighan,Ohio,House,Ohio House of Representatives,1973-1978,not independently term-counted this pass; see StateLegYears for span,,,,1983-1993,98th-102nd,5 term(s),OH-19,,N/A - not digitized/available (LegiScan match not yet attempted for this person),"House record: Wikipedia: Ohio House of Representatives 8th district 1973-1978, then US House starting 1983. (added via 2026-09 population completeness check; BioguideId F000059)"
F000061,Russ Feingold,Wisconsin,Senate,Wisconsin State Senate,1983-1993,2 terms (5-yr WI Senate cycle per source),1993-2011,103rd-111th,3 terms (elected 1992;1998;2004; lost re-election 2010),,,,,1173,N/A - not digitized/available,Senate record: Wikipedia: Russ Feingold page
F000078,Millicent Fenwick,New Jersey,House,New Jersey General Assembly,1970-1972,1,,,,1975-1983,94th-97th,4,5th,139,N/A,House record: Wikipedia: en.wikipedia.org/wiki/Millicent_Fenwick
F000110,Cleo Fields,Louisiana,House,Louisiana Senate (14th district; three separate stints),1988-1993 and 1997-2008 and 2020-2025,~5-6 combined across 3 stints,,,,1993-1997 and 2025-present,103rd-104th and 119th,3 (2 completed plus 1 ongoing),4th (1993-1997) and 6th (2025-present),28,"172 (LOWER BOUND: LegiScan-sourced state bill sponsorships since its coverage begins for LA; this person's state legislative service started before that window, see legiscan_coverage_gap_analysis.csv)",House record: First LA legislator to return to the Senate for a third time; sworn into US House again January 2025 after 28-year absence following court-ordered creation of second majority-Black district. Source: en.wikipedia.org/wiki/Cleo_Fields
F000128,Eric Fingerhut,Ohio,House,Ohio State Senate (25th district) 1991-1992 and 1999-2006 (two non-contiguous stints),1991-1992; 1999-2006,~1 partial term + ~4 terms,,,,1993-1995,103rd,1,19th,7,N/A,"House record: Live-verified via https://en.wikipedia.org/wiki/Eric_Fingerhut; MAJOR CORRECTION: draft said his 1991-93 stint was in the Ohio HOUSE, but it was actually the Ohio STATE SENATE (25th district) both before and after his single US House term; sequence is: OH Senate 1991-92 -> US House 1993-95 (103rd Congress only) -> OH Senate 1999-2006. No Ohio House service found at all."
F000208,Ronnie Flippo,Alabama,House,Alabama House of Representatives (1970-1974); Alabama Senate (1974-1976),1970-1976,1 term House; partial term Senate,,,,1977-1991 (overlap with study window begins 1979),95th-101st,7,AL-5,63,N/A,House record: en.wikipedia.org/wiki/Ronnie_Flippo
F000215,James Florio,New Jersey,House,New Jersey General Assembly (3rd district 1970-1974; 5th district 1974-1975),1970-1975,3,,,,1975-1990 (resigned Jan 16 1990 to become NJ Governor),94th-101st,8,1st,273,N/A,House record: Wikipedia: en.wikipedia.org/wiki/James_Florio
F000238,Mark Foley,Florida,House,Florida House of Representatives (85th district); Florida Senate (35th district),1990-1992; 1992-1994,1 term; 1 term,,,,1995-2006 (resigned),104th-109th,6,16th,149,N/A,House record: en.wikipedia.org/wiki/Mark_Foley
F000246,Pat Fallon,Texas,House,Texas House of Representatives; Texas Senate,2013-2019 (House district 106); 2019-2021 (Senate district 30),TX House 3 terms; TX Senate 1 term,,,,2021-present,117th-119th Congress,3 terms,4,65,"774 (state bill sponsorships, primary/sponsor only, via LegiScan)",House record: Verified via en.wikipedia.org/wiki/Pat_Fallon; defeated incumbent Craig Estes in TX Senate primary
F000261,Harold Ford Sr.,Tennessee,House,Tennessee House of Representatives,1971-1975 (2 terms),2,,,,1975-1997,94th-104th,11,TN-8 (renumbered TN-9 in 1983 redistricting; same Memphis-area seat throughout),126,N/A,House record: Verified live via https://en.wikipedia.org/wiki/Harold_Ford_Sr.
F000268,Wendell Ford,Kentucky,Senate,Kentucky State Senate,1966-1967,1 term,Jan 3 1974 - Jan 3 1999,93rd-105th,4 terms (elected 1974;1980;1986;1992),,,,,773,"Not a direct count of bills introduced; Wikipedia notes he ""introduced 22 major pieces of legislation that became law during his single term"" in the KY Senate (enacted count;not total introduced)",Senate record: en.wikipedia.org/wiki/Wendell_H._Ford
F000270,William D. Ford,Michigan,House,Michigan Senate,1962-1964,1 term,,,,1965-1995,89th-103rd,15,MI-15 (1965-1993); MI-13 (1993-1995),278,N/A,House record: en.wikipedia.org/wiki/William_D._Ford; only 96th-103rd Congress (1979-1995) overlaps study window
F000286,Edwin B. Forsythe,New Jersey,House,New Jersey State Senate,1964-1970,3,,,,1970-1984 (died in office March 29 1984),91st-98th,7,6th (1970-1983); 13th (1983-1984; renumbered after 1980 census),194,N/A,House record: Wikipedia: en.wikipedia.org/wiki/Edwin_B._Forsythe; only 1979-1984 portion of tenure in study window
F000319,L. H. Fountain,North Carolina,House,NC Senate,1947-1952,~2-3 terms,,,,1953-1983 (only 1979-1983 within study window),83rd-97th (96th-97th within window),15 total / 2 within window,NC-2,61,N/A,"House record: Live-verified via https://en.wikipedia.org/wiki/L._H._Fountain. LOW-CONFIDENCE FLAG RESOLVED: NC Senate service confirmed as 1947-1952 (draft's guess of 'approx 1947-1949' was too short by several years). Full US House career 1953-1983 (83rd-97th Congress, 15 terms); only the 96th-97th Congresses (1979-1983) fall within the 1979-present study window, as the draft noted."
F000332,Jon Fox,Pennsylvania,House,Pennsylvania House of Representatives,1985-1992,not independently term-counted this pass; see StateLegYears for span,,,,1995-1999,104th-105th,2 term(s),PA-13,,N/A - not digitized/available (LegiScan match not yet attempted for this person),"House record: Wikipedia: PA House of Representatives 1985-1992, then US House from 1995. (added via 2026-09 population completeness check; BioguideId F000332)"
F000339,Barney Frank,Massachusetts,House,Massachusetts House of Representatives,1973-1981,4 terms,,,,1981-2013,97th-112th,16,MA-4,797,N/A,House record: en.wikipedia.org/wiki/Barney_Frank
F000349,Bob Franks,New Jersey,House,New Jersey General Assembly,1980-1992,6,,,,1993-2001,103rd-106th,4,7th,118,N/A,House record: Wikipedia: en.wikipedia.org/wiki/Bob_Franks; succeeded Matthew Rinaldo
F000372,Rodney Frelinghuysen,New Jersey,House,New Jersey General Assembly (25th district),1984-1995,~5,,,,1995-2019,104th-115th,12,11th,169,N/A,House record: Wikipedia: en.wikipedia.org/wiki/Rodney_Frelinghuysen
F000380,Bill Frenzel,Minnesota,House,Minnesota House of Representatives,1963-1971,4 (8 yrs; one source lists 1962-1970),,,,1971-1991,92nd-101st,10,3rd,520,N/A,House record: Republican. Source: en.wikipedia.org/wiki/Bill_Frenzel
F000387,Dan Frisa,New York,House,New York State Assembly,1985-1992,not independently term-counted this pass; see StateLegYears for span,,,,1995-1997,104th,1 term(s),NY-4,,N/A - not digitized/available (LegiScan match not yet attempted for this person),"House record: Wikipedia: NY State Assembly 1985-1992, then US House 1995-1997 (added via 2026-09 population completeness check; BioguideId F000387)"
F000430,Don Fuqua,Florida,House,Florida House of Representatives,1958-1962,1 term,,,,1963-1987,88th-99th,12,2nd,463,N/A,House record: en.wikipedia.org/wiki/Don_Fuqua
F000438,Sheila Frahm,Kansas,Senate,Kansas Senate,1989-1995,not independently term-counted this pass; see StateLegYears for span,1996-1996,104th,1 term(s),,,,,,N/A - not digitized/available (LegiScan match not yet attempted for this person),"Senate record: Wikipedia: KS State Senate 1989-1995 (Senate Majority Leader 1993), appointed to US Senate in 1996. (added via 2026-09 population completeness check; BioguideId F000438)"
F000441,Ernie Fletcher,Kentucky,House,Kentucky House of Representatives (78th district),1995-1999,2,,,,1999-2003 (resigned to become Governor),106th-108th,3,KY-6,25,N/A,House record: en.wikipedia.org/wiki/Ernie_Fletcher
F000442,Peter Fitzgerald,Illinois,Senate,Illinois State Senate,1993-1998,approx 1 term (staggered IL Senate terms),Jan 3 1999 - Jan 3 2005,106th-108th,1 term (elected 1998; did not seek reelection 2004),,,,,442,N/A - not digitized/available,Senate record: en.wikipedia.org/wiki/Peter_Fitzgerald_(politician)
F000445,J. Randy Forbes,Virginia,House,Virginia House of Delegates (1989-1997); Virginia Senate (1997-2001),VA House 1989-1997 (4 terms); VA Senate 1997-2001 (2 terms); also chaired VA GOP,6 combined,,,,2001-2017,107th-114th,8 (special election 2001 plus 2002-2014),VA-4,119,N/A,House record: Verified live via https://en.wikipedia.org/wiki/J._Randy_Forbes
F000446,Randy Feenstra,Iowa,House,Iowa Senate (2nd district),2009-2021,3,,,,2021-present,117th-119th,3 (as of Aug 2026),IA-4,103,"245 (state bill sponsorships, primary/sponsor only, via LegiScan)",House record: en.wikipedia.org/wiki/Randy_Feenstra
F000447,Tom Feeney,Florida,House,Florida House of Representatives (Speaker 2000-2002),1990-2002,3 terms (non-consecutive),,,,2003-2009,108th-110th,3,24th,36,N/A,House record: en.wikipedia.org/wiki/Tom_Feeney
F000448,Trent Franks,Arizona,House,Arizona House of Representatives (20th district),1985-1987,1 term,,,,2003-2017,108th-114th,7,2nd; 8th,116,N/A,House record: en.wikipedia.org/wiki/Trent_Franks
F000450,Virginia Foxx,North Carolina,House,NC Senate,1995-2005,5 terms,,,,2005-present,109th-119th,11,NC-5,264,N/A,House record: Live-verified via https://en.wikipedia.org/wiki/Virginia_Foxx; draft figures confirmed unchanged.
F000453,Mary Fallin,Oklahoma,House,Oklahoma House of Representatives,1991-1995 (85th district),2,,,,2007-2011,110th-111th,2,5,17,N/A,House record: Verified via en.wikipedia.org/wiki/Mary_Fallin (live fetch); later Lt. Governor and Governor of OK (statewide offices not counted here).
F000462,Lois Frankel,Florida,House,Florida House of Representatives,1986-1992;1994-2002,not independently term-counted this pass; see StateLegYears for span,,,,2013-2027,113th-119th,7 term(s),FL-22,,N/A - not digitized/available (LegiScan match not yet attempted for this person),"House record: Wikipedia: FL House 1986-1992 and 1994-2002 (Minority Leader), then US House starting 2013 (added via 2026-09 population completeness check; BioguideId F000462)"
F000463,Deb Fischer,Nebraska,Senate,Nebraska Legislature (unicameral),2005-2013,2 (term-limited),Jan 3 2013 - present,113th-119th Congress,3 (elected 2012; 2018; 2024),,,,,350,"75 (LOWER BOUND: LegiScan-sourced state bill sponsorships since its coverage begins for NE; this person's state legislative service started before that window, see legiscan_coverage_gap_analysis.csv)",Senate record: Source: en.wikipedia.org/wiki/Deb_Fischer
F000464,John Faso,New York,House,New York State Assembly,1987-2002,not independently term-counted this pass; see StateLegYears for span,,,,2017-2019,115th,1 term(s),NY-19,,N/A - not digitized/available (LegiScan match not yet attempted for this person),"House record: Wikipedia: NY Assembly (102nd district) 1987-2002, Minority Leader 1998-2002, then US House 2017-2019. (added via 2026-09 population completeness check; BioguideId F000464)"
F000467,Abby Finkenauer,Iowa,House,Iowa House of Representatives (99th district),2015-2019,2,,,,2019-2021,116th,1,IA-1,41,"46 (state bill sponsorships, primary/sponsor only, via LegiScan)",House record: en.wikipedia.org/wiki/Abby_Finkenauer
F000469,Russ Fulcher,Idaho,House,Idaho Senate,2005-2014 (District 21 then 22),~5 terms,,,,2019-present,116th-119th,4 terms,1,50,N/A,House record: Source: en.wikipedia.org/wiki/Russ_Fulcher; still serving as of Aug 2026
F000470,Michelle Fischbach,Minnesota,House,Minnesota Senate,1996-2018,~6 (22 yrs; exact term count varies due to redistricting cycles); President of MN Senate 2011-13 and 2017-18,,,,2021-present,117th-119th,3,7th,70,"223 (LOWER BOUND: LegiScan-sourced state bill sponsorships since its coverage begins for MN; this person's state legislative service started before that window, see legiscan_coverage_gap_analysis.csv)",House record: Republican; defeated 30-year incumbent Collin Peterson in 2020; also served briefly as MN Lt. Governor (statewide; not counted). Source: en.wikipedia.org/wiki/Michelle_Fischbach
F000471,Scott Fitzgerald,Wisconsin,House,Wisconsin Senate,1995-2021 (dist 13),13 (elected 1994 plus 6 reelections per WP bio),,,,2021-present,117th-119th,3 (elected 2020;22;24; ongoing),WI-5,79,"176 (LOWER BOUND: LegiScan-sourced state bill sponsorships since its coverage begins for WI; this person's state legislative service started before that window, see legiscan_coverage_gap_analysis.csv)",House record: Verified live via https://en.wikipedia.org/wiki/Scott_Fitzgerald_(politician); not to be confused with early-1900s WV politician of same name
F000474,Mike Flood,Nebraska,House,Nebraska Legislature (unicameral),2005-2013; 2021-2022,~2.5 (Speaker 2007-2013; second stint partial; resigned to join Congress),,,,2022-present (special election July 2022),117th-119th,3,1st,50,"90 (LOWER BOUND: LegiScan-sourced state bill sponsorships since its coverage begins for NE; this person's state legislative service started before that window, see legiscan_coverage_gap_analysis.csv)",House record: Republican; won special election after Jeff Fortenberry's resignation. Source: en.wikipedia.org/wiki/Mike_Flood_(politician)
F000475,Brad Finstad,Minnesota,House,Minnesota House of Representatives,2003-2009,3,,,,2022-present,117th-119th,3,1st,65,N/A,House record: Republican; won Aug 2022 special election after Jim Hagedorn's death. Source: en.wikipedia.org/wiki/Brad_Finstad
F000478,Russell Fry,South Carolina,House,South Carolina House of Representatives,2015-2022 (106th district),~4,,,,2023-present,118th-119th,2,7,32,"109 (state bill sponsorships, primary/sponsor only, via LegiScan)",House record: Verified via en.wikipedia.org/wiki/Russell_Fry (live fetch); defeated incumbent Tom Rice in 2022 GOP primary.
F000480,Vince Fong,California,House,CA State Assembly (34th then 32nd district),2016-2024,4 terms,,,,2024-present,118th-119th (ongoing),1+ term (incl. special-election term),CD20,19,"204 (state bill sponsorships, primary/sponsor only, via LegiScan)",House record: Wikipedia: Vince Fong; still serving as of 2026
F000483,Laura Friedman,California,House,CA State Assembly (44th district),2016-2024,4 terms,,,,2025-present,119th (ongoing),1 term,CD30,11,"278 (state bill sponsorships, primary/sponsor only, via LegiScan)",House record: Wikipedia: Laura Friedman; still serving as of 2026
F000484,Randy Fine,Florida,House,Florida House of Representatives (53rd; then 33rd district); Florida Senate (19th district),2016-2024; 2024-2025,4 terms; partial term,,,,2025-present (special election April 2025),119th,less than 1,6th,31,"165 (state bill sponsorships, primary/sponsor only, via LegiScan)",House record: en.wikipedia.org/wiki/Randy_Fine
G000025,Dean A. Gallo,New Jersey,House,New Jersey General Assembly (24th district; Assembly Minority Leader 1981),~1976-1985,~5,,,,1985-1994 (died in office Nov 6 1994),99th-103rd,5,11th,48,N/A,House record: Wikipedia: en.wikipedia.org/wiki/Dean_Gallo; source had minor internal date inconsistency on exact Assembly start year
G000047,Robert Garcia,New York,House,New York State Assembly (1966-67); New York State Senate (1968-78),1966-1978,2 (Assembly) + 5 (Senate),,,,1978-1990,95th-101st,6,21st (1978-83); 18th (1983-90),123,N/A,House record: Verified via en.wikipedia.org/wiki/Robert_Garcia_(New_York_politician) (live fetch); won Feb 1978 special election; resigned Jan 1990 amid scandal.
G000105,Joseph M. Gaydos,Pennsylvania,House,PA Senate,1967-1968,1 term (dist. 45; resigned to run for Congress via special election),,,,1968-1993,90th-102nd,8,20th,312,N/A,"House record: NEW MEMBER - not in original draft. Found via spot-check. His House tenure (1968-1993) overlaps the 1979-present window for its final ~14 years. Live-verified via https://en.wikipedia.org/wiki/Joseph_M._Gaydos and https://www.library.pasen.gov/people/member-biography?id=4278 (PA Senate Library, existence confirmed via search; full page not independently re-fetched -- flag MEDIUM CONFIDENCE on the exact Senate term count of 1, though Wikipedia corroborates 1967-1968 only)."
G000120,Sam Gejdenson,Connecticut,House,Connecticut House of Representatives,c. 1970s (2 terms),2 terms,,,,1981-2001,97th-106th,10,CT-2,213,N/A,House record: en.wikipedia.org/wiki/Sam_Gejdenson
G000121,George Gekas,Pennsylvania,House,PA House of Representatives (1967-1974; dist. 103); PA Senate (1977-1981; dist. 15),1967-1981 (gap 1975-1976 not in state legislature),4 House terms + 1 Senate term (resigned Senate Dec 31 1981),,,,1983-2003,98th-107th,10,17th,254,N/A,House record: Confidence upgraded from LOW to VERIFIED. Live-verified via https://archives.house.state.pa.us/people/member-biography?ID=530 (PA House Archives) and https://www.library.pasen.gov/people/member-biography?ID=4282 (PA Senate Library) and https://en.wikipedia.org/wiki/George_Gekas. Note: he was not in the state legislature 1975-1976 (gap between House and Senate service); draft's 'c.1967-1982' was roughly right but the precise chamber-by-chamber breakdown and term counts are now confirmed.
G000152,Jim Gibbons,Nevada,House,Nevada Assembly (district 23; renumbered 25),1988-1994,3 (brief break for military service in 1991),,,,1997-2006 (resigned Dec 31 2006 to become Governor),105th-109th,5,2nd,120,N/A,House record: Wikipedia: en.wikipedia.org/wiki/Jim_Gibbons_(American_politician)
G000153,Sam Gibbons,Florida,House,Florida House of Representatives; Florida Senate,1953-1962,not independently term-counted this pass; see StateLegYears for span,,,,1963-1997,88th-104th,17 term(s),FL-11,,N/A - not digitized/available (LegiScan match not yet attempted for this person),"House record: Wikipedia confirms Sam Gibbons served in the Florida House 1953-1958 and Florida Senate 1959-1962 before entering Congress in 1963. (added via 2026-09 population completeness check, weaker last-name-only tier; BioguideId G000153)"
G000210,Paul Gillmor,Ohio,House,Ohio State Senate,1967-1988,~5-6 terms (4-year terms),,,,1989-2007,101st-110th,9,5th,112,N/A,"House record: Live-verified via https://en.wikipedia.org/wiki/Paul_Gillmor; MAJOR CORRECTION: draft claimed ""Ohio House 1967-75, Senate 1975-88"" -- no evidence found of any Ohio HOUSE service; he served continuously in the Ohio STATE SENATE from 1967 to 1988 (including stints as Senate President), then went directly to US House in 1989. Died in office Sept 2007."
G000212,Benjamin Gilman,New York,House,New York State Assembly,1967-1972,3,,,,1973-2003,93rd-107th,15,26th (1973-93 approx); 20th (later),671,N/A,House record: Verified via en.wikipedia.org/wiki/Benjamin_Gilman (live fetch); chaired House Foreign Affairs Committee.
G000272,Henry B. Gonzalez,Texas,House,Texas Senate,1956-1961,1 term (plus reelection before resigning to run for Congress),,,,1961-1999,87th-105th Congress,~19 terms,20,519,N/A,House record: Verified via en.wikipedia.org/wiki/Henry_B._Gonz%C3%A1lez; famous 36-hour anti-segregation filibuster while TX Senator; father of Charlie Gonzalez (who did NOT serve in TX legislature)
G000280,Virgil Goode,Virginia,House,Senate of Virginia,circa 1973-1997 (won special election at age 27; exact end date not fully specified in source),unclear - multiple terms over ~24 years,,,,1997-2009,105th-110th,6,VA-5,84,N/A,House record: Verified live via https://en.wikipedia.org/wiki/Virgil_Goode; party affiliation changed Democratic to Independent to Republican during career
G000333,Slade Gorton,Washington,Senate,Washington House of Representatives,1959-1969,~5 terms (2-yr terms),1981-1987 and 1989-2001 (two non-consecutive stints),97th-99th;101st-106th,3 elections total (1980;1988;1994; lost 1986 and 2000),,,,,616,N/A - not digitized/available,Senate record: Wikipedia: Slade Gorton page
G000352,Bob Graham,Florida,Senate,Florida House of Representatives; Florida State Senate,House 1966-1970; Senate 1970-1978,2 terms (House); 2 terms (Senate;4-yr each),Jan 3 1987 - Jan 3 2005,100th-108th,3 terms (elected 1986;1992;1998),,,,,877,N/A - not digitized/available,Senate record: en.wikipedia.org/wiki/Bob_Graham
G000359,Lindsey Graham,South Carolina,Senate+House,South Carolina House of Representatives,1993-1995,1 term,2003-present,108th-119th,4 terms so far (elected 2002;2008;2014;2020),1995-2003,104th-107th,4,3,774,N/A - not digitized/available,Senate record: Wikipedia: Lindsey Graham page || House record: Verified via en.wikipedia.org/wiki/Lindsey_Graham (live fetch); left House for US Senate in 2003 (still serving in Senate as of 2026).
G000382,Bill Grant,Florida,House,Florida Senate (5th district),1983-1987,1 term,,,,1987-1991,100th-101st,2,2nd,21,N/A,House record: en.wikipedia.org/wiki/James_W._Grant
G000386,Chuck Grassley,Iowa,Senate+House,Iowa House of Representatives,1959-1975,8 terms (2-yr each),Jan 3 1981 - present,97th-119th,8 terms (elected 1980;1986;1992;1998;2004;2010;2016;2022),1975-1981,94th-96th,3,IA-3,2492,N/A - not digitized/available (pre-1975 records),Senate record: en.wikipedia.org/wiki/Chuck_Grassley || House record: Elected to US Senate in 1980 (service there not counted here); en.wikipedia.org/wiki/Chuck_Grassley
G000388,Mike Gravel,Alaska,Senate,Alaska House of Representatives (Speaker 1965-66),1963-1967,2 terms (2-yr each),Jan 3 1969 - Jan 3 1981,91st-96th,2 terms (elected 1968;1974; lost 1980 primary),,,,,187,N/A - not digitized/available,Senate record: en.wikipedia.org/wiki/Mike_Gravel
G000410,Gene Green,Texas,House,Texas House of Representatives; Texas Senate,1973-1985 (House district 140); 1985-1993 (Senate),TX House 6 terms; TX Senate 2 terms,,,,1993-2019,103rd-115th Congress,13 terms,29,315,N/A,House record: Verified via en.wikipedia.org/wiki/Gene_Green
G000417,Sedgwick Green,New York,House,New York State Assembly,1965-1968,not independently term-counted this pass; see StateLegYears for span,,,,1977-1993,95th-102nd,8 term(s),NY-15,,N/A - not digitized/available (LegiScan match not yet attempted for this person),"House record: Sedgwick 'Bill' Green served in the New York State Assembly 1965-1968 before entering the US House in 1978. (added via 2026-09 population completeness check, weaker last-name-only tier; BioguideId G000417)"
G000439,Jim Greenwood,Pennsylvania,House,PA House of Representatives (1981-1987; dist. 143); PA Senate (1987-1993; dist. 10),1981-1993,3 House terms + 1 Senate term (resigned Senate Jan 5 1993),,,,1993-2005,103rd-108th,6,8th,117,N/A,House record: CORRECTED end dates. Live-verified via https://archives.house.state.pa.us/people/member-biography?ID=396 (PA House Archives) and https://www.library.pasen.gov/people/member-biography?id=4318 (PA Senate Library: Senate service listed as 1987-1993) and https://en.wikipedia.org/wiki/Jim_Greenwood_(American_politician). Draft's Senate end year of 1992 should be 1993.
G000480,Wayne Grisham,California,House,CA State Assembly (63rd district) - served AFTER House term,1984-1988,2 terms,,,,1979-1983,96th-97th,2 terms,CD33,9,N/A,House record: Wikipedia: Wayne R. Grisham; unusual sequence - House first (1979-83) then CA Assembly (1984-88)
G000499,John E. Grotberg,Illinois,House,Illinois House of Representatives; Illinois Senate,1973-1977 (House; district 38); 1977-1985 (Senate; districts 38 then 25),2 terms House; 4 terms Senate,,,,1985-1986,99th,1 term (died in office Nov 1986),14,8,N/A,House record: Source: en.wikipedia.org/wiki/John_E._Grotberg
G000511,Frank J. Guarini,New Jersey,House,New Jersey State Senate,1966-1972,~3,,,,1979-1993,96th-102nd,7,14th,257,N/A,House record: Wikipedia: en.wikipedia.org/wiki/Frank_J._Guarini; district eliminated after 1990 census
G000515,Vonno Gudger,North Carolina,House,North Carolina House of Representatives; North Carolina Senate,1950-1952 (House); 1970-1977 (Senate),not independently term-counted this pass; see StateLegYears for span,,,,1977-1981,95th-96th,2 term(s),NC-11,,N/A - not digitized/available (LegiScan match not yet attempted for this person),"House record: V. Lamar Gudger (full name Vonno Lamar Gudger Jr.) served NC House 1950-1952 and NC Senate 1970-1977 before winning Congress in 1976 (Wikipedia). (commonly known as V. Lamar Gudger) (added via 2026-09 population completeness check, weaker last-name-only tier; BioguideId G000515)"
G000524,Steve Gunderson,Wisconsin,House,Wisconsin State Assembly,1975-1979 (dist 91),2,,,,1981-1997,97th-104th,8 (elected 1980;82;84;86;88;90;92;94),WI-3,167,N/A,House record: Verified live via https://en.wikipedia.org/wiki/Steve_Gunderson
G000536,Gil Gutknecht,Minnesota,House,Minnesota House of Representatives,1983-1995,6,,,,1995-2007,104th-109th,6,1st,48,N/A,House record: Republican; lost 2006 to Tim Walz. Source: en.wikipedia.org/wiki/Gil_Gutknecht
G000537,Tennyson Guyer,Ohio,House,Ohio Senate,1959-1972,not independently term-counted this pass; see StateLegYears for span,,,,1973-1983,93rd-97th,5 term(s),OH-4,,N/A - not digitized/available (LegiScan match not yet attempted for this person),"House record: Wikipedia: OH State Senate 1959-1972 (2nd district), then US House 1973-1981 (added via 2026-09 population completeness check; BioguideId G000537)"
G000545,Mark Green,Wisconsin,House,Wisconsin State Assembly,1993-1999 (dist 4),3,,,,1999-2007,106th-109th,4 (elected 1998;2000;02;04),WI-8,113,N/A,House record: Verified live via https://en.wikipedia.org/wiki/Mark_Green_(Wisconsin_politician); not to be confused with same-named politicians elsewhere
G000546,Sam Graves,Missouri,House,Missouri House of Representatives (1993-1995); Missouri Senate (1995-2001),1993-2001,1 House term + 2 Senate terms,,,,2001-present,107th-119th,12,6th,272,N/A,House record: Republican; still serving as of Aug 2026. Source: en.wikipedia.org/wiki/Sam_Graves
G000548,Scott Garrett,New Jersey,House,New Jersey General Assembly (24th district),1990-2003,6,,,,2003-2017,108th-114th,7,5th,237,N/A,House record: Wikipedia: en.wikipedia.org/wiki/Scott_Garrett
G000549,Jim Gerlach,Pennsylvania,House,PA House of Representatives (1991-1995; dist. unspecified in archive); PA Senate (1995-2003; dist. 44),1991-2003,2 House terms + 2 Senate terms,,,,2003-2015,108th-113th,6,6th,135,N/A,"House record: MAJOR CORRECTION - the original flag was warranted. Draft's '6 terms House' was wrong: it conflated total combined House+Senate service into a single House term count. Actual record: PA House 1991-1995 (elected for the 1991 and 1993 terms = 2 terms), then PA Senate 1995-2003 (2 terms, district 44), before winning US House in 2002. Live-verified via https://archives.house.state.pa.us/people/member-biography?ID=255 (PA House Archives, authoritative for House portion) and https://en.wikipedia.org/wiki/Jim_Gerlach for the Senate portion."
G000550,Phil Gingrey,Georgia,House,Georgia State Senate,1999-2003,2 terms,,,,2003-2015,108th-113th,6,11th,198,N/A,House record: en.wikipedia.org/wiki/Phil_Gingrey
G000554,Gabby Giffords,Arizona,House,Arizona House of Representatives (13th district); Arizona Senate (28th district),2001-2003; 2003-2005,1 term; 1 term,,,,2007-2012 (resigned after shooting),110th-112th,3,8th,61,N/A,House record: en.wikipedia.org/wiki/Gabby_Giffords
G000557,Parker Griffith,Alabama,House,Alabama Senate district 7,2006-2009,1 term,,,,2009-2011,111th,1,AL-5,11,N/A,House record: en.wikipedia.org/wiki/Parker_Griffith
G000558,Brett Guthrie,Kentucky,House,Kentucky Senate (32nd district),1999-2008,~3,,,,2009-present,111th-119th,9 (as of Aug 2026),KY-2,140,N/A,House record: en.wikipedia.org/wiki/Brett_Guthrie
G000559,John Garamendi,California,House,CA State Assembly (7th district); CA State Senate (13th district),Assembly 1974-1976; Senate 1976-1990,Assembly 1 term; Senate 4 terms,,,,2009-present,111th-119th (ongoing),8+ terms,CD10 (2009-13); CD3 (2013-present),240,N/A,House record: Wikipedia: John Garamendi; also Lt. Governor/Insurance Commissioner (statewide; not counted); still serving as of 2026
G000560,Tom Graves,Georgia,House,Georgia House of Representatives (10th; then 12th district),2003-2010,4 terms,,,,2010-2020 (resigned),111th-116th,5,9th; 14th,23,"47 (LOWER BOUND: LegiScan-sourced state bill sponsorships since its coverage begins for GA; this person's state legislative service started before that window, see legiscan_coverage_gap_analysis.csv)",House record: en.wikipedia.org/wiki/Tom_Graves
G000562,Cory Gardner,Colorado,Senate+House,Colorado House of Representatives,2005-2011,3 terms (2-yr each),Jan 3 2015 - Jan 3 2021,114th-116th,1 term (elected 2014; lost reelection 2020),2011-2015 (then elected to US Senate),112th-113th,2,CO-4,375,"7 (LOWER BOUND: LegiScan-sourced state bill sponsorships since its coverage begins for CO; this person's state legislative service started before that window, see legiscan_coverage_gap_analysis.csv)",Senate record: en.wikipedia.org/wiki/Cory_Gardner || House record: en.wikipedia.org/wiki/Cory_Gardner
G000563,Bob Gibbs,Ohio,House,Ohio House of Representatives (97th district),2003-2009,3 terms,,,,2011-2023,112th-117th,6,7th,62,"191 (LOWER BOUND: LegiScan-sourced state bill sponsorships since its coverage begins for OH; this person's state legislative service started before that window, see legiscan_coverage_gap_analysis.csv)","House record: Live-verified via https://en.wikipedia.org/wiki/Bob_Gibbs; MINOR CORRECTION: draft said state leg was ""2003-2010, 4 terms"" -- verified infobox shows Jan 3 2003 - Jan 3 2009 (3 terms, 124th-127th Ohio General Assemblies); US House data confirmed exact."
G000568,Morgan Griffith,Virginia,House,Virginia House of Delegates,1994-2011; dist 8 (Majority Leader 2000-2010),9,,,,2011-present,112th-119th,8 (elected 2010;12;14;16;18;20;22;24),VA-9,218,"220 (LOWER BOUND: LegiScan-sourced state bill sponsorships since its coverage begins for VA; this person's state legislative service started before that window, see legiscan_coverage_gap_analysis.csv)",House record: Verified live via https://en.wikipedia.org/wiki/Morgan_Griffith
G000570,Frank Guinta,New Hampshire,House,New Hampshire House of Representatives,2000-2004,2,,,,2011-2013; 2015-2017,112th; 114th,2 (non-consecutive),1st,36,N/A,House record: Republican; lost to Shea-Porter 2012; regained seat 2014; lost again 2016. Source: en.wikipedia.org/wiki/Frank_Guinta
G000571,Tulsi Gabbard,Hawaii,House,Hawaii House of Representatives,2002-2004 (42nd district),1 term (youngest legislator ever elected in HI at the time),,,,2013-2021,113th-116th,4 terms,2,120,N/A,House record: Source: en.wikipedia.org/wiki/Tulsi_Gabbard
G000572,Pete Gallego,Texas,House,Texas House of Representatives,1991-2013,11 terms (district 68/74),,,,2013-2015,113th Congress,1 term,23,16,"457 (LOWER BOUND: LegiScan-sourced state bill sponsorships since its coverage begins for TX; this person's state legislative service started before that window, see legiscan_coverage_gap_analysis.csv)",House record: Verified via en.wikipedia.org/wiki/Pete_Gallego; longest-serving state legislator in this list before reaching Congress; lost re-election to Will Hurd in 2014
G000574,Ruben Gallego,Arizona,Senate+House,Arizona House of Representatives,2011-2014,2 terms (2-yr each),Jan 3 2025 - present,119th,1 term so far (elected 2024),2015-2025 (elected to US Senate in 2024),114th-118th,5,7th; 3rd,281,"225 (state bill sponsorships, primary/sponsor only, via LegiScan)",Senate record: en.wikipedia.org/wiki/Ruben_Gallego || House record: en.wikipedia.org/wiki/Ruben_Gallego
G000576,Glenn Grothman,Wisconsin,House,Wisconsin State Assembly (1993-2005; dist 58); Wisconsin Senate (2005-2015; dist 20),WI Assembly 1993-2005 (6 terms); WI Senate 2005-2015 (3 terms),9 combined,,,,2015-present,114th-119th,6 (elected 2014;16;18;20;22;24; ongoing),WI-6,190,"476 (LOWER BOUND: LegiScan-sourced state bill sponsorships since its coverage begins for WI; this person's state legislative service started before that window, see legiscan_coverage_gap_analysis.csv)",House record: Verified live via https://en.wikipedia.org/wiki/Glenn_Grothman
G000578,Matt Gaetz,Florida,House,Florida House of Representatives,2010-2016,4 terms,,,,2017-2024 (resigned),115th-118th,5,1st,96,"263 (state bill sponsorships, primary/sponsor only, via LegiScan)",House record: en.wikipedia.org/wiki/Matt_Gaetz
G000580,Tom Garrett,Virginia,House,Virginia Senate,dist 22; elected 2011/took office Jan 2012 through his 2016 election to Congress (source shows some date overlap/error with Congress dates - flagged),~1-2 terms,,,,2017-2019,115th,1,VA-5,21,"251 (state bill sponsorships, primary/sponsor only, via LegiScan)",House record: Verified live via https://en.wikipedia.org/wiki/Tom_Garrett_(Virginia_politician); note source had an internal date inconsistency (state senate end date overlapped listed US House start) - state legislature service confirmed but exact end date should be re-checked
G000585,Jimmy Gomez,California,House,CA State Assembly (51st district),2012-2017,2 terms,,,,2017-present,115th-119th (ongoing),5 terms (incl. special-election term),CD34,87,"145 (state bill sponsorships, primary/sponsor only, via LegiScan)",House record: Wikipedia: Jimmy Gomez; still serving as of 2026
G000586,"Jesus ""Chuy"" Garcia",Illinois,House,Illinois Senate,1993-1999 (district 1; first IL state senator of Mexican descent),3 terms,,,,2019-present,116th-119th,4 terms,4,73,N/A,House record: Source: en.wikipedia.org/wiki/Jes%C3%BAs_%22Chuy%22_Garc%C3%ADa; still serving as of Aug 2026
G000587,Sylvia Garcia,Texas,House,Texas Senate,2013-2018,1 term (district 6; resigned before term end),,,,2019-present,116th-119th Congress,4 terms,29,89,"366 (state bill sponsorships, primary/sponsor only, via LegiScan)",House record: Verified via en.wikipedia.org/wiki/Sylvia_Garcia; resigned TX Senate seat effective Nov 9 2018 after winning US House election
G000589,Lance Gooden,Texas,House,Texas House of Representatives,2011-2015; 2017-2019,3 non-consecutive terms (district 4),,,,2019-present,116th-119th Congress,4 terms,5,68,"235 (state bill sponsorships, primary/sponsor only, via LegiScan)",House record: Verified via en.wikipedia.org/wiki/Lance_Gooden; lost 2014 GOP primary but returned to TX House in 2016 before running for US House
G000590,Mark Green,Tennessee,House,Tennessee Senate,2013-2018; dist 22 (2 terms),2,,,,2019-2025 (resigned July 20;2025),116th-119th,~4 (elected 2018;20;22;24; resigned mid-4th term),TN-7,121,"521 (state bill sponsorships, primary/sponsor only, via LegiScan)",House record: Verified live via https://en.wikipedia.org/wiki/Mark_E._Green
G000592,Jared Golden,Maine,House,Maine House of Representatives,2014-2018 (District 60; Asst. House Majority Leader),2 terms,,,,2019-2026 (not seeking reelection in 2026),116th-119th,4 terms,2,88,"47 (state bill sponsorships, primary/sponsor only, via LegiScan)",House record: Source: en.wikipedia.org/wiki/Jared_Golden; serving through Jan 2027 (119th Congress)
G000597,Andrew Garbarino,New York,House,New York State Assembly,2013-2020,4,,,,2021-present,117th-119th,3,2nd,96,"390 (state bill sponsorships, primary/sponsor only, via LegiScan)",House record: Verified via en.wikipedia.org/wiki/Andrew_Garbarino (live fetch); Long Island.
G000601,Craig Goldman,Texas,House,Texas House of Representatives,2013-2025,6 terms (district 97),,,,2025-present,119th Congress,1 term,12,14,"456 (state bill sponsorships, primary/sponsor only, via LegiScan)",House record: Verified via en.wikipedia.org/wiki/Craig_Goldman; was TX House Majority Leader Jan 2023-Apr 2024; succeeded Kay Granger (who did not serve in TX legislature)
G000605,Adam Gray,California,House,CA State Assembly (21st district),2012-2022,5 terms,,,,2025-present,119th (ongoing),1 term,CD13,8,"253 (state bill sponsorships, primary/sponsor only, via LegiScan)",House record: Wikipedia: Adam Gray; still serving as of 2026
H000012,Tom Hagedorn,Minnesota,House,Minnesota House of Representatives,1971-1975,2,,,,1975-1983,94th-97th,4,2nd,113,N/A,House record: Republican; succeeded by Vin Weber. Source: en.wikipedia.org/wiki/Tom_Hagedorn
H000058,Katie Hall,Indiana,House,Indiana House of Representatives; Indiana Senate,1974-1976; 1976-1982,1; ~3,,,,1982-1985 (won special election to finish Benjamin's term + 1 full term),97th-98th,1 full term (plus partial term via special election),IN-1,8,N/A,House record: Sponsored MLK holiday bill (HR 3706); en.wikipedia.org/wiki/Katie_Hall_(American_politician)
H000067,Ralph Hall,Texas,House,Texas Senate,1963-1973,~2-3 terms (approx),,,,1981-2015,97th-113th Congress,17 terms,4,151,N/A,House record: Verified via en.wikipedia.org/wiki/Ralph_Hall; elected to TX Senate seat vacated by Ray Roberts; oldest sitting House member at time of retirement; switched parties (D to R) in 2004
H000074,Tony Hall,Ohio,House,Ohio House of Representatives 1969-1973; Ohio State Senate 1973-1979,1969-1979,House ~2 terms + Senate ~3 terms,,,,1979-2002,96th-107th,12,3rd,231,N/A,"House record: Live-verified via https://en.wikipedia.org/wiki/Tony_P._Hall (note disambiguated URL); MAJOR CORRECTION: draft said ""Ohio House 1969-1978"" continuously, but he actually served Ohio HOUSE 1969-1973 then Ohio SENATE 1973-1979 (two different chambers, not one); US House data (1979-2002, 96th-107th, 12 terms) confirmed accurate."
H000144,Kent Hance,Texas,House,Texas Senate,1975-1979,1 term (district 28),,,,1979-1985,96th-98th Congress,3 terms,19,60,N/A,"House record: Verified via en.wikipedia.org/wiki/Kent_Hance; defeated incumbent H.J. ""Doc"" Blanchard for TX Senate seat in 1974"
H000172,James V. Hansen,Utah,House,Utah House of Representatives,1973-1980 (Speaker 1979-1980),~4,,,,1981-2003,97th-107th,11 (elected 1980;82;84;86;88;90;92;94;96;98;2000),UT-1,193,N/A,House record: Verified live via https://en.wikipedia.org/wiki/James_V._Hansen
H000302,Thomas F. Hartnett,South Carolina,House,South Carolina House of Representatives; South Carolina Senate,~1965-1972 (House; 4 terms); 1972-1980 (Senate; 2 terms),4 (House) + 2 (Senate),,,,1981-1987,97th-99th,3,1,47,N/A,House record: Verified via en.wikipedia.org/wiki/Thomas_F._Hartnett (live fetch); left House to run for SC Lt. Governor in 1986.
H000323,Dennis Hastert,Illinois,House,Illinois House of Representatives,1981-1987 (districts 39 then 82),3 terms,,,,1987-2007,100th-109th,10 terms (resigned Nov 2007),14,67,N/A,House record: Later Speaker of the US House 1999-2007; Source: en.wikipedia.org/wiki/Dennis_Hastert
H000329,Doc Hastings,Washington,House,Washington House of Representatives,January 1979-January 1987; dist 16 (4 terms; Assistant Majority Leader),4,,,,1995-2015,104th-113th,10,WA-4,304,N/A,House record: Verified live via https://en.wikipedia.org/wiki/Doc_Hastings
H000340,Charles Hatcher,Georgia,House,Georgia House of Representatives (114th; then 131st district),1973-1980,~4 terms,,,,1981-1993,97th-102nd,6,2nd,23,N/A,House record: en.wikipedia.org/wiki/Charles_Hatcher_(politician)
H000343,Mark Hatfield,Oregon,Senate,Oregon House of Representatives; Oregon State Senate,1951-1955 (House); 1955-1959 (Senate; resigned to become Sec of State),2 terms House; ~1 term Senate (partial;resigned 1959),1967-1997,90th-104th,5 terms (elected 1966;1972;1978;1984;1990),,,,,761,N/A - not digitized/available,Senate record: Wikipedia: Mark Hatfield page
H000367,Augustus Hawkins,California,House,CA State Assembly (62nd district),1935-1963,14 terms,,,,1963-1991,88th-101st,14 terms,CD21 (1963-75); CD29 (1975-91),248,N/A,House record: Wikipedia: Augustus Hawkins
H000439,Chic Hecht,Nevada,Senate,Nevada Senate,1967-1975,2 (approx.; 8 years; minority leader 1969-70),Jan 3 1983 - Jan 3 1989,98th-100th Congress,1 (elected 1982; lost re-election 1988 to Bryan),,,,,78,N/A - not digitized/available,Senate record: Source: en.wikipedia.org/wiki/Chic_Hecht
H000444,Joel Hefley,Colorado,House,Colorado House of Representatives (1977-1978); Colorado Senate district 9 (1979-1987),1977-1987,1 term House; 2 terms Senate,,,,1987-2007,100th-109th,10,CO-5,295,N/A,House record: en.wikipedia.org/wiki/Joel_Hefley
H000514,Paul B. Henry,Michigan,House,Michigan House of Representatives (1979-1982); Michigan Senate (1983-1985),1979-1985,1 term House; 1 term Senate,,,,1985-1993 (died in office July 31 1993),99th-103rd,5,MI-5 (1985-1991); MI-3 (1991-1993),53,N/A,House record: en.wikipedia.org/wiki/Paul_B._Henry
H000528,Wally Herger,California,House,CA State Assembly,1980-1986,3 terms,,,,1987-2013,100th-112th,13 terms,CD2,216,N/A,House record: Wikipedia: Wally Herger
H000547,Dennis Hertel,Michigan,House,Michigan House of Representatives,1975-1981,3 terms,,,,1981-1993,97th-102nd,6,MI-14,130,N/A,House record: en.wikipedia.org/wiki/Dennis_Hertel
H000582,Jack Hightower,Texas,House,Texas House of Representatives; Texas Senate,1953-1955 (House); 1965-1974 (Senate districts 23 then 30),TX House 1 term; TX Senate ~3 terms,,,,1975-1985,94th-98th Congress,5 terms,13,39,N/A,House record: Verified via en.wikipedia.org/wiki/Jack_Hightower; lost seat to Beau Boulter (R) 1984 - Boulter did not serve in TX legislature per his Wikipedia page
H000621,Earl Hilliard Sr.,Alabama,House,Alabama House of Representatives (1974-1980); Alabama Senate districts 15 (1980-1983) and 20 (1983-1993),1974-1993,3 terms House; ~3 terms Senate,,,,1993-2003,103rd-107th,5,AL-7,31,N/A,House record: en.wikipedia.org/wiki/Earl_Hilliard_Sr.
H000624,Elwood Hillis,Indiana,House,Indiana House of Representatives,1967-1971 (95th & 96th General Assembly),2,,,,1971-1987,92nd-99th,8,IN-5,160,N/A,House record: en.wikipedia.org/wiki/Elwood_Hillis
H000627,Maurice Hinchey,New York,House,New York State Assembly,1975-1992,9,,,,1993-2013,103rd-112th,10,22nd,207,N/A,House record: Verified via ballotpedia.org/Maurice_Hinchey (live fetch); Hudson Valley/Southern Tier.
H000652,Peter Hoagland,Nebraska,House,Nebraska Legislature (unicameral),1979-1987,2,,,,1989-1995,101st-103rd,3,2nd,59,N/A,House record: Democrat; defeated 1994. Source: en.wikipedia.org/wiki/Peter_Hoagland
H000666,David Hobson,Ohio,House,Ohio State Senate,1982-1991,~2 terms,,,,1991-2009,102nd-110th,9,7th,52,N/A,"House record: Live-verified via https://en.wikipedia.org/wiki/Dave_Hobson (note: page titled ""Dave Hobson""); MINOR CORRECTION: state senate service was Dec 13 1982 - Jan 3 1991 (draft said 1983-1990); US House data confirmed exact (102nd-110th, 9 terms)."
H000670,George Hochbrueckner,New York,House,New York State Assembly,1975-1984,5,,,,1987-1995,100th-103rd,4,1st,74,N/A,House record: Verified via en.wikipedia.org/wiki/George_Hochbrueckner (live fetch).
H000722,Harold C. Hollenbeck,New Jersey,House,New Jersey General Assembly (1968-1972); New Jersey Senate (1972-1974),1968-1974,~3 combined,,,,1977-1983,95th-97th,3,9th,49,N/A,House record: Wikipedia: en.wikipedia.org/wiki/Harold_C._Hollenbeck
H000725,Fritz Hollings,South Carolina,Senate,South Carolina House of Representatives,1949-1954 (Speaker Pro Tempore 1951;1953),3 terms,1966-2005,89th-108th,7 elections total (special election 1966; full terms 1968;1974;1980;1986;1992;1998),,,,,1066,N/A - not digitized/available,Senate record: Wikipedia: Fritz Hollings page
H000762,Darlene Hooley,Oregon,House,OR House,1981-1987,3 terms,,,,1997-2009,105th-110th,6,OR-5,146,N/A,House record: Live-verified via https://en.wikipedia.org/wiki/Darlene_Hooley; draft figures confirmed unchanged (source phrased start as 1980 election year; in-office start 1981 retained).
H000776,Larry Hopkins,Kentucky,House,Kentucky House of Representatives (78th district); Kentucky Senate (12th district),1972-1978; 1978 (partial),3; N/A (partial term),,,,1979-1993,96th-102nd,7,KY-6,47,N/A,House record: en.wikipedia.org/wiki/Larry_J._Hopkins
H000874,Steny Hoyer,Maryland,House,Maryland Senate (district 4C 1967-1975; district 26 1975-1978; Senate President from 1975),1967-1978,~3,,,,1981-present,97th-119th,~23,5th,375,N/A,House record: House Majority Leader 2007-2011 and 2019-2023; became youngest MD Senate President in state history. Source: en.wikipedia.org/wiki/Steny_Hoyer
H000878,Carroll Hubbard,Kentucky,House,Kentucky Senate,1968-1975,~3,,,,1975-1993,94th-102nd,9,KY-1,79,N/A,House record: en.wikipedia.org/wiki/Carroll_Hubbard
H000905,Walter Huddleston,Kentucky,Senate,Kentucky State Senate (Majority Leader),1966-1972,3 terms (2-yr each),Jan 3 1973 - Jan 3 1985,93rd-98th,2 terms (elected 1972;1978; lost 1984),,,,,179,N/A - not digitized/available,Senate record: en.wikipedia.org/wiki/Walter_Huddleston
H000951,Gordon Humphrey,New Hampshire,Senate,New Hampshire Senate,1990-1992,not independently term-counted this pass; see StateLegYears for span,1979-1990,96th-101st,2 term(s),,,,,,N/A - not digitized/available (LegiScan match not yet attempted for this person),"Senate record: Wikipedia: Same person served US Senate 1979-1990, then NH State Senate (17th district) 1990-1992 after leaving federal office (order reversed from typical pattern, but confirmed same individual). (added via 2026-09 population completeness check; BioguideId H000951)"
H001015,Tim Hutchinson,Arkansas,Senate+House,Arkansas House of Representatives district 1,1985-1993,4 terms,1997-2003,105th-107th,1,1993-1997,103rd-104th,2,AR-3,243,N/A,"Senate record: Added 2026-10-06: this chamber's service was missing from the original research; years, Congresses and terms taken from the official @unitedstates/congress-legislators term records. State legislature fields copied from this person's House record. || House record: en.wikipedia.org/wiki/Tim_Hutchinson"
H001016,Kay Bailey Hutchison,Texas,Senate,Texas House of Representatives,1972-1976,2 terms,1993-2013,103rd-112th,3 elections (special election 1993; full term 1994; re-elected 2000;2006),,,,,959,N/A - not digitized/available,Senate record: Wikipedia: Kay Bailey Hutchison page
H001018,Earl Hutto,Florida,House,Florida House of Representatives,1972-1978,3 terms,,,,1979-1995,96th-103rd,8,1st,80,N/A,House record: en.wikipedia.org/wiki/Earl_Hutto
H001022,Henry Hyde,Illinois,House,Illinois House of Representatives,1967-1975 (Majority Leader 1971-1972),4 terms,,,,1975-2007,94th-109th,16 terms,6 (previously numbered 18th/16th pre-1975 redistricting),466,N/A,House record: Chaired House Judiciary Committee; Source: en.wikipedia.org/wiki/Henry_Hyde
H001029,Robin Hayes,North Carolina,House,NC House,1992-1996,2 terms,,,,1999-2009,106th-110th,5,NC-8,72,N/A,"House record: Live-verified via https://en.wikipedia.org/wiki/Robin_Hayes, https://ballotpedia.org/Robin_Hayes_(North_Carolina), and https://bioguideretro.congress.gov/Home/MemberDetails?memIndex=h001029 (official bioguide). CORRECTED: draft said NC House 1989-1996/4 terms; official bioguide confirms 1992-1996/2 terms. US House figures (1999-2009, 106th-110th, 5 terms) confirmed unchanged."
H001030,Baron Hill,Indiana,House,Indiana House of Representatives,1982-1990,4,,,,1999-2005; 2007-2011,106th-108th; 110th-111th,5,IN-9,65,N/A,House record: en.wikipedia.org/wiki/Baron_Hill_(politician)
H001031,Joseph Hoeffel,Pennsylvania,House,Pennsylvania House of Representatives,1977-1984,not independently term-counted this pass; see StateLegYears for span,,,,1999-2005,106th-108th,3 term(s),PA-13,,N/A - not digitized/available (LegiScan match not yet attempted for this person),"House record: Wikipedia: PA House 153rd district 1977-1984, then US House starting 1999 (same person). (added via 2026-09 population completeness check; BioguideId H001031)"
H001033,Melissa Hart,Pennsylvania,House,PA Senate,1991-2001,~3 terms (elected 1990;1994;1998; resigned Jan 2001 before completing 3rd term; dist. 40),,,,2001-2007,107th-109th,3,4th,59,N/A,House record: Live-verified via https://en.wikipedia.org/wiki/Melissa_Hart_(politician) and https://www.library.pasen.gov/people/member-biography?id=5601 (PA Senate Library). Draft data confirmed accurate; no changes.
H001034,Michael Honda,California,House,California State Assembly,1996-2000,not independently term-counted this pass; see StateLegYears for span,,,,2001-2017,107th-114th,8 term(s),CA-17,,N/A - not digitized/available (LegiScan match not yet attempted for this person),"House record: Member of the California State Assembly 23rd district from Dec 1996 to Nov 2000 before winning Congress in 2000 per Wikipedia (added via 2026-09 population completeness check, weaker last-name-only tier; BioguideId H001034)"
H001035,Katherine Harris,Florida,House,Florida Senate,1994-1998,not independently term-counted this pass; see StateLegYears for span,,,,2003-2007,108th-109th,2 term(s),FL-13,,N/A - not digitized/available (LegiScan match not yet attempted for this person),"House record: Wikipedia: FL Senate 24th district 1994-1998, then FL Secretary of State, then US House 2003 (added via 2026-09 population completeness check; BioguideId H001035)"
H001038,Brian Higgins,New York,House,New York State Assembly,1999-2004 (145th district),3,,,,2005-2024,109th-118th,10,27th (2005-13); 26th (2013-24),132,N/A,House record: Verified via en.wikipedia.org/wiki/Brian_Higgins (live fetch); resigned Feb 2 2024; Buffalo.
H001041,Dean Heller,Nevada,Senate+House,Nevada Assembly,1990-1994,2,May 9 2011 - Jan 3 2019,112th-115th Congress,Appointed May 2011; elected 2012 (1 elected term; lost re-election 2018),2007-2011 (resigned; appointed to US Senate),110th-112th,2,2nd,488,N/A - not found in quick search,Senate record: Source: en.wikipedia.org/wiki/Dean_Heller || House record: Wikipedia: en.wikipedia.org/wiki/Dean_Heller
H001042,Mazie Hirono,Hawaii,Senate+House,Hawaii House of Representatives,1981-1994,7 terms (2-yr each),Jan 3 2013 - present,113th-119th,3 terms (elected 2012;2018;2024),2007-2013,110th-112th,3 terms,2,804,N/A - not digitized/available,Senate record: en.wikipedia.org/wiki/Mazie_Hirono || House record: Later elected US Senator 2013 (not counted here); Source: en.wikipedia.org/wiki/Mazie_Hirono
H001044,Debbie Halvorson,Illinois,House,Illinois Senate,1997-2009 (district 40),6 terms,,,,2009-2011,111th,1 term,11,29,N/A,House record: Source: en.wikipedia.org/wiki/Debbie_Halvorson
H001049,Kay Hagan,North Carolina,Senate,North Carolina State Senate,1999-2009,5,Jan 3 2009 - Jan 3 2015,111th-113th Congress,1 (elected 2008; lost re-election 2014),,,,,266,N/A - not found in quick search,Senate record: Source: en.wikipedia.org/wiki/Kay_Hagan
H001050,Colleen Hanabusa,Hawaii,House,Hawaii Senate,1998-2010 (21st District; Senate President 2007),~6 terms,,,,2011-2015; 2016-2019,112th-113th; 114th(partial)-115th,~3 terms (incl. partial term via 2016 special election),1,43,"617 (LOWER BOUND: LegiScan-sourced state bill sponsorships since its coverage begins for HI; this person's state legislative service started before that window, see legiscan_coverage_gap_analysis.csv)",House record: Source: en.wikipedia.org/wiki/Colleen_Hanabusa
H001052,Andy Harris,Maryland,House,Maryland Senate (9th district then 7th district; Minority Whip 2003-2006),1999-2011,3,,,,2011-present,112th-119th,8,1st,50,"31 (LOWER BOUND: LegiScan-sourced state bill sponsorships since its coverage begins for MD; this person's state legislative service started before that window, see legiscan_coverage_gap_analysis.csv)",House record: Defeated incumbent Frank Kratovil in 2010. Source: en.wikipedia.org/wiki/Andy_Harris_(politician)
H001053,Vicky Hartzler,Missouri,House,Missouri House of Representatives,1995-2001,1 (6 yrs per Wikipedia; left after adopting a child),,,,2011-2023,112th-117th,6,4th,98,N/A,House record: Republican; defeated longtime incumbent Ike Skelton in 2010. Source: en.wikipedia.org/wiki/Vicky_Hartzler
H001055,Joe Heck,Nevada,House,Nevada State Senate (5th district),2004-2008,1,,,,2011-2017,112th-114th,3,3rd,61,N/A,House record: Wikipedia: en.wikipedia.org/wiki/Joe_Heck
H001056,Jaime Herrera Beutler,Washington,House,Washington House of Representatives,November 2007-January 2011 (appointed 2007; won 2008 election),1 (plus appointment),,,,2011-2023,112th-117th,6,WA-3,63,"107 (LOWER BOUND: LegiScan-sourced state bill sponsorships since its coverage begins for WA; this person's state legislative service started before that window, see legiscan_coverage_gap_analysis.csv)",House record: Verified live via https://en.wikipedia.org/wiki/Jaime_Herrera_Beutler
H001057,Tim Huelskamp,Kansas,House,Kansas Senate (38th district),1997-2011,4,,,,2011-2017,112th-114th,3,1st,52,"21 (LOWER BOUND: LegiScan-sourced state bill sponsorships since its coverage begins for KS; this person's state legislative service started before that window, see legiscan_coverage_gap_analysis.csv)",House record: Defeated in 2016 GOP primary by Roger Marshall. Source: en.wikipedia.org/wiki/Tim_Huelskamp
H001058,Bill Huizenga,Michigan,House,Michigan House of Representatives,2003-2009,3 terms,,,,2011-present,112th-119th,8,MI-2 (2011-2023); MI-4 (2023-present),177,N/A,House record: en.wikipedia.org/wiki/Bill_Huizenga
H001059,Randy Hultgren,Illinois,House,Illinois House of Representatives; Illinois Senate,1999-2007 (House; districts 40 then 95); 2007-2011 (Senate; district 48),4 terms House; 2 terms Senate,,,,2011-2019,112th-115th,4 terms,14,67,"60 (LOWER BOUND: LegiScan-sourced state bill sponsorships since its coverage begins for IL; this person's state legislative service started before that window, see legiscan_coverage_gap_analysis.csv)",House record: Source: en.wikipedia.org/wiki/Randy_Hultgren
H001060,Robert Hurt,Virginia,House,Virginia House of Delegates (2002-2008); Virginia Senate (2008-2011),VA House dist 16 2002-2008 (3 terms); VA Senate dist 19 2008-2011 (1 term),4 combined,,,,2011-2017,112th-114th,3,VA-5,25,"146 (LOWER BOUND: LegiScan-sourced state bill sponsorships since its coverage begins for VA; this person's state legislative service started before that window, see legiscan_coverage_gap_analysis.csv)",House record: Verified live via https://en.wikipedia.org/wiki/Robert_Hurt_(politician)
H001064,Denny Heck,Washington,House,Washington House of Representatives,1977-1985; dist 17 (5 terms),5,,,,2013-2021,113th-116th,4,WA-10,62,N/A,House record: Verified live via https://en.wikipedia.org/wiki/Denny_Heck; later Lieutenant Governor of Washington
H001066,Steven Horsford,Nevada,House,Nevada State Senate (4th district),2005-2013,2,,,,2013-2015; 2019-present,113th; 116th-119th,5,4th,119,"88 (LOWER BOUND: LegiScan-sourced state bill sponsorships since its coverage begins for NV; this person's state legislative service started before that window, see legiscan_coverage_gap_analysis.csv)",House record: Wikipedia: en.wikipedia.org/wiki/Steven_Horsford; NV Senate Majority Leader 2009-2013 (first African American in that role); gap 2015-2019 after losing 2014 to Hardy
H001068,Jared Huffman,California,House,CA State Assembly (6th district),2006-2012,3 terms,,,,2013-present,113th-119th (ongoing),7 terms,CD2,242,"689 (LOWER BOUND: LegiScan-sourced state bill sponsorships since its coverage begins for CA; this person's state legislative service started before that window, see legiscan_coverage_gap_analysis.csv)",House record: Wikipedia: Jared Huffman; still serving as of 2026
H001070,Cresent Hardy,Nevada,House,Nevada Assembly (20th district 2010-2012; 19th district 2012-2014),2010-2014,2,,,,2015-2017,114th,1,4th,16,"46 (state bill sponsorships, primary/sponsor only, via LegiScan)",House record: Wikipedia: en.wikipedia.org/wiki/Cresent_Hardy
H001076,Maggie Hassan,New Hampshire,Senate,New Hampshire State Senate,2005-2010,3 (elected 2004; 2006; 2008),Jan 3 2017 - present,115th-119th Congress,2 (elected 2016; 2022),,,,,415,"40 (LOWER BOUND: LegiScan-sourced state bill sponsorships since its coverage begins for NH; this person's state legislative service started before that window, see legiscan_coverage_gap_analysis.csv)",Senate record: Source: en.wikipedia.org/wiki/Maggie_Hassan
H001079,Cindy Hyde-Smith,Mississippi,Senate,Mississippi State Senate,2000-2012,3,Apr 2 2018 - present,115th-119th Congress,Appointed Apr 2018; won 2018 special election; re-elected 2024 (2 elected terms),,,,,160,"210 (LOWER BOUND: LegiScan-sourced state bill sponsorships since its coverage begins for MS; this person's state legislative service started before that window, see legiscan_coverage_gap_analysis.csv)",Senate record: Source: en.wikipedia.org/wiki/Cindy_Hyde-Smith
H001084,Yvette Herrell,New Mexico,House,New Mexico House of Representatives,2011-2019 (51st district),4,,,,2021-2023; 2025-present (non-continuous; lost 2022; won back 2024),117th; 119th,2,2,25,"82 (state bill sponsorships, primary/sponsor only, via LegiScan)",House record: Verified via en.wikipedia.org/wiki/Yvette_Herrell (live fetch).
H001091,Ashley Hinson,Iowa,House,Iowa House of Representatives (67th district),2017-2021,2,,,,2021-present,117th-119th,3 (as of Aug 2026),IA-1 (2021-2023); IA-2 (2023-present),95,"45 (state bill sponsorships, primary/sponsor only, via LegiScan)",House record: en.wikipedia.org/wiki/Ashley_Hinson
H001093,Erin Houchin,Indiana,House,Indiana Senate (47th district),2014-2022 (resigned Feb 2022),2,,,,2023-present,118th-119th,2 (as of Aug 2026),IN-9,69,"350 (state bill sponsorships, primary/sponsor only, via LegiScan)",House record: en.wikipedia.org/wiki/Erin_Houchin
H001094,Val Hoyle,Oregon,House,OR House,2009-2017,4 terms,,,,2023-present,118th-119th,2,OR-4,25,"290 (LOWER BOUND: LegiScan-sourced state bill sponsorships since its coverage begins for OR; this person's state legislative service started before that window, see legiscan_coverage_gap_analysis.csv)","House record: Live-verified via https://en.wikipedia.org/wiki/Val_Hoyle. CORRECTED: draft said 2009-2015/3 terms; actual is 2009-2017/4 terms (appointed Aug 2009, elected to full terms 2010, 2012, 2014)."
H001099,Mike Haridopolos,Florida,House,Florida House of Representatives; Florida Senate,2000-2012,not independently term-counted this pass; see StateLegYears for span,,,,2025-2027,119th,1 term(s),FL-8,,N/A - not digitized/available (LegiScan match not yet attempted for this person),"House record: Wikipedia: FL House 2000-2003, FL Senate 2003-2012 (Senate President 2010-2012), then US House from 2025. (added via 2026-09 population completeness check; BioguideId H001099)"
H001104,Jon Husted,Ohio,Senate,Ohio House of Representatives; Ohio Senate,2001-2009 (House; Speaker 2005-2009); 2009-2011 (Senate),4 terms House; 1 partial term Senate (elected 2008; resigned 2011 for Sec of State),2025-present,119th-,0 full terms elected yet (appointed Jan 2025 by Gov. DeWine to fill Vance vacancy; special election pending Nov 2026),,,,,82,"74 (LOWER BOUND: LegiScan-sourced state bill sponsorships since its coverage begins for OH; this person's state legislative service started before that window, see legiscan_coverage_gap_analysis.csv)",Senate record: Wikipedia: Jon Husted page
I000001,Richard Ichord,Missouri,House,Missouri House of Representatives,1952-1960,~4 (Speaker 1959; Speaker pro tem 1957),,,,1961-1981,87th-96th,10,8th,109,N/A,House record: Only final term (96th Congress) overlaps 1979-2026 window; chaired House Un-American Activities Cmte 1969-75. Source: en.wikipedia.org/wiki/Richard_Ichord
I000024,Jim Inhofe,Oklahoma,Senate+House,Oklahoma House of Representatives; Oklahoma Senate,1966-1969 (House); 1969-1977 (Senate; Minority Leader 1975-1976),1 term House; 2 terms Senate,1994-2023,103rd-117th,6 elected/re-elected (1994 special; 1996; 2002; 2008; 2014; 2020),1987-1994,100th-103rd,4,1,1297,N/A - not digitized/available,Senate record: Wikipedia: Jim Inhofe page || House record: Verified via en.wikipedia.org/wiki/James_Inhofe (live fetch); resigned House seat after winning 1994 US Senate special election; served in Senate until his death in 2024.
I000025,Daniel Inouye,Hawaii,Senate,Hawaii Territorial House of Representatives; Territorial Senate,House 1954-1957; Senate 1957-1959,2 terms (House); 1 term (Senate),Jan 3 1963 - Dec 17 2012,88th-112th,9 terms (elected 1962;1968;1974;1980;1986;1992;1998;2004;2010; died in office 2012),,,,,2164,N/A - pre-statehood territorial records not digitized,Senate record: en.wikipedia.org/wiki/Daniel_Inouye
I000026,Jay Inslee,Washington,House,Washington House of Representatives,January 1989-January 1993; dist 14 (2 terms),2,,,,1993-1995 (WA-4); 1999-2012 (WA-1; resigned to run for Governor),103rd; 106th-112th,8 total (1 term in WA-4 plus 7 terms in WA-1),WA-4 (1993-1995); WA-1 (1999-2012),171,N/A,House record: Verified live via https://en.wikipedia.org/wiki/Jay_Inslee; later Governor of Washington 2013-2025
I000047,Ernest Istook,Oklahoma,House,Oklahoma House of Representatives,1987-1993,3,,,,1993-2007,103rd-109th,7,5,79,N/A,House record: Verified via en.wikipedia.org/wiki/Ernest_Istook (live fetch).
I000055,Johnny Isakson,Georgia,Senate+House,Georgia House of Representatives (Minority Leader); Georgia State Senate,House 1977-1991; Senate 1993-1996,7 terms (House); 1 term (Senate),Jan 3 2005 - Dec 31 2019,109th-116th,3 terms (elected 2004;2010;2016; resigned Dec 2019 for health reasons),1999-2005 (special election Feb 1999),106th-108th,3 (incl. special election),6th,415,N/A - not digitized/available,Senate record: en.wikipedia.org/wiki/Johnny_Isakson || House record: en.wikipedia.org/wiki/Johnny_Isakson
J000020,Chris Jacobs,New York,House,New York State Senate,2017-2020,not independently term-counted this pass; see StateLegYears for span,,,,2020-2023,116th-117th,2 term(s),NY-27,,N/A - not digitized/available (LegiScan match not yet attempted for this person),"House record: Chris Jacobs served in the New York State Senate (60th district) 2017-2020 before winning a 2020 special election to Congress (Wikipedia). (added via 2026-09 population completeness check, weaker last-name-only tier; BioguideId J000020)"
J000033,Andrew Jacobs Jr.,Indiana,House,Indiana House of Representatives,1959-1960,1,,,,1965-1973; 1975-1997 (2-year gap after 1972 defeat),89th-92nd; 94th-104th,15,IN-11 (1965-1973; 1975-1983); IN-10 (1983-1997),663,N/A,House record: District numbers per redistricting; en.wikipedia.org/wiki/Andrew_Jacobs_Jr.
J000070,William J. Jefferson,Louisiana,House,Louisiana Senate,1979-1990,~3,,,,1991-2009,102nd-110th,9,2nd,124,N/A,House record: Convicted of bribery in 2009; lost re-election that year. Source: en.wikipedia.org/wiki/William_J._Jefferson
J000072,Jim Jeffords,Vermont,Senate+House,Vermont Senate,1967-1969,1 term,1989-2007,101st-109th,3 terms (elected 1988;1994;2000; switched from R to Independent in 2001),1975-1989,94th-100th,7 (elected 1974;76;78;80;82;84;86),VT at-large,912,N/A - not digitized/available,Senate record: Wikipedia: Jim Jeffords page || House record: Verified live via https://en.wikipedia.org/wiki/Jim_Jeffords; later elected US Senator (1989-2007;switched to Independent 2001) - Senate service excluded from this House-only project
J000082,Bill Jenkins,Tennessee,House,Tennessee House of Representatives,January 1963-May 1970 (Speaker of the House Jan 1969-May 1970),~1.5 (one full term plus partial second),,,,1997-2007,105th-109th,5 (elected 1996;98;2000;02;04),TN-1,38,N/A,House record: Verified live via https://en.wikipedia.org/wiki/Bill_Jenkins_(politician)
J000099,John Jenrette,South Carolina,House,South Carolina House of Representatives,1964-1972,4,,,,1975-1980,94th-96th,~3 (resigned Dec 10 1980 amid Abscam scandal),6,67,N/A,House record: Verified via en.wikipedia.org/wiki/John_Jenrette (live fetch).
J000101,Roger Jepsen,Iowa,Senate,Iowa State Senate,1967-1969,1 term (2-yr; also Lt. Governor 1969-1973),Jan 3 1979 - Jan 3 1985,96th-98th,1 term (elected 1978; lost reelection 1984),,,,,164,N/A - not digitized/available,Senate record: en.wikipedia.org/wiki/Roger_Jepsen
J000110,Christopher John,Louisiana,House,Louisiana House of Representatives,1988-1996,not independently term-counted this pass; see StateLegYears for span,,,,1997-2005,105th-108th,4 term(s),LA-7,,N/A - not digitized/available (LegiScan match not yet attempted for this person),"House record: Wikipedia: LA House 42nd district 1988-1996, then US House 1997-2005 (same Chris John) (added via 2026-09 population completeness check; BioguideId J000110)"
J000120,Don Johnson Jr.,Georgia,House,Georgia State Senate (47th district),1987-1993,1 term,,,,1993-1995,103rd,1,10th,2,N/A,House record: en.wikipedia.org/wiki/Don_Johnson_Jr.
J000126,Eddie Bernice Johnson,Texas,House,Texas House of Representatives; Texas Senate,1973-1977 (House district 33); 1987-1993 (Senate district 23),TX House 2 terms; TX Senate 3 terms,,,,1993-2023,103rd-117th Congress,15 terms,30,347,N/A,House record: Verified via en.wikipedia.org/wiki/Eddie_Bernice_Johnson; first Black woman elected to TX Senate from Dallas
J000135,Harold Johnson,California,House,California State Senate,1949-1959,not independently term-counted this pass; see StateLegYears for span,,,,1959-1981,86th-96th,11 term(s),CA-1,,N/A - not digitized/available (LegiScan match not yet attempted for this person),"House record: Wikipedia (Harold 'Bizz' Johnson): CA Senate 1949-1959, then US House starting 1958 (same person). (added via 2026-09 population completeness check; BioguideId J000135)"
J000163,Nancy Johnson,Connecticut,House,Connecticut Senate,1977-1983,3 terms,,,,1983-2007,98th-109th,12,CT-6 (1983-2003); CT-5 (2003-2007; redistricted),329,N/A,House record: en.wikipedia.org/wiki/Nancy_Johnson
J000174,Sam Johnson,Texas,House,Texas House of Representatives,1985-1991,3 terms (district 60),,,,1991-2019,102nd-115th Congress,14 terms,3,278,N/A,House record: Verified via en.wikipedia.org/wiki/Sam_Johnson; former POW Vietnam War; succeeded Steve Bartlett in TX-3
J000177,Tim Johnson,South Dakota,Senate+House,South Dakota House of Representatives; South Dakota Senate,1979-1982 (House); 1983-1986 (Senate),2 terms House; 2 terms Senate,1997-2015,105th-113th,3 terms (elected 1996;2002;2008),1987-1997,100th-104th,5 (elected 1986;88;90;92;94),SD at-large,463,N/A - not digitized/available,Senate record: Wikipedia: Tim Johnson (South Dakota politician) page || House record: Verified live via https://en.wikipedia.org/wiki/Tim_Johnson_(South_Dakota_politician); not to be confused with US Rep from Illinois of same name
J000187,Harry Johnston,Florida,House,Florida State Senate (26th district),1974-1986,~3 terms (Senate President 1984-1986),,,,1989-1997,101st-104th,4,14th; 19th,35,N/A,House record: en.wikipedia.org/wiki/Harry_Johnston_(American_politician)
J000189,J. Bennett Johnston,Louisiana,Senate,Louisiana House of Representatives (1964-1968); Louisiana State Senate (1968-1972),1964-1972,2 (1 term House; 1 term State Senate),Nov 14 1972 - Jan 3 1997,92nd-104th Congress,4 (elected 1972; 1978; 1984; 1990),,,,,756,N/A - not digitized/available (1960s-70s LA legislature records),Senate record: Source: en.wikipedia.org/wiki/J._Bennett_Johnston
J000255,Walter B. Jones Jr.,North Carolina,House,NC House,1983-1993,5 terms,,,,1995-2019,104th-116th,12,NC-3,288,N/A,"House record: Live-verified via https://en.wikipedia.org/wiki/Walter_B._Jones_Jr. Flag RESOLVED -- draft's approximate figures confirmed essentially correct (NC House 1983-1993, 5 terms; US House 1995 until his death in office Feb 10 2019, 104th-116th, 12 terms)."
J000256,Walter Jones,North Carolina,House,North Carolina House of Representatives; North Carolina Senate,1955-1959;1965,not independently term-counted this pass; see StateLegYears for span,,,,1965-1992,89th-102nd,14 term(s),NC-1,,N/A - not digitized/available (LegiScan match not yet attempted for this person),"House record: Bioguide/history.house.gov confirm J000256 = Walter B. Jones SR. (not Jr.), who entered US House in 1966. Wikipedia: Jones Sr. served NC House 1955-1959 and NC Senate 1965, so he is independently confirmed. Note the batch's cited Klarner years (1984-1990) actually match his son Walter B. Jones Jr.'s NC House service (1982-1992, Bioguide J000255) — a different person — so treat those specific years as a namesake mismatch even though Sr. himself is a genuine confirmed case. (added via 2026-09 population completeness check; BioguideId J000256)"
J000265,Jim Jontz,Indiana,House,Indiana House of Representatives; Indiana Senate,1974-1984; 1984-1986,~5-6 (sources vary); 1,,,,1987-1993,100th-102nd,3,IN-5,53,N/A,House record: Lost 1992 to Steve Buyer; en.wikipedia.org/wiki/Jim_Jontz
J000285,Tim Johnson,Illinois,House,Illinois House of Representatives,1976/1977-2000,~12 terms,,,,2001-2013,107th-112th,6 terms,15 (renumbered 13 for 2012; retired instead),47,N/A,House record: Source: en.wikipedia.org/wiki/Tim_Johnson_(Illinois_politician)
J000289,Jim Jordan,Ohio,House,Ohio House of Representatives; Ohio Senate,1995-2006,not independently term-counted this pass; see StateLegYears for span,,,,2007-2027,110th-119th,10 term(s),OH-4,,N/A - not digitized/available (LegiScan match not yet attempted for this person),"House record: Wikipedia: OH House 1995-2000 and OH Senate 2000-2006, then US House starting 2007 (added via 2026-09 population completeness check; BioguideId J000289)"
J000290,Lynn Jenkins,Kansas,House,Kansas House of Representatives (1999-2000); Kansas Senate (2000-2002),1999-2002,2 (1 term each chamber),,,,2009-2019,111th-115th,5,2nd,108,N/A,House record: Also KS State Treasurer 2003-2009 (statewide office; not counted). Source: en.wikipedia.org/wiki/Lynn_Jenkins
J000294,Hakeem Jeffries,New York,House,New York State Assembly,2007-2012 (57th district),3,,,,2013-present,113th-119th,7,8th,133,"588 (LOWER BOUND: LegiScan-sourced state bill sponsorships since its coverage begins for NY; this person's state legislative service started before that window, see legiscan_coverage_gap_analysis.csv)",House record: Verified via en.wikipedia.org/wiki/Hakeem_Jeffries (live fetch); House Democratic Leader since 2023; Brooklyn.
J000297,Evan Jenkins,West Virginia,House,West Virginia House of Delegates (1994-2002); West Virginia Senate (2002-2014; dist 5),WV House 1994-2002 (4 terms); WV Senate 2002-2014 (3 terms),7 combined,,,,2015-2018,114th-115th,2 (elected 2014;16; resigned Sept 30;2018 for WV Supreme Court appointment),WV-3,25,"517 (LOWER BOUND: LegiScan-sourced state bill sponsorships since its coverage begins for WV; this person's state legislative service started before that window, see legiscan_coverage_gap_analysis.csv)",House record: Verified live via https://en.wikipedia.org/wiki/Evan_Jenkins_(politician)
J000298,Pramila Jayapal,Washington,House,Washington State Senate,January 2015-December 2016; dist 37 (1 term),1,,,,2017-present,115th-119th,5 (elected 2016;18;20;22;24),WA-7,197,"25 (state bill sponsorships, primary/sponsor only, via LegiScan)",House record: Verified live via https://en.wikipedia.org/wiki/Pramila_Jayapal
J000299,Mike Johnson,Louisiana,House,Louisiana House of Representatives (8th district),2015-2017,1,,,,2017-present,115th-119th,5,4th,74,"23 (state bill sponsorships, primary/sponsor only, via LegiScan)",House record: Speaker of the House since October 2023. Source: en.wikipedia.org/wiki/Mike_Johnson_(Louisiana_politician)
J000308,Jeff Jackson,North Carolina,House,NC Senate,2014-2023,"~4 terms (elected in May 2014 special election to complete Dan Clodfelter's term; reelected 2014, 2016, 2018, 2020)",,,,2023-2025,118th,1 (resigned Dec 31 2024 to become NC Attorney General),NC-14,13,"78 (state bill sponsorships, primary/sponsor only, via LegiScan)","House record: Live-verified via https://en.wikipedia.org/wiki/Jeff_Jackson_(politician). CORRECTED: NC Senate start year 2014 (draft said 2015); resignation date and reason (NC AG, effective Jan 1 2025) confirmed. US House figures otherwise confirmed unchanged."
J000310,Julie Johnson,Texas,House,Texas House of Representatives,2019-2025,3 terms (district 115),,,,2025-present,119th Congress,1 term,32,25,"236 (state bill sponsorships, primary/sponsor only, via LegiScan)",House record: Verified via en.wikipedia.org/wiki/Julie_Johnson_(politician); succeeded Colin Allred in TX-32
K000016,John Kasich,Ohio,House,Ohio State Senate (15th district),1979-1983,1 term (4-year term),,,,1983-2001,98th-106th,9,12th,130,N/A,"House record: Live-verified via https://en.wikipedia.org/wiki/John_Kasich; MINOR CORRECTION: state senate end year is 1983, not 1982 as draft stated (Ohio Senate terms are 4 years: Jan 1 1979 - Jan 1 1983); US House data confirmed exact (98th-106th Congress, 9 terms)."
K000019,Bob Kasten,Wisconsin,Senate,Wisconsin State Senate,1973-1975,1 term,1981-1993,97th-102nd,2 terms (elected 1980;1986; lost re-election 1992),,,,,434,N/A - not digitized/available,Senate record: Wikipedia: Bob Kasten page; GovTrack
K000025,Abraham Kazen Jr.,Texas,House,Texas House of Representatives; Texas Senate,1947-1953 (House); 1953-1967 (Senate),TX House 3 terms; TX Senate ~3.5 terms,,,,1967-1985,90th-98th Congress,9 terms,23,73,N/A,House record: Verified via en.wikipedia.org/wiki/Abraham_Kazen; TX Senate president pro tempore 1959
K000113,Patrick J. Kennedy,Rhode Island,House,RI House of Representatives (District 9; Providence),1989-1993,2 terms,,,,1995-2011,104th-111th,8,1st,175,N/A,House record: Live-verified via https://en.wikipedia.org/wiki/Patrick_J._Kennedy; draft data confirmed accurate as-is.
K000172,Dale Kildee,Michigan,House,Michigan House of Representatives (1965-1974); Michigan Senate (1975-1976),1965-1976,5 terms House; 1 term Senate,,,,1977-2013,95th-112th,18,MI-7 (1977-1993); MI-9 (1993-2003); MI-5 (2003-2013),283,N/A,House record: en.wikipedia.org/wiki/Dale_Kildee; only 96th-112th Congress (1979-2013) overlaps study window
K000180,Carolyn Kilpatrick,Michigan,House,Michigan House of Representatives,1979-1996,not independently term-counted this pass; see StateLegYears for span,,,,1997-2011,105th-111th,7 term(s),MI-13,,N/A - not digitized/available (LegiScan match not yet attempted for this person),"House record: Wikipedia: Michigan House of Representatives 1979-1996, then US House starting 1997. (added via 2026-09 population completeness check; BioguideId K000180)"
K000190,Thomas Kindness,Ohio,House,Ohio House of Representatives,1971-1974,not independently term-counted this pass; see StateLegYears for span,,,,1975-1987,94th-99th,6 term(s),OH-8,,N/A - not digitized/available (LegiScan match not yet attempted for this person),"House record: Wikipedia: OH House 58th district 1971-1974, then US House starting 1975 (added via 2026-09 population completeness check; BioguideId K000190)"
K000220,Jack Kingston,Georgia,House,Georgia House of Representatives (125th district),1985-1993,4 terms,,,,1993-2015,103rd-113th,11,1st,103,N/A,House record: en.wikipedia.org/wiki/Jack_Kingston
K000259,Jerry Kleczka,Wisconsin,House,Wisconsin State Assembly (1969-1975); Wisconsin Senate (1975-1984),WI Assembly dist 14/9 1969-1975 (2 stints); WI Senate dist 3/7 1975-1984 (2 stints),4 combined,,,,1984-2005,98th-108th,10 (won special election Apr 1984 plus 9 reelections),WI-4,130,N/A,House record: Verified live via https://en.wikipedia.org/wiki/Jerry_Kleczka
K000262,Herbert C. Klein,New Jersey,House,New Jersey General Assembly,1972-1976,2,,,,1993-1995,103rd,1,8th,17,N/A,House record: Wikipedia: en.wikipedia.org/wiki/Herbert_C._Klein; succeeded Robert Roe
K000304,Raymond Kogovsek,Colorado,House,Colorado House of Representatives (1969-1971); Colorado Senate (1971-1978),1969-1978,1 term House; ~2 terms Senate,,,,1979-1985,96th-98th,3,CO-3,48,N/A,House record: en.wikipedia.org/wiki/Raymond_Kogovsek
K000306,Jim Kolbe,Arizona,House,Arizona State Senate,1977-1982,3 terms (Majority Whip 1979-82),,,,1985-2007,99th-109th,11,5th; 8th,181,N/A,House record: en.wikipedia.org/wiki/Jim_Kolbe
K000307,Joseph P. Kolter,Pennsylvania,House,PA House of Representatives,1969-1982,7 terms (14 years),,,,1983-1993,98th-102nd,5,4th,57,N/A,"House record: NEW MEMBER - not in original draft. Found via spot-check. Live-verified via https://en.wikipedia.org/wiki/Joseph_P._Kolter. District number for state legislature seat not confirmed in source; congressional district (PA-4) inferred from other search results and not independently re-verified on a dedicated fetch -- flag LOW-MEDIUM CONFIDENCE on district number only, years/terms are Wikipedia-sourced and considered reliable."
K000309,Ernie Konnyu,California,House,CA State Assembly (22nd district),1980-1986,3 terms,,,,1987-1989,100th,1 term,CD12,7,N/A,House record: Wikipedia: Ernie Konnyu
K000312,Michael Kopetski,Oregon,House,Oregon House of Representatives,1985-1988,not independently term-counted this pass; see StateLegYears for span,,,,1991-1995,102nd-103rd,2 term(s),OR-5,,N/A - not digitized/available (LegiScan match not yet attempted for this person),"House record: Served in Oregon House of Representatives 33rd district before winning Congress in 1990 per Wikipedia (added via 2026-09 population completeness check, weaker last-name-only tier; BioguideId K000312)"
K000322,Ken Kramer,Colorado,House,Colorado House of Representatives,1972-1978,3 terms,,,,1979-1987,96th-99th,4,CO-5,57,N/A,House record: en.wikipedia.org/wiki/Ken_Kramer
K000328,Mike Kreidler,Washington,House,Washington House of Representatives (1976-1984); Washington State Senate (1984-1992),WA House 1976-1984 (4 terms); WA Senate 1984-1992 (2 terms),6 combined,,,,1993-1995,103rd,1,WA-9,25,N/A,House record: Verified live via https://en.wikipedia.org/wiki/Mike_Kreidler; later WA Insurance Commissioner
K000336,Dennis Kucinich,Ohio,House,Ohio State Senate (23rd district),1995-1997,1 term,,,,1997-2013,105th-112th,8,10th,236,N/A,"House record: Live-verified via https://en.wikipedia.org/wiki/Dennis_Kucinich; CORRECTED state senate years: 1995-1997 (one two-year term), not ""1994-1996"" as draft stated; House data confirmed exact."
K000357,Steven Kuykendall,California,House,California State Assembly,1994-1998,not independently term-counted this pass; see StateLegYears for span,,,,1999-2001,106th,1 term(s),CA-36,,N/A - not digitized/available (LegiScan match not yet attempted for this person),"House record: Wikipedia: CA State Assembly 1994-1998, then US House 1999-2001. (added via 2026-09 population completeness check; BioguideId K000357)"
K000362,Steve King,Iowa,House,Iowa Senate (6th district),1997-2003,2,,,,2003-2021,108th-116th,9,IA-5 (2003-2013); IA-4 (2013-2021),315,N/A,House record: en.wikipedia.org/wiki/Steve_King
K000364,Randy Kuhl,New York,House,New York State Assembly (1981-86); New York State Senate (1987-2004),1981-2004,3 (Assembly) + 9 (Senate),,,,2005-2009,109th-110th,2,29th,37,N/A,House record: Verified via en.wikipedia.org/wiki/Randy_Kuhl (live fetch); lost 2008 re-election to Eric Massa.
K000366,Ron Klein,Florida,House,Florida House of Representatives (89th district); Florida Senate (28th; then 30th district),1992-1996; 1996-2006,1 term; ~2.5 terms,,,,2007-2011,110th-111th,2,22nd,39,N/A,House record: en.wikipedia.org/wiki/Ron_Klein
K000368,Ann Kirkpatrick,Arizona,House,Arizona House of Representatives (2nd district),2005-2007,1 term,,,,2009-2011; 2013-2017; 2019-2023 (non-consecutive),111th; 113th-114th; 116th-117th,5,1st; 2nd,82,N/A,House record: en.wikipedia.org/wiki/Ann_Kirkpatrick
K000370,Suzanne Kosmas,Florida,House,Florida House of Representatives (28th district),1996-2004,4 terms,,,,2009-2011,111th,1,24th,21,N/A,House record: en.wikipedia.org/wiki/Suzanne_Kosmas
K000375,William Keating,Massachusetts,House,Massachusetts House of Representatives (1977-1985); Massachusetts Senate (1985-1999),1977-1999,4 terms House; 7 terms Senate,,,,2011-present,112th-119th,8,MA-10 (2011-2013); MA-9 (2013-present),172,N/A,House record: en.wikipedia.org/wiki/William_R._Keating
K000381,Derek Kilmer,Washington,House,Washington House of Representatives (2005-2007); Washington State Senate (2007-2012),WA House 2005-2007 (1 term); WA Senate dist 26 2007-2012 (~2 terms),3 combined,,,,2013-2025,113th-118th,6,WA-6,196,"340 (LOWER BOUND: LegiScan-sourced state bill sponsorships since its coverage begins for WA; this person's state legislative service started before that window, see legiscan_coverage_gap_analysis.csv)",House record: Verified live via https://en.wikipedia.org/wiki/Derek_Kilmer
K000385,Robin Kelly,Illinois,House,Illinois House of Representatives,2003-2007 (district 38),2 terms,,,,2013-present,113th-119th,7 terms (incl. April 2013 special election),2,160,N/A,House record: Source: en.wikipedia.org/wiki/Robin_Kelly; still serving as of Aug 2026
K000387,Steve Knight,California,House,CA State Assembly (36th district); CA State Senate (21st district),Assembly 2008-2012; Senate 2012-2014,Assembly 2 terms; Senate 1 term,,,,2015-2019,114th-115th,2 terms,CD25,45,"343 (LOWER BOUND: LegiScan-sourced state bill sponsorships since its coverage begins for CA; this person's state legislative service started before that window, see legiscan_coverage_gap_analysis.csv)",House record: Wikipedia: Steve Knight (politician)
K000390,Ruben Kihuen,Nevada,House,Nevada Assembly 2006-2010; Nevada State Senate 2010-2016,2006-2016,~5 (2 Assembly terms + Senate terms),,,,2017-2019,115th,1,4th,12,"211 (LOWER BOUND: LegiScan-sourced state bill sponsorships since its coverage begins for NV; this person's state legislative service started before that window, see legiscan_coverage_gap_analysis.csv)",House record: Wikipedia: en.wikipedia.org/wiki/Ruben_Kihuen
K000395,Fred Keller,Pennsylvania,House,PA House of Representatives,2011-2019,5 terms (elected 2010;2012;2014;2016;2018; dist. 85),,,,2019-2023,116th-117th,2,12th,32,"48 (state bill sponsorships, primary/sponsor only, via LegiScan)","House record: CORRECTED term count: 5 terms, not 4 as in draft. Live-verified via https://en.wikipedia.org/wiki/Fred_Keller_(politician)."
K000396,Kai Kahele,Hawaii,House,Hawaii Senate,2016-2020 (1st District; appointed then elected),2 terms,,,,2021-2023,117th,1 term,2,17,"659 (state bill sponsorships, primary/sponsor only, via LegiScan)",House record: Resigned early 2022 to run for Governor; Source: en.wikipedia.org/wiki/Kai_Kahele
K000397,Young Kim,California,House,CA State Assembly (65th district),2014-2016,1 term,,,,2021-present,117th-119th (ongoing),2 terms,CD39 (2021-23); CD40 (2023-present),112,"51 (state bill sponsorships, primary/sponsor only, via LegiScan)",House record: Wikipedia: Young Kim; still serving as of 2026
K000398,Thomas Kean Jr.,New Jersey,House,New Jersey General Assembly 2001-2003; New Jersey Senate 2003-2022 (Minority Leader 2008-2022),2001-2022,~10 combined,,,,2023-present,118th-119th,2,7th,58,"858 (LOWER BOUND: LegiScan-sourced state bill sponsorships since its coverage begins for NJ; this person's state legislative service started before that window, see legiscan_coverage_gap_analysis.csv)",House record: Wikipedia: en.wikipedia.org/wiki/Thomas_Kean_Jr.
K000399,Jen Kiggans,Virginia,House,Senate of Virginia,January 2020-November 2022; dist 7 (1 term),1,,,,2023-present,118th-119th,2 (elected 2022;2024),VA-2,82,"83 (state bill sponsorships, primary/sponsor only, via LegiScan)",House record: Verified live via https://en.wikipedia.org/wiki/Jen_Kiggans
K000400,Sydney Kamlager-Dove,California,House,CA State Assembly (54th district) 2018-2021; CA State Senate (30th district) 2021-2022,Assembly 2018-2021; Senate 2021-2022,1 Assembly term (incl. special election) + 1 partial Senate term,,,,2023-present,118th-119th (ongoing),2+ terms,CD37,69,"93 (state bill sponsorships, primary/sponsor only, via LegiScan)",House record: Wikipedia: Sydney Kamlager-Dove
K000401,Kevin Kiley,California,House,CA State Assembly (6th district),2016-2022,2 terms,,,,2023-present,118th-119th (ongoing),2+ terms,CD3 (2023-2026); CD6 (2026-present),44,"168 (state bill sponsorships, primary/sponsor only, via LegiScan)",House record: Wikipedia: Kevin Kiley; still serving as of 2026
K000402,Tim Kennedy,New York,House,New York State Senate,2011-2024 (58th district 2011-13; 63rd district 2013-24),7,,,,2024-present,118th-119th,1,26th,34,"1292 (state bill sponsorships, primary/sponsor only, via LegiScan)",House record: Verified via en.wikipedia.org/wiki/Tim_Kennedy_(politician) (live fetch); won special election 2024 succeeding Brian Higgins.
K000403,Mike Kennedy,Utah,House,Utah House of Representatives (2013-2019); Utah Senate (2021-2025),UT House 2013-2019 (3 terms); UT Senate 2021-2025 (2 terms),5 combined,,,,2025-present,119th,1 (elected 2024; ongoing),UT-3,36,"52 (state bill sponsorships, primary/sponsor only, via LegiScan)",House record: Verified live via https://en.wikipedia.org/wiki/Mike_Kennedy_(politician)
L000020,Robert J. Lagomarsino,California,House,CA State Senate,1961-1974,~6 terms,,,,1974-1993,93rd-102nd,9 terms,CD13 (1974-1992); CD22 (1992-1993),350,N/A,House record: Wikipedia: Robert J. Lagomarsino
L000045,H. Martin Lancaster,North Carolina,House,NC House,1979-1987,4 terms,,,,1987-1995,100th-103rd,4,NC-3,30,N/A,House record: Live-verified via https://en.wikipedia.org/wiki/Martin_Lancaster. CORRECTED: NC House end year 1987 (draft said 1986; source states 8 years of service from 1979).
L000116,Delbert Latta,Ohio,House,Ohio Senate,1953-1958,not independently term-counted this pass; see StateLegYears for span,,,,1959-1989,86th-100th,15 term(s),OH-5,,N/A - not digitized/available (LegiScan match not yet attempted for this person),"House record: Wikipedia confirms Delbert Latta served three terms in the Ohio Senate from 1953 to 1958 before entering Congress in 1959. (added via 2026-09 population completeness check, weaker last-name-only tier; BioguideId L000116)"
L000167,Buddy Leach,Louisiana,House,Louisiana House of Representatives,1968-1979; 1984-1988,3 terms (1968-1979); returned and served 1 more term (1984-1988),,,,1979-1981,96th,1,4th,1,N/A,"House record: Gave up state seat in 1979 to run for Congress; lost re-election to Buddy Roemer in 1980. Returned to LA House 1983 election, served 1984-1988 (per en.wikipedia.org/wiki/Buddy_Leach). CORRECTED 2026-09-03: second stint added after Klarner ICPSR 34297 cross-check found a 1983 election win not in the original research; confirmed via Wikipedia. Source: en.wikipedia.org/wiki/Buddy_Leach"
L000187,Raymond Lederer,Pennsylvania,House,Pennsylvania House of Representatives,1973-1976,not independently term-counted this pass; see StateLegYears for span,,,,1977-1983,95th-97th,3 term(s),PA-3,,N/A - not digitized/available (LegiScan match not yet attempted for this person),"House record: Wikipedia: PA House 180th district 1973-1976, then US House 1977 (added via 2026-09 population completeness check; BioguideId L000187)"
L000192,Gary A. Lee,New York,House,New York State Assembly,1975-1978,2,,,,1979-1983,96th-97th,2 term(s),NY-33,,N/A - not digitized/available (LegiScan match not yet attempted for this person),"House record: Wikipedia: NY State Assembly 1975-1978 (128th/112th district era), then US House from 1979. (added via 2026-09 population completeness check; BioguideId L000192) || MERGED 2026-10-06: this person was also in the original research under the wrong BioguideId L000568 (Christopher Lee); that duplicate row was removed. Its name, StateLegTerms, and notes were kept here. Original notes: Verified via en.wikipedia.org/wiki/Gary_A._Lee (live fetch); lost 1982 primary after redistricting."
L000225,Richard H. Lehman,California,House,CA State Assembly (31st district),1976-1982,3 terms,,,,1983-1995,98th-103rd,6 terms,CD18 (1983-93); CD19 (1993-95),83,N/A,House record: Wikipedia: Richard H. Lehman
L000237,Mickey Leland,Texas,House,Texas House of Representatives,1973-1979,3 terms,,,,1979-1989 (died in office - plane crash),96th-101st Congress,6 terms,18,141,N/A,House record: Verified via en.wikipedia.org/wiki/Mickey_Leland; TX House district 88; died Aug 7 1989 in Ethiopia plane crash while in office
L000243,Norman F. Lent,New York,House,New York State Senate,1963-1970 (2nd/6th/7th districts),~4,,,,1971-1993,92nd-102nd,11,Nassau-area district (renumbered several times; 4th era),342,N/A,House record: Verified via en.wikipedia.org/wiki/Norman_F._Lent (live fetch).
L000263,Sander Levin,Michigan,House,Michigan Senate,1965-1971,3 terms,,,,1983-2019,98th-115th,18,MI-17 (1983-1993); MI-12 (1993-2013); MI-9 (2013-2019),217,N/A,House record: en.wikipedia.org/wiki/Sander_Levin
L000264,Mel Levine,California,House,CA State Assembly,1977-1982,1 term,,,,1983-1993,98th-102nd,5 terms,CD district (LA-area; renumbered),133,N/A,House record: Wikipedia: Mel Levine
L000265,Elliott H. Levitas,Georgia,House,Georgia House of Representatives (77th; then 50th district),1965-1974,5 terms,,,,1975-1985,94th-98th,5,4th,263,N/A,House record: en.wikipedia.org/wiki/Elliott_Levitas
L000266,Jake LaTurner,Kansas,House,Kansas Senate (13th district),2013-2017,2,,,,2021-2025,117th-118th,2,2nd,20,"8 (state bill sponsorships, primary/sponsor only, via LegiScan)",House record: Became youngest KS Senate member at election (age 24). Also KS Secretary of State 2017-2019 and KS Treasurer 2019-2021 (statewide; not counted). Source: en.wikipedia.org/wiki/Jake_LaTurner
L000274,Jerry Lewis,California,House,CA State Assembly,1969-1978,~5 terms,,,,1979-2013,96th-112th,17 terms,CD37 (1979-89); CD35 (1989-93); CD40 (1993-2005); CD41 (2005-2013),157,N/A,House record: Wikipedia: Jerry Lewis (politician); chaired House Appropriations Cmte
L000295,Tom Lewis,Florida,House,Florida House of Representatives; Florida Senate,1972-1980; 1980-1982,4 terms; ~1 term,,,,1983-1995,98th-103rd,6,12th; 16th,75,N/A,House record: en.wikipedia.org/wiki/Tom_Lewis_(American_politician)
L000304,Joe Lieberman,Connecticut,Senate,Connecticut State Senate,1971-1981,5 terms (2-yr each),Jan 3 1989 - Jan 3 2013,101st-112th,4 terms (elected 1988;1994;2000;2006),,,,,861,N/A - not digitized/available,Senate record: en.wikipedia.org/wiki/Joe_Lieberman
L000321,John Linder,Georgia,House,Georgia House of Representatives (44th district; two separate periods),1975-1981; 1983-1991,4 terms total,,,,1993-2011,103rd-111th,9,4th; 11th; 7th,199,N/A,House record: en.wikipedia.org/wiki/John_Linder
L000491,Frank D. Lucas,Oklahoma,House,Oklahoma House of Representatives,1989-1994 (59th district; 42nd-44th Legislature),3,,,,1994-present,103rd(partial)-119th,16 (won May 1994 special election; district renumbered 6th to 3rd after 2000 census redistricting),6 then 3,124,N/A,House record: Verified via en.wikipedia.org/wiki/Frank_Lucas_(Oklahoma_politician) (live fetch); still serving as of 2026.
L000509,"Donald E. ""Buz"" Lukens",Ohio,House,Ohio State Senate,1971-1987,~4 terms,,,,1987-1990 (2nd stint; also 1967-1971 pre-window 1st stint),100th-101st (2nd stint),2 (2nd stint; resigned Oct 24 1990),8th (2nd stint),5,N/A,"House record: Live-verified via https://en.wikipedia.org/wiki/Donald_E._Lukens; RESOLVED prior ""lowest confidence"" flag with major correction: his FIRST US House stint was 1967-1971 (90th-91st Congress) -- entirely pre-1979 and thus out of this project's window (draft's guess of ""1971-75"" for the first stint was wrong). He then served Ohio STATE SENATE 1971-1987 (not ""c.1967-1971"" as draft guessed). His SECOND US House stint, which is in-window, was Jan 3 1987 - Oct 24 1990 (100th-101st Congress, resigned amid scandal) -- matches draft's in-window figures."
L000521,William Luther,Minnesota,House,Minnesota House of Representatives; Minnesota Senate,1975-1995,not independently term-counted this pass; see StateLegYears for span,,,,1995-2003,104th-107th,4 term(s),MN-6,,N/A - not digitized/available (LegiScan match not yet attempted for this person),"House record: Wikipedia: MN House 1975-1977 and MN Senate 1977-1995, then US House 1995-2002 (added via 2026-09 population completeness check; BioguideId L000521)"
L000550,Mary Landrieu,Louisiana,Senate,Louisiana House of Representatives,1980-1988,2 (elected 1979; re-elected 1983),Jan 3 1997 - Jan 3 2015,105th-113th Congress,3 (elected 1996; 2002; 2008),,,,,1080,N/A - not digitized/available,Senate record: Source: en.wikipedia.org/wiki/Mary_Landrieu
L000551,Barbara Lee,California,House,CA State Assembly; CA State Senate,Assembly 1990-1996; Senate 1996-1998,Assembly 3 terms; Senate 1 term,,,,1998-2025,105th-118th,~14 terms (incl. partial special-election term),CD9 (1998-2013); CD13 (2013-23); CD12 (2023-2025),668,N/A,House record: Wikipedia: Barbara Lee; left House 2025 to become Oakland Mayor
L000552,Ray LaHood,Illinois,House,Illinois House of Representatives,1982 (appointed to vacancy; ~9 months; lost Nov 1982 election),partial term (appointed; not elected),,,,1995-2009,104th-110th,7 terms,18,103,N/A,House record: Later US Secretary of Transportation 2009-2013 (not counted here); Source: en.wikipedia.org/wiki/Ray_LaHood
L000554,Frank LoBiondo,New Jersey,House,New Jersey General Assembly (1st district),1988-1994,3,,,,1995-2019,104th-115th,12,2nd,126,N/A,House record: Wikipedia: en.wikipedia.org/wiki/Frank_LoBiondo
L000556,John LaFalce,New York,House,New York State Senate (1971-72); New York State Assembly (1973-74),1971-1974,1 (Senate) + 1 (Assembly),,,,1975-2003,94th-107th,14,36th (Western NY; renumbered over career),580,N/A,House record: Verified via en.wikipedia.org/wiki/John_LaFalce (live fetch); rare case of serving both NY chambers before Congress.
L000557,John B. Larson,Connecticut,House,Connecticut Senate district 3; Senate President Pro Tempore final 4 terms,1983-1995,6 terms,,,,1999-present,106th-119th (ongoing),14 (ongoing),CT-1,262,N/A,House record: en.wikipedia.org/wiki/John_B._Larson
L000559,Jim Langevin,Rhode Island,House,RI House of Representatives,1988-1994,~3 terms,,,,2001-2023,107th-117th,11,2nd,318,N/A,"House record: Live-verified via https://en.wikipedia.org/wiki/Jim_Langevin; MINOR CORRECTION: RI House service was 1988-1994 (draft said 1989-1995) -- source text imprecise on exact day/month, so treat years as approximate; RI Secretary of State 1995-2001 confirmed between; House terms/congresses confirmed exact."
L000562,Stephen Lynch,Massachusetts,House,Massachusetts House of Representatives (1995-1996); Massachusetts Senate (1996-2001),1995-2001,1 term House; ~3 terms Senate,,,,2001-present (special election Oct 16 2001),107th-119th,13,MA-9 (2001-2013); MA-8 (2013-present),254,N/A,House record: en.wikipedia.org/wiki/Stephen_Lynch
L000564,Doug Lamborn,Colorado,House,Colorado House of Representatives (1994-1999); Colorado Senate (1998-2006; Senate President Pro Tem 1999),1994-2006,~2 terms House; 2 terms Senate,,,,2007-2025,110th-118th,9,CO-5,183,N/A,House record: en.wikipedia.org/wiki/Doug_Lamborn
L000566,Robert Latta,Ohio,House,Ohio Senate; Ohio House of Representatives,1997-2007,not independently term-counted this pass; see StateLegYears for span,,,,2007-2027,110th-119th,10 term(s),OH-5,,N/A - not digitized/available (LegiScan match not yet attempted for this person),"House record: Wikipedia: OH Senate 1997-2001 then OH House 2001-2007, then US House from Dec 2007 (same person). (added via 2026-09 population completeness check; BioguideId L000566)"
L000567,Leonard Lance,New Jersey,House,New Jersey General Assembly 1991-2002; New Jersey Senate 2002-2009 (Minority Leader 2004-2008),1991-2009,~9 combined,,,,2009-2019,111th-115th,5,7th,89,N/A,House record: Wikipedia: en.wikipedia.org/wiki/Leonard_Lance
L000569,Blaine Luetkemeyer,Missouri,House,Missouri House of Representatives,1999-2005,3,,,,2009-2025,111th-118th,8,9th (2009-2013); 3rd (2013-2025),230,N/A,House record: Republican; retired 2025. Source: en.wikipedia.org/wiki/Blaine_Luetkemeyer
L000571,Cynthia Lummis,Wyoming,Senate+House,Wyoming House of Representatives,1979-1983 and 1985-1993 (two stints; also served as WY State Treasurer 1999-2007 and US Rep 2009-2017 in between),~6 terms combined (2-yr terms across two stints),2021-present,117th-119th,1 term so far (elected 2020; not seeking re-election 2026),2009-2017,111th-114th,4 (elected 2008;10;12;14),WY at-large,248,N/A - not digitized/available,Senate record: Wikipedia: Cynthia Lummis page || House record: Verified live via https://en.wikipedia.org/wiki/Cynthia_Lummis; later elected US Senator (2021-present) - Senate service excluded from this House-only project
L000573,Raul Labrador,Idaho,House,Idaho House of Representatives,2006-2010 (District 14 Seat B),2 terms,,,,2011-2019,112th-115th,4 terms,1,33,N/A,House record: Later elected Idaho Attorney General (not counted here); Source: en.wikipedia.org/wiki/Ra%C3%BAl_Labrador
L000578,Doug LaMalfa,California,House,CA State Assembly (2nd district); CA State Senate (4th district),Assembly 2002-2008; Senate 2010-2012,Assembly 3 terms; Senate 1 partial term,,,,2013-2026,113th-119th,7 terms,CD1,131,"131 (LOWER BOUND: LegiScan-sourced state bill sponsorships since its coverage begins for CA; this person's state legislative service started before that window, see legiscan_coverage_gap_analysis.csv)",House record: Wikipedia: Doug LaMalfa; did not seek re-election in 2026 per source
L000579,Alan Lowenthal,California,House,California State Assembly; California State Senate,1998-2012,not independently term-counted this pass; see StateLegYears for span,,,,2013-2023,113th-117th,5 term(s),CA-47,,N/A - not digitized/available (LegiScan match not yet attempted for this person),"House record: Wikipedia: CA State Assembly 1998-2004 and CA State Senate 2004-2012, then US House starting 2013 (added via 2026-09 population completeness check; BioguideId L000579)"
L000582,Ted Lieu,California,House,CA State Assembly (53rd district); CA State Senate (28th district),Assembly 2005-2010; Senate 2011-2014,Assembly 3 terms; Senate 1 term,,,,2015-present,114th-119th (ongoing),6+ terms,CD33 (2015-23); CD36 (2023-present),273,"524 (LOWER BOUND: LegiScan-sourced state bill sponsorships since its coverage begins for CA; this person's state legislative service started before that window, see legiscan_coverage_gap_analysis.csv)",House record: Wikipedia: Ted Lieu; still serving as of 2026
L000583,Barry Loudermilk,Georgia,House,Georgia House of Representatives (14th district); Georgia State Senate (52nd; then 14th district),2005-2011; 2011-2013,3 terms; ~1.5 terms,,,,2015-present (not seeking re-election in 2026),114th-119th,6,11th,75,"249 (LOWER BOUND: LegiScan-sourced state bill sponsorships since its coverage begins for GA; this person's state legislative service started before that window, see legiscan_coverage_gap_analysis.csv)",House record: en.wikipedia.org/wiki/Barry_Loudermilk
L000585,Darin LaHood,Illinois,House,Illinois Senate,2011-2015 (district 37; appointed then elected),~2 terms (incl. appointment),,,,2015-present,114th-119th,6 terms (incl. Sept 2015 special election),18 (2015-2023); 16 (2023-present),141,"151 (state bill sponsorships, primary/sponsor only, via LegiScan)",House record: Source: en.wikipedia.org/wiki/Darin_LaHood; still serving as of Aug 2026
L000586,Al Lawson,Florida,House,Florida House of Representatives; Florida Senate,1982-2010,not independently term-counted this pass; see StateLegYears for span,,,,2017-2023,115th-117th,3 term(s),FL-5,,N/A - not digitized/available (LegiScan match not yet attempted for this person),"House record: Wikipedia: served in the Florida House of Representatives 1982-2000 and the Florida Senate 2000-2010 (including Senate Minority Leader) before his 2016 election to Congress. (added via 2026-09 population completeness check, weaker last-name-only tier; BioguideId L000586)"
L000589,Debbie Lesko,Arizona,House,Arizona House of Representatives (9th; then 21st district); Arizona Senate (21st district),2009-2015; 2015-2018,3 terms; 1 term,,,,2018-2025 (special election April 2018),115th-118th,3.5,8th,107,"441 (LOWER BOUND: LegiScan-sourced state bill sponsorships since its coverage begins for AZ; this person's state legislative service started before that window, see legiscan_coverage_gap_analysis.csv)",House record: en.wikipedia.org/wiki/Debbie_Lesko
L000599,Mike Lawler,New York,House,New York State Assembly,2021-2022,1,,,,2023-present,118th-119th,2,17th,195,"257 (state bill sponsorships, primary/sponsor only, via LegiScan)",House record: Verified via en.wikipedia.org/wiki/Mike_Lawler (live fetch); Hudson Valley.
L000602,Summer Lee,Pennsylvania,House,PA House of Representatives,2019-2022,"2 terms served (elected to a 3rd term Nov 2022 but resigned Dec 7 2022, before the new legislative term began, to take her US House seat; dist. 34)",,,,2023-present,118th-119th,2,12th,43,"9 (state bill sponsorships, primary/sponsor only, via LegiScan)",House record: Live-verified via https://en.wikipedia.org/wiki/Summer_Lee. Draft's '2 terms' confirmed correct with the added nuance that she was actually elected to a 3rd term she never began.
L000606,George Latimer,New York,House,New York State Assembly (2005-13); New York State Senate (2013-17),2005-2017,4 (Assembly) + 2 (Senate),,,,2025-present,119th,1,16th,9,"978 (LOWER BOUND: LegiScan-sourced state bill sponsorships since its coverage begins for NY; this person's state legislative service started before that window, see legiscan_coverage_gap_analysis.csv)",House record: Verified via ballotpedia.org/George_Latimer_(New_York) (live fetch); also served as Westchester County Executive between Senate and House.
M000023,Buddy MacKay,Florida,House,Florida House of Representatives; Florida Senate (32nd; then 6th district),1968; 1972-1980,1 term House; 2 terms Senate,,,,1983-1989,98th-100th,3,6th,28,N/A,House record: en.wikipedia.org/wiki/Buddy_MacKay
M000041,Edward Madigan,Illinois,House,Illinois House of Representatives,1967-1973,3 terms,,,,1973-1991,93rd-101st,9 terms (resigned 1991 to become US Sec. of Agriculture),15 (21st pre-1983 redistricting),128,N/A,House record: Source: en.wikipedia.org/wiki/Ed_Madigan
M000053,Warren Magnuson,Washington,Senate,Washington House of Representatives,1933-1935,1 term,1944-1981,79th-96th,appointed 1944; elected/re-elected 6 times (1944 special;1950;1956;1962;1968;1974),,,,,356,N/A - not digitized/available,Senate record: Wikipedia: Warren Magnuson page
M000090,James H. Maloney,Connecticut,House,Connecticut State Senate,1987-1995,4 terms,,,,1997-2003,105th-107th,3,CT-5,27,N/A,House record: en.wikipedia.org/wiki/James_H._Maloney
M000133,Ed Markey,Massachusetts,Senate+House,Massachusetts House of Representatives,1973-1976,2,Jul 16 2013 - present,113th-119th Congress,Won special election 2013 + re-elected 2014 and 2020 (2 full 6-year terms plus initial special),1976-2013 (special election Nov 2 1976; resigned to US Senate July 2013),95th-113th,19,MA-7 (1976-2013; renumbered MA-5 after 2010 census),1680,N/A - not digitized/available,Senate record: Source: en.wikipedia.org/wiki/Ed_Markey || House record: en.wikipedia.org/wiki/Ed_Markey; later elected US Senator from MA in 2013 (still serving)
M000174,David Martin,New York,House,New York State Assembly,1977-1980,not independently term-counted this pass; see StateLegYears for span,,,,1981-1993,97th-102nd,6 term(s),NY-26,,N/A - not digitized/available (LegiScan match not yet attempted for this person),"House record: Wikipedia/history.house.gov: David O'Brien Martin was a member of the NY State Assembly 1977-1980 (112th district), then US House from 1981. (added via 2026-09 population completeness check; BioguideId M000174)"
M000194,Nancy Mace,South Carolina,House,South Carolina House of Representatives,2018-2020 (99th district),1,,,,2021-present,117th-119th,3,1,208,"29 (state bill sponsorships, primary/sponsor only, via LegiScan)",House record: Verified via en.wikipedia.org/wiki/Nancy_Mace (live fetch); first Republican woman elected to Congress from SC.
M000195,Lynn M. Martin,Illinois,House,Illinois House of Representatives; Illinois Senate,1977-1979 (House); 1979-1980 (Senate),1 term House; partial term Senate,,,,1981-1991,97th-101st,5 terms,16,53,N/A,House record: Later US Secretary of Labor 1991-1993 (not counted here); Source: en.wikipedia.org/wiki/Lynn_M._Martin
M000206,Matthew G. Martinez,California,House,CA State Assembly (59th district),1980-1982,1 term,,,,1982-2001,97th-106th,10 terms,CD30 (1982-93); CD31 (1993-2001),105,N/A,House record: Wikipedia: Matthew G. Martinez
M000241,Charles Mathias,Maryland,Senate+House,Maryland House of Delegates,1959-1960,not independently term-counted this pass; see StateLegYears for span,1969-1987,91st-99th,3 term(s),1961-1969,87th-90th,4 term(s),MD-6,,N/A - not digitized/available (LegiScan match not yet attempted for this person),"Senate record: Wikipedia confirms he was elected to and served in the Maryland House of Delegates 1959-1960 before later Congress/Senate service (added via 2026-09 population completeness check, weaker last-name-only tier; BioguideId M000241) || House record: Wikipedia confirms he was elected to and served in the Maryland House of Delegates 1959-1960 before later Congress/Senate service (added via 2026-09 population completeness check, weaker last-name-only tier; BioguideId M000241)"
M000250,Spark Matsunaga,Hawaii,Senate,Hawaii Territorial House of Representatives,c.1954-1959 (exact term dates unclear in source),Terms unclear -- approx 2-3 terms,Jan 3 1977 - Apr 15 1990,95th-101st,3 elections (1976;1982;1988); died in office 1990 during 3rd term,,,,,796,N/A - not digitized/available,Senate record: en.wikipedia.org/wiki/Spark_Matsunaga
M000260,Jim Mattox,Texas,House,Texas House of Representatives,1973-1977,2 terms,,,,1977-1983,95th-97th Congress,3 terms,5,22,N/A,House record: Verified via en.wikipedia.org/wiki/Jim_Mattox; TX House 33-K district; later TX Attorney General (not counted - not House/Senate)
M000291,Romano Mazzoli,Kentucky,House,Kentucky Senate (35th district),1968-1970,1,,,,1971-1995,92nd-103rd,12,KY-3,178,N/A,House record: en.wikipedia.org/wiki/Romano_Mazzoli
M000316,Karen McCarthy,Missouri,House,Missouri House of Representatives,1977-1995,9,,,,1995-2005,104th-108th,5,5th,31,N/A,House record: Democrat. Source: en.wikipedia.org/wiki/Karen_McCarthy
M000317,Nicole Malliotakis,New York,House,New York State Assembly,2011-2020 (60th district 2011-13; 64th district 2013-21),5,,,,2021-present,117th-119th,3,11th,138,"490 (state bill sponsorships, primary/sponsor only, via LegiScan)",House record: Verified via ballotpedia.org/Nicole_Malliotakis (live fetch); Staten Island.
M000340,Robert McClory,Illinois,House,Illinois House of Representatives; Illinois Senate,1951-1953 (House; district 8); 1953-1963 (Senate; districts 8 then 52),1 term House; 5 terms Senate,,,,1963-1983,88th-97th,10 terms,13 (pre-1983 numbering; earlier numbers 1963-1973),150,N/A,House record: Source: en.wikipedia.org/wiki/Robert_McClory
M000346,James A. McClure,Idaho,Senate,Idaho State Senate,1961-1966,approx 3 terms (2-yr each),Jan 3 1973 - Jan 3 1991,93rd-101st,3 terms (elected 1972;1978;1984),,,,,713,N/A - not digitized/available,Senate record: en.wikipedia.org/wiki/James_A._McClure
M000365,Mike McCormack,Washington,House,Washington House of Representatives (1957-1961); Washington State Senate (1961-1970),WA House 1957-1961 (2 terms); WA Senate 1961-1970 (3 terms),5 combined,,,,1971-1981,92nd-96th,5,WA-4,153,N/A,House record: Verified live via https://en.wikipedia.org/wiki/Mike_McCormack_(politician)
M000404,Jim McDermott,Washington,House,Washington House of Representatives (1971-1973); Washington State Senate (1974-1987),WA House dist 43 1971-1973 (1 term); WA Senate 1974-1987 (3 terms),4 combined,,,,1989-2017,101st-114th,14,WA-7,342,N/A,House record: Verified live via https://en.wikipedia.org/wiki/Jim_McDermott
M000432,Bob McEwen,Ohio,House,Ohio House of Representatives,1975-1980,not independently term-counted this pass; see StateLegYears for span,,,,1981-1993,97th-102nd,6 term(s),OH-6,,N/A - not digitized/available (LegiScan match not yet attempted for this person),"House record: Wikipedia: Ohio House of Representatives 77th district 1975-1980, then US House starting 1981. (added via 2026-09 population completeness check; BioguideId M000432)"
M000458,Raymond J. McGrath,New York,House,New York State Assembly,1977-1980,2,,,,1981-1993,97th-102nd,6,19th (per source; Nassau-area),90,N/A,House record: Verified via en.wikipedia.org/wiki/Raymond_J._McGrath (live fetch).
M000466,Paul McHale,Pennsylvania,House,Pennsylvania House of Representatives,1983-1991,not independently term-counted this pass; see StateLegYears for span,,,,1993-1999,103rd-105th,3 term(s),PA-15,,N/A - not digitized/available (LegiScan match not yet attempted for this person),"House record: Wikipedia: PA House of Representatives 1983 to Feb 1991 (resigned for Gulf War duty), then US House from 1993. (added via 2026-09 population completeness check; BioguideId M000466)"
M000472,John M. McHugh,New York,House,New York State Senate,1985-1992,4,,,,1993-2009,103rd-110th,9,24th (1993-2003); 23rd (2003-09),99,N/A,House record: Verified via en.wikipedia.org/wiki/John_M._McHugh (live fetch); later Secretary of the Army 2009-2015.
M000477,Scott McInnis,Colorado,House,Colorado House of Representatives district 57; House Majority Leader,1983-1993,5 terms,,,,1993-2005,103rd-108th,6,CO-3,142,N/A,House record: en.wikipedia.org/wiki/Scott_McInnis
M000490,K. Gunn McKay,Utah,House,Utah House of Representatives,c.1963-1967 (2 terms; began 1962),2,,,,1971-1981,92nd-96th,5 (elected 1970;72;74;76;78),UT-1,57,N/A,House record: Verified live via https://en.wikipedia.org/wiki/K._Gunn_McKay; House tenure ends Jan 1981 so overlaps 1979-2026 window via the 96th Congress
M000512,John R. McKernan Jr.,Maine,House,Maine House of Representatives,1973-1977 (Assistant Republican Floor Leader),2 terms,,,,1983-1987,98th-99th,2 terms,1,27,N/A,House record: Later elected Governor of Maine 1987-1995 (not counted here); Source: en.wikipedia.org/wiki/John_R._McKernan_Jr.
M000523,Cynthia McKinney,Georgia,House,Georgia House of Representatives,1988-1992,~2 terms,,,,1993-1997; 2005-2007 (non-consecutive),103rd-107th; 109th,6,11th; 4th,74,N/A,House record: en.wikipedia.org/wiki/Cynthia_McKinney
M000527,Stewart McKinney,Connecticut,House,Connecticut House of Representatives; Minority Leader 2nd term,1967-1971,2 terms,,,,1971-1987 (died in office; overlap with study window begins 1979),92nd-99th,8,CT-4,205,N/A,House record: en.wikipedia.org/wiki/Stewart_McKinney_(politician)
M000589,James F. McNulty Jr.,Arizona,House,Arizona State Senate,1969-1975,~3 terms,,,,1983-1985,98th,1,5th,23,N/A,House record: en.wikipedia.org/wiki/James_F._McNulty_Jr.
M000590,Michael McNulty,New York,House,New York State Assembly,1983-1988,3,,,,1989-2009,101st-110th,10,23rd (1989-93); 21st (1993-2009),101,N/A,House record: Verified via en.wikipedia.org/wiki/Michael_McNulty (live fetch); Albany/Capital Region.
M000628,Carrie Meek,Florida,House,Florida House of Representatives (106th district); Florida Senate (36th district),1979-1982; 1982-1992,1 term; 2 terms,,,,1993-2003,103rd-107th,5,17th,62,N/A,House record: en.wikipedia.org/wiki/Carrie_Meek
M000635,John Melcher,Montana,Senate+House,Montana House of Representatives; Montana Senate,1960-1964,not independently term-counted this pass; see StateLegYears for span,1977-1989,95th-100th,2 term(s),1969-1977,91st-94th,4 term(s),MT-2,,N/A - not digitized/available (LegiScan match not yet attempted for this person),"Senate record: Wikipedia: MT House elected 1960, MT Senate elected 1962, then US House 1969-1977 and US Senate 1977-1989 (added via 2026-09 population completeness check; BioguideId M000635) || House record: Wikipedia: MT House elected 1960, MT Senate elected 1962, then US House 1969-1977 and US Senate 1977-1989 (added via 2026-09 population completeness check; BioguideId M000635)"
M000639,Bob Menendez,New Jersey,Senate+House,New Jersey General Assembly (1988-1991); New Jersey State Senate (1991-1993),1988-1993,2 terms Assembly; 1 term State Senate,Jan 17 2006 - Aug 20 2024,109th-118th Congress,Appointed Jan 2006; elected 2006; 2012; 2018 (3 elected terms; resigned 2024 after conviction),1993-2006 (resigned Jan 2006 to become US Senator),103rd-109th,7,13th,1954,N/A - not found in quick search,Senate record: Source: en.wikipedia.org/wiki/Bob_Menendez || House record: Wikipedia: en.wikipedia.org/wiki/Robert_Menendez
M000669,Jack Metcalf,Washington,House,Washington House of Representatives (1961-1965); Washington State Senate (1967-1974; 1980-1992),WA House dist 38 1961-1965 (1 term); WA Senate two non-consecutive stints dist 21 then dist 10 (~3-4 terms),~4-5 combined,,,,1995-2001,104th-106th,3,WA-2,50,N/A,House record: Verified live via https://en.wikipedia.org/wiki/Jack_Metcalf_(politician)
M000678,Howard Metzenbaum,Ohio,Senate,Ohio House of Representatives; Ohio Senate,1943-1947 (House); 1947-1951 (Senate),~2 terms House; ~2 terms Senate (2-yr terms era),1974 (interim appt); 1976-1995,94th (partial 1974); 95th-103rd (1977-1995),2 full elected terms (1976; 1982) plus a 1974 interim appointment,,,,,3329,N/A - not digitized/available,Senate record: Wikipedia: Howard Metzenbaum page; List of US senators from Ohio
M000684,Jan Meyers,Kansas,House,Kansas Senate,1972-1984,not independently term-counted this pass; see StateLegYears for span,,,,1985-1997,99th-104th,6 term(s),KS-3,,N/A - not digitized/available (LegiScan match not yet attempted for this person),"House record: Wikipedia: Kansas Senate 1972-1984, then US House starting 1985. (added via 2026-09 population completeness check; BioguideId M000684)"
M000689,John Mica,Florida,House,Florida House of Representatives (39th district),1976-1980,~2 terms,,,,1993-2017,103rd-114th,12,7th (formerly 4th),148,N/A,House record: en.wikipedia.org/wiki/John_Mica
M000714,Juanita Millender-McDonald,California,House,CA State Assembly (55th district),1992-1996,~2 terms (incl. partial term),,,,1996-2007 (died in office),104th-110th,6 terms (incl. special-election term),CD37,192,N/A,House record: Wikipedia: Juanita Millender-McDonald
M000808,Donald J. Mitchell,New York,House,New York State Assembly,1965-1972,5,,,,1973-1983,93rd-97th,5,31st (later renumbered),190,N/A,House record: Verified via en.wikipedia.org/wiki/Donald_J._Mitchell (live fetch); Herkimer County.
M000834,Joseph Moakley,Massachusetts,House,Massachusetts House of Representatives (1953-1963); Massachusetts Senate (1964-1970),1953-1970,~5 terms House; ~3 terms Senate,,,,1973-2001 (died in office May 28 2001),93rd-107th,15,MA-9 (post-1973 numbering; South Boston-based),783,N/A,House record: en.wikipedia.org/wiki/Joe_Moakley; only 96th-107th Congress (1979-2001) overlaps study window
M000842,Guy Molinari,New York,House,New York State Assembly,1975-1980,3,,,,1981-1989,97th-101st,4,Staten Island/Brooklyn district (renumbered),55,N/A,House record: Verified via en.wikipedia.org/wiki/Guy_Molinari (live fetch); resigned Dec 31 1989 to become Staten Island Borough President.
M000865,Sonny Montgomery,Mississippi,House,Mississippi State Senate,1956-1966,~3 (resigned Dec 1966),,,,1967-1997,90th-104th,15,4th (1967-1973); 3rd (1973-1997),779,N/A,House record: Wikipedia: en.wikipedia.org/wiki/Sonny_Montgomery; known for GI Bill (Montgomery GI Bill); tenure only partly in 1979-2026 window (through 1997)
M000881,Jim Moody,Wisconsin,House,Wisconsin State Assembly; Wisconsin Senate,1977-1982,not independently term-counted this pass; see StateLegYears for span,,,,1983-1993,98th-102nd,5 term(s),WI-5,,N/A - not digitized/available (LegiScan match not yet attempted for this person),"House record: Wikipedia and history.house.gov confirm Wisconsin State Assembly 1977-1978 then Wisconsin State Senate 1979-1982 before winning Congress in 1982 (added via 2026-09 population completeness check, weaker last-name-only tier; BioguideId M000881)"
M000926,Carlos J. Moorhead,California,House,CA State Assembly (43rd district),1967-1973,3 terms,,,,1973-1997,93rd-104th,12 terms,CD district renumbered several times,194,N/A,House record: Wikipedia: Carlos J. Moorhead
M000934,Jerry Moran,Kansas,Senate+House,Kansas State Senate (Majority Leader),1989-1997,4 terms (2-yr each),Jan 3 2011 - present,112th-119th,3 terms (elected 2010;2016;2022),1997-2011,105th-111th,7,1st,788,N/A - not digitized/available,Senate record: en.wikipedia.org/wiki/Jerry_Moran || House record: Later US Senator 2011-present (not counted; Senate not in scope). Source: en.wikipedia.org/wiki/Jerry_Moran
M000941,Connie Morella,Maryland,House,Maryland House of Delegates (16th district),1979-1987,2,,,,1987-2003,100th-107th,8,8th,251,N/A,House record: Lost re-election in 2002 to Chris Van Hollen. Source: en.wikipedia.org/wiki/Connie_Morella
M000956,Robert B. Morgan,North Carolina,Senate,North Carolina State Senate,1955-1969,Several terms (~7 two-year terms; President Pro Tempore),Jan 3 1975 - Jan 3 1981,94th-96th Congress,1 (elected 1974; lost re-election 1980),,,,,74,N/A - not digitized/available,Senate record: Source: en.wikipedia.org/wiki/Robert_B._Morgan
M000999,Sid Morrison,Washington,House,Washington House of Representatives (1967-1975); Washington State Senate (1975-1980); dist 15,WA House ~4 terms; WA Senate ~3 terms,~7 combined,,,,1981-1993,97th-102nd,6,WA-4,62,N/A,House record: Verified live via https://en.wikipedia.org/wiki/Sid_Morrison
M001025,Carol Moseley Braun,Illinois,Senate,Illinois House of Representatives,1979-1988,5 terms (2-yr each),Jan 3 1993 - Jan 3 1999,103rd-105th,1 term (elected 1992; lost reelection 1998),,,,,141,N/A - not digitized/available,Senate record: en.wikipedia.org/wiki/Carol_Moseley_Braun
M001044,Ronald Mottl,Ohio,House,Ohio Senate; Ohio House of Representatives,1967-1974;1987-1997,not independently term-counted this pass; see StateLegYears for span,,,,1975-1983,94th-97th,4 term(s),OH-23,,N/A - not digitized/available (LegiScan match not yet attempted for this person),"House record: Wikipedia: OH Senate 1967-1974 (before Congress), then US House 1975-1982, then OH House 1987-1997 (after Congress) (added via 2026-09 population completeness check; BioguideId M001044)"
M001088,Austin J. Murphy,Pennsylvania,House,PA House of Representatives (1959-1970; dist. 48); PA Senate (1971-1977; dist. 46),1959-1977,6 House terms + 3 Senate terms,,,,1977-1995,95th-103rd,9,22nd (later 20th after redistricting),159,N/A,"House record: NEW MEMBER - not in original draft. Found via spot-check of PA House Archives. Live-verified via https://en.wikipedia.org/wiki/Austin_J._Murphy and https://archives.house.state.pa.us/people/member-biography?ID=853 (PA House Archives). His US House service (1977-1995) falls entirely within the 1979-present study window's relevant era except the first two years (1977-1979), so essentially fully in scope."
M001111,Patty Murray,Washington,Senate,Washington State Senate,1989-1993,1 term,1993-present,103rd-119th,6 terms (elected 1992;1998;2004;2010;2016;2022),,,,,1206,N/A - not digitized/available,Senate record: Wikipedia: Patty Murray page
M001120,John Murtha,Pennsylvania,House,PA House of Representatives,1969-1974,3 terms (special election May 1969; reelected for 1971 and 1973 terms; resigned Feb 1974),,,,1974-2010,93rd-111th,18,12th,218,N/A,House record: Live-verified via https://en.wikipedia.org/wiki/John_Murtha and https://archives.house.state.pa.us/people/member-biography?ID=818 (PA House Archives). Draft data confirmed accurate; no changes.
M001121,Edmund Muskie,Maine,Senate,Maine House of Representatives,1946-1951 (Dec 1946-Feb 1951),2,Jan 3 1959 - May 7 1980,86th-96th Congress,4 elected (1958; 1964; 1970; 1976 - resigned mid-4th term to become Secretary of State),,,,,105,N/A - not digitized/available (1946-1951 Maine House),Senate record: Source: en.wikipedia.org/wiki/Edmund_Muskie
M001123,Raphael Musto,Pennsylvania,House,Pennsylvania House of Representatives; Pennsylvania Senate,1971-2010,not independently term-counted this pass; see StateLegYears for span,,,,1979-1981,96th,1 term(s),PA-11,,N/A - not digitized/available (LegiScan match not yet attempted for this person),"House record: Wikipedia: PA House 1971-1980, then briefly US House 1980-1981 (special election, lost bid for full term), then PA Senate 1982-2010. (added via 2026-09 population completeness check; BioguideId M001123)"
M001132,Michael Myers,Pennsylvania,House,Pennsylvania House of Representatives,1971-1976,not independently term-counted this pass; see StateLegYears for span,,,,1975-1981,94th-96th,3 term(s),PA-1,,N/A - not digitized/available (LegiScan match not yet attempted for this person),"House record: Wikipedia: PA House 184th district 1971 to Nov 1976, then US House via special election Nov 1976 (same person, 'Ozzie' Myers). (added via 2026-09 population completeness check; BioguideId M001132)"
M001137,Gregory Meeks,New York,House,New York State Assembly,1993-1998,3,,,,1998-present,105th-119th,14,6th (1998-2013); 5th (2013-present),244,N/A,House record: Verified via en.wikipedia.org/wiki/Gregory_Meeks (live fetch); won Feb 1998 special election; Queens.
M001139,Gary Miller,California,House,CA State Assembly (60th district),1995-1998,~1.5 terms,,,,1999-2015,106th-113th,8 terms,CD41 (1999-2003); CD42 (2003-2013); CD31 (2013-2015),109,N/A,House record: Wikipedia: Gary G. Miller
M001141,Zell Miller,Georgia,Senate,Georgia State Senate,1961-1964,2 terms (2-yr each),Jul 24 2000 - Jan 3 2005,106th-108th,Appointed Jul 2000; won Nov 2000 special election to serve remainder of term; did not seek a full term,,,,,63,N/A - not digitized/available,Senate record: en.wikipedia.org/wiki/Zell_Miller
M001143,Betty McCollum,Minnesota,House,Minnesota House of Representatives,1993-2001,4,,,,2001-present,107th-119th,13,4th,173,N/A,House record: DFL; still serving as of Aug 2026. Source: en.wikipedia.org/wiki/Betty_McCollum
M001144,Jeff Miller,Florida,House,Florida House of Representatives,1998-2001,not independently term-counted this pass; see StateLegYears for span,,,,2001-2017,107th-114th,8 term(s),FL-1,,N/A - not digitized/available (LegiScan match not yet attempted for this person),"House record: Wikipedia: Florida House of Representatives 1st district 1998-2001, then US House starting 2001. (added via 2026-09 population completeness check; BioguideId M001144)"
M001147,Thaddeus McCotter,Michigan,House,Michigan Senate,1999-2003,1 term,,,,2003-2012 (resigned July 6 2012),108th-112th,5,MI-11,83,N/A,House record: en.wikipedia.org/wiki/Thaddeus_McCotter
M001148,Kendrick Meek,Florida,House,Florida House of Representatives (104th district); Florida Senate (36th district),1995-1998; 1998-2002,~2 terms; 2 terms,,,,2003-2011,108th-111th,4,17th,84,N/A,House record: en.wikipedia.org/wiki/Kendrick_Meek
M001149,Mike Michaud,Maine,House,Maine House of Representatives; Maine Senate,1980-1994 (House; district 134); 1994-2002 (Senate; district 3; Senate President 2000-2001),7 terms House; 4 terms Senate,,,,2003-2015,108th-113th,6 terms,2,121,N/A,House record: Source: en.wikipedia.org/wiki/Mike_Michaud
M001151,Tim Murphy,Pennsylvania,House,PA Senate,1996-2003,2 terms (dist. 37),,,,2003-2017,108th-115th,8,18th,152,N/A,"House record: CORRECTED start year (1996, not 1997) and term count (2 terms, not ~1.5). Live-verified via https://en.wikipedia.org/wiki/Tim_Murphy_(Pennsylvania_politician)."
M001152,Marilyn Musgrave,Colorado,House,Colorado House of Representatives district 65 (1995-1999); Colorado Senate (1999-2003),1995-2003,2 terms House; 1 term Senate,,,,2003-2009,108th-110th,3,CO-4,73,N/A,House record: en.wikipedia.org/wiki/Marilyn_Musgrave
M001153,Lisa Murkowski,Alaska,Senate,Alaska House of Representatives,1999-2002,2 terms (partial; elected 1998;2000),Dec 20 2002 - present,107th-119th,Appointed by father (Gov. Frank Murkowski) Dec 2002; won election 2004;2010;2016;2022 (4 elections),,,,,1236,N/A - not digitized/available,Senate record: en.wikipedia.org/wiki/Lisa_Murkowski
M001154,Brad Miller,North Carolina,House,NC House 1993-1995; NC Senate 1997-2003,1993-2003,1 House term + 3 Senate terms,,,,2003-2013,108th-112th,5,NC-13,48,N/A,"House record: Live-verified via https://en.wikipedia.org/wiki/Brad_Miller_(politician) and https://predatorylending.duke.edu/histories/brad-miller/. LOW-CONFIDENCE FLAG RESOLVED: precise years confirmed as NC House 1993-1995 (1 term) and NC Senate 1997-2003 (3 terms) -- close to the draft's approximation but now exact. US House figures (2003-2013, 108th-112th, 5 terms) confirmed unchanged."
M001155,Connie Mack,Florida,House,Florida House of Representatives,2000-2003,not independently term-counted this pass; see StateLegYears for span,,,,2005-2013,109th-112th,4 term(s),FL-14,,N/A - not digitized/available (LegiScan match not yet attempted for this person),"House record: Wikipedia: FL House of Representatives (91st district) Nov 2000-Oct 2003, then US House 2005-2013 (this is Connie Mack IV). (added via 2026-09 population completeness check; BioguideId M001155)"
M001156,Patrick McHenry,North Carolina,House,NC House,2003-2005,1 term,,,,2005-2025,109th-118th,10,NC-10,139,N/A,"House record: Live-verified via https://en.wikipedia.org/wiki/Patrick_McHenry. CORRECTED: draft implied ongoing service through the 119th Congress ('2005-present,' 109th-119th, 11 terms); McHenry did NOT seek reelection in 2024 and left office Jan 2025. Corrected to 2005-2025, 109th-118th, 10 terms. State legislature portion confirmed unchanged."
M001158,Kenny Marchant,Texas,House,Texas House of Representatives,1987-2004,~8 terms,,,,2005-2021,109th-116th Congress,8 terms,24,65,N/A,House record: Verified via en.wikipedia.org/wiki/Kenny_Marchant
M001159,Cathy McMorris Rodgers,Washington,House,Washington House of Representatives,1994-2005; dist 7 (House Minority Leader 2002-2003),~5-6,,,,2005-2025,109th-118th,10,WA-5,215,N/A,House record: Verified live via https://en.wikipedia.org/wiki/Cathy_McMorris_Rodgers
M001160,Gwen Moore,Wisconsin,House,Wisconsin State Assembly (1989-1993; dist 7); Wisconsin Senate (1993-2005; dist 4),WI Assembly 1989-1993 (2 terms); WI Senate 1993-2005 (3 terms),5 combined,,,,2005-present,109th-119th,11 (elected 2004;06;08;10;12;14;16;18;20;22;24; ongoing),WI-4,290,N/A,House record: Verified live via https://en.wikipedia.org/wiki/Gwen_Moore
M001161,Charlie Melancon,Louisiana,House,Louisiana House of Representatives,1987-1993,~2,,,,2005-2011,109th-111th,3,3rd,54,N/A,House record: Lost 2010 US Senate bid to David Vitter. Source: en.wikipedia.org/wiki/Charlie_Melan%C3%A7on
M001165,Kevin McCarthy,California,House,CA State Assembly (32nd district),2002-2006,2 terms,,,,2007-2023 (resigned),110th-118th,9 terms,CD22 (2007-13); CD23 (2013-23); CD20 (2023),133,N/A,House record: Wikipedia: Kevin McCarthy; former Speaker of the House
M001167,Harry Mitchell,Arizona,House,Arizona State Senate,1999-2003,~2 terms,,,,2007-2011,110th-111th,2,5th,23,N/A,House record: en.wikipedia.org/wiki/Harry_Mitchell
M001169,Chris Murphy,Connecticut,Senate+House,Connecticut House of Representatives; Connecticut State Senate,House 1999-2003; Senate 2003-2007,2 terms (House); 2 terms (Senate),Jan 3 2013 - present,113th-119th,3 terms (elected 2012;2018;2024),2007-2013 (then elected to US Senate),110th-112th,3,CT-5,620,N/A - not digitized/available,Senate record: en.wikipedia.org/wiki/Chris_Murphy || House record: en.wikipedia.org/wiki/Chris_Murphy
M001170,Claire McCaskill,Missouri,Senate,Missouri House of Representatives,1983-1989,3,Jan 3 2007 - Jan 3 2019,110th-115th Congress,2 (elected 2006; 2012),,,,,367,N/A - not found in quick search,Senate record: Source: en.wikipedia.org/wiki/Claire_McCaskill
M001176,Jeff Merkley,Oregon,Senate,Oregon House of Representatives,1999-2009 (Speaker 2007-2009),5 terms (2-yr terms),2009-present,111th-119th,3 terms so far (elected 2008;2014;2020),,,,,1266,N/A - not digitized/available,Senate record: Wikipedia: Jeff Merkley page
M001177,Tom McClintock,California,House,CA State Assembly (36th then 38th district); CA State Senate (19th district),Assembly 1982-2000; Senate 2000-2008,Assembly ~7 terms; Senate 2 terms,,,,2009-present,111th-119th (ongoing),9 terms,CD4 (2009-23); CD5 (2023-present),155,N/A,House record: Wikipedia: Tom McClintock; still serving as of 2026
M001180,David McKinley,West Virginia,House,West Virginia House of Delegates,1980-1994 (dist 3),~7,,,,2011-2023,112th-117th,6 (elected 2010;12;14;16;18;20),WV-1,230,N/A,House record: Verified live via https://en.wikipedia.org/wiki/David_McKinley
M001182,Mick Mulvaney,South Carolina,House,South Carolina House of Representatives; South Carolina Senate,2007-2009 (House; 45th district); 2009-2011 (Senate; 16th district),1 (House) + 1 (Senate),,,,2011-2017,112th-114th,3 (left Feb 16 2017 to become OMB Director),5,99,"71 (LOWER BOUND: LegiScan-sourced state bill sponsorships since its coverage begins for SC; this person's state legislative service started before that window, see legiscan_coverage_gap_analysis.csv)",House record: Verified via en.wikipedia.org/wiki/Mick_Mulvaney (live fetch).
M001183,Joe Manchin,West Virginia,Senate,West Virginia House of Delegates; West Virginia Senate,1982-1986 (House); 1986-1996 (Senate),2 terms House; 5 terms Senate (2-yr WV Senate terms),2010-2025,111th-118th,3 elections (special election 2010; full terms 2012;2018),,,,,544,N/A - not digitized/available,Senate record: Wikipedia: Joe Manchin page
M001188,Grace Meng,New York,House,New York State Assembly,2009-2012,2,,,,2013-present,113th-119th,7,6th,320,"589 (state bill sponsorships, primary/sponsor only, via LegiScan)",House record: Verified via ballotpedia.org/Grace_Meng (live fetch).
M001189,Luke Messer,Indiana,House,Indiana House of Representatives (57th district),2003-2006 (appointed; did not seek reelection),1 (partial),,,,2013-2019,113th-115th,3,IN-6,80,N/A,House record: en.wikipedia.org/wiki/Luke_Messer
M001194,John Moolenaar,Michigan,House,Michigan House of Representatives (2003-2008); Michigan Senate (2011-2015),2003-2015,3 terms House; 1 term Senate (partial; left early for Congress),,,,2015-present,114th-119th,6,MI-4 (2015-2023); MI-2 (2023-present),110,"53 (LOWER BOUND: LegiScan-sourced state bill sponsorships since its coverage begins for MI; this person's state legislative service started before that window, see legiscan_coverage_gap_analysis.csv)",House record: en.wikipedia.org/wiki/John_Moolenaar; chairs House Select Committee on the CCP
M001195,Alex Mooney,West Virginia,House,Maryland State Senate,1999-2011 (dist 3),6,,,,2015-2025,114th-118th,5 (elected 2014;16;18;20;22),WV-2,89,"55 (LOWER BOUND: LegiScan-sourced state bill sponsorships since its coverage begins for MD; this person's state legislative service started before that window, see legiscan_coverage_gap_analysis.csv)",House record: Verified live via https://en.wikipedia.org/wiki/Alex_Mooney; NOTE: state legislature service was in Maryland (not WV) before he moved to WV - qualifies per project rules which do not require same-state state-leg service
M001200,Donald McEachin,Virginia,House,Virginia House of Delegates (1996-2002; 2006-2008); Senate of Virginia (2008-2017),VA House dist 74 two non-consecutive stints; VA Senate dist 9 2008-2017 (~2.5 terms),~5 combined,,,,2017-2022 (died in office),115th-117th,3 (elected 2016;2018;2020;2022 - won re-election shortly before death),VA-4,70,"359 (state bill sponsorships, primary/sponsor only, via LegiScan)",House record: Verified live via https://en.wikipedia.org/wiki/Donald_McEachin
M001205,Carol Miller,West Virginia,House,West Virginia House of Delegates,2006-2018 (dist 15 2006-12; dist 16 2012-18),6,,,,2019-present,116th-119th,4 (elected 2018;20;22;24; ongoing),WV-3 (2019-2023); WV-1 (2023-present),98,"349 (LOWER BOUND: LegiScan-sourced state bill sponsorships since its coverage begins for WV; this person's state legislative service started before that window, see legiscan_coverage_gap_analysis.csv)",House record: Verified live via https://en.wikipedia.org/wiki/Carol_Miller_(politician)
M001206,Joseph Morelle,New York,House,New York State Assembly,1991-2018,~14,,,,2019-present,116th-119th,4,25th,141,"885 (LOWER BOUND: LegiScan-sourced state bill sponsorships since its coverage begins for NY; this person's state legislative service started before that window, see legiscan_coverage_gap_analysis.csv)",House record: Not independently live-verified this session (repeated fetch failures) - based on well-documented public record; was NY Assembly Majority Leader 2013-18; won Nov 2018 general election to succeed the late Louise Slaughter; Rochester area. Recommend spot-checking before final publication.
M001209,Ben McAdams,Utah,House,Utah State Senate,2009-2013 (dist 2),2 (special election Dec 2009; full term 2010),,,,2019-2021,116th,1 (elected 2018; lost reelection 2020 to Burgess Owens),UT-4,19,"53 (LOWER BOUND: LegiScan-sourced state bill sponsorships since its coverage begins for UT; this person's state legislative service started before that window, see legiscan_coverage_gap_analysis.csv)",House record: Verified live via https://en.wikipedia.org/wiki/Ben_McAdams
M001210,Gregory Murphy,North Carolina,House,North Carolina House of Representatives,2015-2019,not independently term-counted this pass; see StateLegYears for span,,,,2019-2027,116th-119th,4 term(s),NC-3,,N/A - not digitized/available (LegiScan match not yet attempted for this person),"House record: Wikipedia confirms he served in the NC House of Representatives (9th district) 2015-2019 before winning a 2019 special election to Congress. (added via 2026-09 population completeness check, weaker last-name-only tier; BioguideId M001210)"
M001212,Barry Moore,Alabama,House,Alabama House of Representatives district 91,2010-2018,2 terms,,,,2021-present,117th-119th (ongoing),3 (ongoing),AL-2 (2021-2025); AL-1 (2025-present; redistricted),66,"183 (state bill sponsorships, primary/sponsor only, via LegiScan)",House record: en.wikipedia.org/wiki/Barry_Moore_(American_politician)
M001215,Mariannette Miller-Meeks,Iowa,House,Iowa Senate (41st district),2019-2021,1,,,,2021-present,117th-119th,3 (as of Aug 2026),IA-2 (2021-2023); IA-1 (2023-present),133,"13 (state bill sponsorships, primary/sponsor only, via LegiScan)",House record: en.wikipedia.org/wiki/Mariannette_Miller-Meeks
M001217,Jared Moskowitz,Florida,House,Florida House of Representatives (97th district),2012-2019,3 terms,,,,2023-present,118th-119th,2,23rd,38,"66 (state bill sponsorships, primary/sponsor only, via LegiScan)",House record: en.wikipedia.org/wiki/Jared_Moskowitz
M001220,Morgan McGarvey,Kentucky,House,Kentucky Senate (19th district),2012-2023,~3,,,,2023-present,118th-119th,2 (as of Aug 2026),KY-3,48,"267 (state bill sponsorships, primary/sponsor only, via LegiScan)",House record: en.wikipedia.org/wiki/Morgan_McGarvey
M001221,Marcus Molinaro,New York,House,New York State Assembly,2007-2011,not independently term-counted this pass; see StateLegYears for span,,,,2023-2025,118th,1 term(s),NY-19,,N/A - not digitized/available (LegiScan match not yet attempted for this person),"House record: Wikipedia: NY State Assembly (103rd district) 2007-2011, later Dutchess County Executive, then US House starting 2023. (added via 2026-09 population completeness check; BioguideId M001221)"
M001225,Kevin Mullin,California,House,CA State Assembly (22nd district),2012-2022,5 terms,,,,2023-present,118th-119th (ongoing),2 terms,CD15,40,"427 (state bill sponsorships, primary/sponsor only, via LegiScan)",House record: Wikipedia: Kevin Mullin; still serving as of 2026
M001227,Jennifer McClellan,Virginia,House,Virginia House of Delegates (2006-2017); Virginia Senate (2017-2023),VA House dist 71 2006-2017 (~6 terms); VA Senate dist 9 2017-2023 (~1.5 terms),~7 combined,,,,2023-present,118th-119th,2 (special election Feb 2023 plus 2024),VA-4,49,"968 (LOWER BOUND: LegiScan-sourced state bill sponsorships since its coverage begins for VA; this person's state legislative service started before that window, see legiscan_coverage_gap_analysis.csv)",House record: Verified live via https://en.wikipedia.org/wiki/Jennifer_McClellan
M001230,Ryan Mackenzie,Pennsylvania,House,PA House of Representatives,2012-2024,6 terms (dist. 134 then 187),,,,2025-present,119th,1,7th,29,"149 (state bill sponsorships, primary/sponsor only, via LegiScan)","House record: Live-verified via https://en.wikipedia.org/wiki/Ryan_Mackenzie. Minor refinement: state legislature service began with a May 2012 special election, not 2013 as in draft; term count of 6 confirmed accurate."
M001231,John Mannion,New York,House,New York State Senate,c. 2021-2025 (50th district),2,,,,2025-present,119th,1,22nd,9,"364 (state bill sponsorships, primary/sponsor only, via LegiScan)",House record: Verified via ballotpedia.org/John_Mannion (live fetch); Syracuse area.
M001233,Mark Messmer,Indiana,House,Indiana House of Representatives (63rd district); Indiana Senate (48th district),2008-2014; 2014-2024,3; 5,,,,2025-present,119th,1 (as of Aug 2026),IN-8,16,"479 (LOWER BOUND: LegiScan-sourced state bill sponsorships since its coverage begins for IN; this person's state legislative service started before that window, see legiscan_coverage_gap_analysis.csv)",House record: IN Senate Majority Leader 2018-2022; en.wikipedia.org/wiki/Mark_Messmer
M001234,Kelly Morrison,Minnesota,House,Minnesota House of Representatives (2019-2023); Minnesota Senate (2023-2024),2019-2024,2 MN House terms + 1 partial MN Senate term (resigned June 2024),,,,2025-present,119th,1,3rd,17,"299 (state bill sponsorships, primary/sponsor only, via LegiScan)",House record: DFL; physician-legislator. Source: en.wikipedia.org/wiki/Kelly_Morrison
M001235,Riley Moore,West Virginia,House,West Virginia House of Delegates,2017-2019 (dist 67),1,,,,2025-present,119th,1 (elected 2024; ongoing),WV-2,19,"19 (state bill sponsorships, primary/sponsor only, via LegiScan)",House record: Verified live via https://en.wikipedia.org/wiki/Riley_Moore
M001236,Tim Moore,North Carolina,House,NC House,2003-2025,11 terms,,,,2025-present,119th,1,NC-14,31,"375 (LOWER BOUND: LegiScan-sourced state bill sponsorships since its coverage begins for NC; this person's state legislative service started before that window, see legiscan_coverage_gap_analysis.csv)","House record: Live-verified via https://en.wikipedia.org/wiki/Tim_Moore_(North_Carolina_politician). CORRECTED: NC House end year 2025 (draft said 2023) and term count 11 (draft said 10) -- Moore, as Speaker, remained in the NC House through the end of his term until sworn into the 119th Congress in Jan 2025."
M001237,Kristen McDonald Rivet,Michigan,House,Michigan Senate,2023-2025,1 term (partial; left early for Congress),,,,2025-present,119th,1,MI-8,18,"29 (state bill sponsorships, primary/sponsor only, via LegiScan)",House record: en.wikipedia.org/wiki/Kristen_McDonald_Rivet
M001238,Sarah McBride,Delaware,House,Delaware Senate district 1 (first openly transgender state senator in the US),2021-2025,1 term,,,,2025-present,119th (ongoing),1 (ongoing),DE at-large,10,"82 (state bill sponsorships, primary/sponsor only, via LegiScan)",House record: en.wikipedia.org/wiki/Sarah_McBride
M001239,John McGuire,Virginia,House,Virginia House of Delegates (2018-2024); Virginia Senate (2024-2025),VA House dist 56 2018-2024 (2 terms); VA Senate dist 10 2024-2025 (partial term),3 combined,,,,2025-present,119th,1 (current),VA-5,22,"136 (state bill sponsorships, primary/sponsor only, via LegiScan)",House record: Verified live via https://en.wikipedia.org/wiki/John_McGuire_(Virginia_politician)
M001241,Dave Min,California,House,CA State Senate (37th district),2020-2024,1 term,,,,2025-present,119th (ongoing),1 term,CD47,30,"101 (state bill sponsorships, primary/sponsor only, via LegiScan)",House record: Wikipedia: Dave Min; still serving as of 2026
N000002,Jerrold Nadler,New York,House,New York State Assembly,1977-1992,8,,,,1992-2027 (still serving; not seeking re-election in 2026),103rd-119th,17,17th (1992); 8th (1992-2013); 10th (2013-23); 12th (2023-27),546,N/A,House record: Verified via en.wikipedia.org/wiki/Jerrold_Nadler (live fetch); won 2022 primary vs. Carolyn Maloney after districts merged.
N000032,Bill Nelson,Florida,Senate+House,Florida House of Representatives,1972-1978,3 terms (2-yr each),Jan 3 2001 - Jan 3 2019,107th-115th,3 terms (elected 2000;2006;2012),1979-1991,96th-101st,6,9th; 11th,911,N/A - not digitized/available,Senate record: en.wikipedia.org/wiki/Bill_Nelson || House record: en.wikipedia.org/wiki/Bill_Nelson
N000033,Gaylord Nelson,Wisconsin,Senate,Wisconsin State Senate,1949-1959,1 term (10 yrs; long WI Senate term),1963-1981,88th-96th,3 terms (elected 1962;1968;1974; lost re-election 1980),,,,,343,N/A - not digitized/available,Senate record: Wikipedia: Gaylord Nelson page
N000081,Bob Ney,Ohio,House,Ohio State Senate,1984-1994,"3 terms (appointed 1984, elected 1984/won reelection 1988 and 1992)",,,,1995-2007,104th-109th,6,18th,130,N/A,"House record: Live-verified via https://en.wikipedia.org/wiki/Bob_Ney; RESOLVED prior flag: state senate confirmed 1984-1994 (appointed to fill vacancy 1984, reelected 1988 & 1992); US House data confirmed matches draft exactly (resigned Nov 2006 amid Abramoff scandal)."
N000095,Bill Nichols,Alabama,House,Alabama House of Representatives (1958-1962); Alabama Senate district 8 (1962-1966),1958-1966,1 term House; 1 term Senate,,,,1967-1988 (died in office Dec 13 1988; overlap with study window begins 1979),90th-100th,11,AL-4 (1967-1973); AL-3 (1973-1988; died in office),141,N/A,House record: en.wikipedia.org/wiki/Bill_Nichols_(politician)
N000102,Don Nickles,Oklahoma,Senate,Oklahoma Senate,1979-1981,1 term,1981-2005,97th-108th,4 terms (elected 1980; 1986; 1992; 1998),,,,,587,N/A - not digitized/available,Senate record: Wikipedia: Don Nickles page
N000106,Howard C. Nielson,Utah,House,Utah House of Representatives,1967-1974 (Speaker in final term),~4,,,,1983-1991,98th-101st,4 (elected 1982;84;86;88),UT-3,53,N/A,House record: Verified live via https://en.wikipedia.org/wiki/Howard_Nielson
N000127,Rick Nolan,Minnesota,House,Minnesota House of Representatives,1969-1973,2,,,,1975-1981; 2013-2019,94th-96th; 113th-115th,6 (3+3; non-consecutive),6th (1975-1981); 8th (2013-2019),230,N/A,House record: 32-year gap between House stints; DFL. Source: en.wikipedia.org/wiki/Rick_Nolan
N000143,Anne Northup,Kentucky,House,Kentucky House of Representatives (32nd district),1987-1996,5,,,,1997-2007,105th-109th,5,KY-3,14,N/A,House record: en.wikipedia.org/wiki/Anne_Northup
N000171,Sam Nunn,Georgia,Senate,Georgia House of Representatives,1969-1972,2 terms (2-yr each),Nov 8 1972 - Jan 3 1997,93rd-104th,4 terms (elected 1972;1978;1984;1990),,,,,531,N/A - not digitized/available,Senate record: en.wikipedia.org/wiki/Sam_Nunn
N000179,Grace Napolitano,California,House,CA State Assembly,1992-1998,3 terms,,,,1999-2025,106th-118th,13 terms,CD34 (1999-03); CD38 (2003-13); CD32 (2013-23); CD31 (2023-25),100,N/A,House record: Wikipedia: Grace Napolitano; retired 2025
N000184,Kristi Noem,South Dakota,House,South Dakota House of Representatives,2007-2010 (dist 6),2,,,,2011-2019,112th-115th,4 (elected 2010;12;14;16),SD at-large,93,"58 (LOWER BOUND: LegiScan-sourced state bill sponsorships since its coverage begins for SD; this person's state legislative service started before that window, see legiscan_coverage_gap_analysis.csv)",House record: Verified live via https://en.wikipedia.org/wiki/Kristi_Noem; later elected Governor of SD (2019-2025) then US Secretary of Homeland Security - excluded as not House/state leg
N000186,Alan Nunnelee,Mississippi,House,Mississippi State Senate (6th district),1995-2011,4,,,,2011-2015 (died in office Feb 6 2015),112th-114th,3 (elected 2010; 2012; 2014),1st,9,"143 (LOWER BOUND: LegiScan-sourced state bill sponsorships since its coverage begins for MS; this person's state legislative service started before that window, see legiscan_coverage_gap_analysis.csv)",House record: Wikipedia: en.wikipedia.org/wiki/Alan_Nunnelee
N000188,Donald Norcross,New Jersey,House,New Jersey General Assembly (5th district; brief; Jan 12-19 2010); New Jersey State Senate (5th district) 2010-2014,2010-2014,2,,,,2014-present,113th-119th,6,1st,108,"357 (state bill sponsorships, primary/sponsor only, via LegiScan)",House record: Wikipedia: en.wikipedia.org/wiki/Donald_Norcross
N000189,Dan Newhouse,Washington,House,Washington House of Representatives,2003-2009; dist 15 (4 terms),4,,,,2015-present,114th-119th,6 (elected 2014;16;18;20;22;24; not seeking reelection 2026),WA-4,168,"77 (LOWER BOUND: LegiScan-sourced state bill sponsorships since its coverage begins for WA; this person's state legislative service started before that window, see legiscan_coverage_gap_analysis.csv)",House record: Verified live via https://en.wikipedia.org/wiki/Dan_Newhouse
N000190,Ralph Norman,South Carolina,House,South Carolina House of Representatives,2005-2007; 2009-2017 (48th district; non-continuous),~5,,,,2017-present,115th-119th,5,5,178,"843 (LOWER BOUND: LegiScan-sourced state bill sponsorships since its coverage begins for SC; this person's state legislative service started before that window, see legiscan_coverage_gap_analysis.csv)",House record: Verified via en.wikipedia.org/wiki/Ralph_Norman (live fetch); won June 2017 special election to succeed Mick Mulvaney.
N000193,Zach Nunn,Iowa,House,Iowa House of Representatives (30th district); Iowa Senate (15th district),2015-2019; 2019-2023,2; 1,,,,2023-present,118th-119th,2 (as of Aug 2026),IA-3,121,"100 (state bill sponsorships, primary/sponsor only, via LegiScan)",House record: en.wikipedia.org/wiki/Zach_Nunn
N000194,Wiley Nickel,North Carolina,House,NC Senate,2019-2023,2 terms,,,,2023-2025,118th,1,NC-13,13,"60 (state bill sponsorships, primary/sponsor only, via LegiScan)","House record: Live-verified via https://en.wikipedia.org/wiki/Wiley_Nickel. CORRECTED: NC Senate end year 2023 (draft said 2022; elected 2018 and 2020, term ran through early 2023)."
O000001,Mary Oakar,Ohio,House,Ohio House of Representatives,2000-2002,not independently term-counted this pass; see StateLegYears for span,,,,1977-1993,95th-102nd,8 term(s),OH-20,,N/A - not digitized/available (LegiScan match not yet attempted for this person),"House record: Wikipedia: OH House 2000-2002, after earlier US House service 1977-1993; Klarner 2000 win matches this later state term (added via 2026-09 population completeness check; BioguideId O000001)"
O000007,David Obey,Wisconsin,House,Wisconsin State Assembly,1963-1969,3,,,,1969-2011,91st-111th,~21 (won special election Apr 1969 plus reelected 19 times per WP bio),WI-7,428,N/A,House record: Verified live via https://en.wikipedia.org/wiki/David_Obey
O000010,George M. O'Brien,Illinois,House,Illinois House of Representatives,1971-1973,1 term,,,,1973-1986,93rd-99th,7 terms (died in office 1986),4 (17th pre-1983 redistricting),152,N/A,House record: Source: en.wikipedia.org/wiki/George_M._O%27Brien
O000019,Jay Obernolte,California,House,CA State Assembly (33rd district),2014-2020,3 terms,,,,2021-present,117th-119th (ongoing),2+ terms,CD8 (2021-23); CD23 (2023-present),72,"188 (state bill sponsorships, primary/sponsor only, via LegiScan)",House record: Wikipedia: Jay Obernolte; still serving as of 2026
O000085,John Olver,Massachusetts,House,Massachusetts House of Representatives; Massachusetts Senate,1969-1991,not independently term-counted this pass; see StateLegYears for span,,,,1991-2013,102nd-112th,11 term(s),MA-1,,N/A - not digitized/available (LegiScan match not yet attempted for this person),"House record: Wikipedia: MA House 1969-1973, then MA Senate 1973-1991, resigned to join US House. (added via 2026-09 population completeness check; BioguideId O000085)"
O000098,Tip O'Neill,Massachusetts,House,Massachusetts House of Representatives,1936-1952,~8 terms; Speaker of MA House 1949-1952,,,,1953-1987,83rd-100th,17,MA-11 (until 1963); MA-8 (1963-1987),258,N/A,House record: en.wikipedia.org/wiki/Tip_O'Neill; Speaker of the US House 1977-1987; only 96th-100th Congress (1979-1987) overlaps study window
O000159,Major Owens,New York,House,New York State Senate,1975-1982,4,,,,1983-2007,98th-109th,12,11th (1983-93); 12th (1993-2007),277,N/A,House record: Verified via en.wikipedia.org/wiki/Major_Owens (live fetch); ADA floor manager.
O000163,Mike Oxley,Ohio,House,Ohio House of Representatives,1973-1981,4 terms,,,,1981-2007,97th-109th,13 (1 partial via June 1981 special election + 12 full),4th,109,N/A,"House record: Live-verified via https://en.wikipedia.org/wiki/Mike_Oxley; ADDED via spot-check -- NOT in original draft list. Served Ohio House 1973-1981, then won a June 1981 special election to the US House (97th Congress) after the death of Rep. Tennyson Guyer, serving through Jan 3 2007 (97th-109th Congress)."
O000166,Butch Otter,Idaho,House,Idaho House of Representatives,1972-1976 (Canyon County),2 terms,,,,2001-2007,107th-109th,3 terms,1,56,N/A,House record: Resigned 2007 to become Governor of Idaho; Source: en.wikipedia.org/wiki/Butch_Otter
O000167,Barack Obama,Illinois,Senate,Illinois State Senate,1997-2004,2 terms (4-yr each),Jan 3 2005 - Nov 16 2008,109th-110th,1 term (elected 2004; resigned Nov 2008 after winning presidency),,,,,282,N/A - not digitized/available,Senate record: en.wikipedia.org/wiki/Barack_Obama
O000171,Tom O'Halleran,Arizona,House,Arizona House of Representatives (2nd; then 1st district); Arizona Senate (1st district),2001-2007; 2007-2009,3 terms; 1 term,,,,2017-2023,115th-117th,3,1st,125,N/A,House record: en.wikipedia.org/wiki/Tom_O%27Halleran
O000173,Ilhan Omar,Minnesota,House,Minnesota House of Representatives,2017-2019,1,,,,2019-present,116th-119th,4,5th,126,"37 (state bill sponsorships, primary/sponsor only, via LegiScan)",House record: DFL; still serving as of Aug 2026. Source: en.wikipedia.org/wiki/Ilhan_Omar
O000176,Johnny Olszewski,Maryland,House,Maryland House of Delegates (6th district),2006-2015,~2.25,,,,2025-present,119th,1 (ongoing),2nd,18,"137 (LOWER BOUND: LegiScan-sourced state bill sponsorships since its coverage begins for MD; this person's state legislative service started before that window, see legiscan_coverage_gap_analysis.csv)",House record: Also Baltimore County Executive 2018-2024 (local office; not counted). Source: en.wikipedia.org/wiki/Johnny_Olszewski
O000177,Bob Onder,Missouri,House,Missouri House of Representatives (2007-2008); Missouri Senate (2015-2023),2007-2023,1 House term (partial) + 2 Senate terms,,,,2025-present,119th,1,3rd,19,"166 (LOWER BOUND: LegiScan-sourced state bill sponsorships since its coverage begins for MO; this person's state legislative service started before that window, see legiscan_coverage_gap_analysis.csv)",House record: Republican; first elected Nov 2024; still serving as of Aug 2026. Source: en.wikipedia.org/wiki/Bob_Onder
P000009,Bob Packwood,Oregon,Senate,Oregon House of Representatives,1963-1969,"~3 terms (2-yr terms; source says ""single term"" district but dates span 6 years - verify)",1969-1995,91st-104th,4 terms (elected 1968;1974;1980;1986; resigned Oct 1995 before completing term),,,,,1444,N/A - not digitized/available,Senate record: Wikipedia: Bob Packwood page
P000034,Frank Pallone,New Jersey,House,New Jersey State Senate (11th district),1984-1988,1,,,,1988-present,100th-119th,19,3rd (1988-1993); 6th (1993-present),579,N/A,House record: Wikipedia: en.wikipedia.org/wiki/Frank_Pallone
P000080,Stan Parris,Virginia,House,Virginia House of Delegates,April 1969-November 1972 (dist 20 then 19; 1 term),1,,,,1981-1991,97th-101st,5,VA-8,156,N/A,House record: Verified live via https://en.wikipedia.org/wiki/Stan_Parris; note - Parris also had earlier separate US House service in the 1970s not captured in this source excerpt; district/years should be spot-checked against Ballotpedia if used for publication
P000096,Bill Pascrell,New Jersey,House,New Jersey General Assembly (35th district),1988-1997,~5,,,,1997-2024 (died in office Aug 21 2024),105th-118th,14,8th (1997-2013); 9th (2013-2024),357,N/A,House record: Wikipedia: en.wikipedia.org/wiki/Bill_Pascrell
P000104,Bill Patman,Texas,House,Texas Senate,1961-1981,5 terms (district 18),,,,1981-1985,97th-98th Congress,2 terms,14,12,N/A,House record: Verified via en.wikipedia.org/wiki/Bill_Patman; son of longtime US Rep Wright Patman
P000112,Liz Patterson,South Carolina,House,South Carolina Senate,1980-1987 (4th district 1980-85; 12th district 1985-87),~2,,,,1987-1993,100th-102nd,3,4,15,N/A,House record: Verified via en.wikipedia.org/wiki/Liz_J._Patterson (live fetch); second woman ever in SC Senate.
P000145,Alex Padilla,California,Senate,California State Senate,2006-2014,2 terms (4-yr each),Jan 20 2021 - present,117th-119th,Appointed by Gov. Newsom Jan 2021 to fill Kamala Harris vacancy; won full term election 2022 (1 election),,,,,616,"295 (LOWER BOUND: LegiScan-sourced state bill sponsorships since its coverage begins for CA; this person's state legislative service started before that window, see legiscan_coverage_gap_analysis.csv)",Senate record: en.wikipedia.org/wiki/Alex_Padilla
P000148,Bill Paxon,New York,House,New York State Assembly,1983-1988,3,,,,1989-1999,101st-105th,5,Erie/Niagara-area district (two configurations),44,N/A,House record: Verified via en.wikipedia.org/wiki/Bill_Paxon (live fetch).
P000170,Donald Pease,Ohio,House,Ohio House of Representatives; Ohio Senate,1969-1977,not independently term-counted this pass; see StateLegYears for span,,,,1977-1993,95th-102nd,8 term(s),OH-13,,N/A - not digitized/available (LegiScan match not yet attempted for this person),"House record: Wikipedia: OH House 1969-1975, OH Senate 1975-1977, then US House starting 1977 (same person). (added via 2026-09 population completeness check; BioguideId P000170)"
P000171,Ed Pease,Indiana,House,Indiana Senate (39th district 1980-1982; 37th district 1982-1992),1980-1992,3 terms (39th district 1980-1982; 37th district 1982-1992),,,,1997-2001,105th-106th,2,IN-7,6,N/A,"House record: en.wikipedia.org/wiki/Ed_Pease -- CORRECTED 2026-09-03: original research only captured his first term (1980-1982); Wikipedia confirms continuous IN Senate service 1980-1992 across two districts, consistent with a 1988 election win found via Klarner ICPSR 34297 cross-check."
P000215,Timothy Penny,Minnesota,House,Minnesota Senate,1976-1982,1 (per Wikipedia; unusually long single term),,,,1983-1995,98th-103rd,6,1st,161,N/A,House record: DFL; did not seek 7th term. Source: en.wikipedia.org/wiki/Timothy_Penny
P000218,Claude Pepper,Florida,House,Florida House of Representatives,1929-1931,1 term,,,,1963-1989 (also served in US Senate 1936-1951; not counted here),88th-101st,13,18th,1158,N/A,House record: en.wikipedia.org/wiki/Claude_Pepper
P000229,Carl Christopher Perkins,Kentucky,House,Kentucky House of Representatives (92nd district),1982-1984,1,,,,1984-1993,98th-102nd,5,KY-7,29,N/A,House record: Son of longtime Rep. Carl D. Perkins; succeeded father via special election; en.wikipedia.org/wiki/Chris_Perkins_(politician)
P000230,Carl D. Perkins,Kentucky,House,Kentucky General Assembly (House),elected 1940 (exact end year not confirmed in sources checked),N/A - uncertain exact terms,,,,1949-1984 (died in office Aug 3 1984),81st-98th,18,KY-7,401,N/A,House record: Namesake of Carl D. Perkins Vocational Education Act; father of Chris Perkins; en.wikipedia.org/wiki/Carl_D._Perkins
P000258,Collin Peterson,Minnesota,House,Minnesota Senate,1977-1986,2,,,,1991-2021,102nd-116th,15,7th,210,N/A,House record: Chaired House Agriculture Cmte; lost 2020 to Fischbach. Source: en.wikipedia.org/wiki/Collin_Peterson
P000263,John Peterson,Pennsylvania,House,PA House of Representatives (1977-1984); PA Senate (1985-1996),1977-1996,~4 House terms + 3 Senate terms,,,,1997-2009,105th-110th,6,5th,62,N/A,"House record: MAJOR CORRECTION - draft mislabeled his entire state legislature career as 'PA Senate 1977-1996'; he actually served in the PA HOUSE from 1977-1984 and only moved to the PA SENATE in 1985, serving there until 1996. Live-verified via https://en.wikipedia.org/wiki/John_Peterson_(Pennsylvania_politician). Congress years/terms confirmed accurate."
P000265,Tom Petri,Wisconsin,House,Wisconsin Senate,1973-1979 (1 term),1,,,,1979-2015,96th-113th,18 (won special election 1979 plus reelected 17 times),WI-6,279,N/A,House record: Verified live via https://en.wikipedia.org/wiki/Tom_Petri
P000326,Owen B. Pickett,Virginia,House,Virginia House of Delegates,1972-1986 (Virginia Beach-area district),7,,,,1987-2001,100th-106th,7,VA-2,62,N/A,House record: Verified live via https://en.wikipedia.org/wiki/Owen_B._Pickett
P000373,Joseph Pitts,Pennsylvania,House,PA House of Representatives,1973-1996,12 terms,,,,1997-2017,105th-114th,10,16th,178,N/A,House record: Live-verified via https://en.wikipedia.org/wiki/Joe_Pitts_(Pennsylvania_politician). Draft data confirmed accurate; no changes.
P000422,Earl Pomeroy,North Dakota,House,North Dakota House of Representatives,1980-1985,~2 terms,,,,1993-2011,103rd-111th,9,At-Large,166,N/A,House record: Verified this session via kids.kiddle.co (Wikipedia mirror); ND House then ND Insurance Commissioner (1985-1992) then US House.
P000444,John Edward Porter,Illinois,House,Illinois House of Representatives,1973-1979 (district 1),3 terms,,,,1979-2001,96th-106th,11 terms (source dates vary slightly 1979-1980 start; using govtrack 1979 start),10,227,N/A,House record: Source: en.wikipedia.org/wiki/John_Porter_(Illinois_politician)
P000452,Glenn Poshard,Illinois,House,Illinois Senate,1984-1989 (district 59),~2-3 terms,,,,1989-1999,101st-105th,5 terms,22 (1989-1993); 19 (1993-1999),30,N/A,House record: Source: en.wikipedia.org/wiki/Glenn_Poshard
P000556,David Pryor,Arkansas,Senate,Arkansas House of Representatives,1961-1966,3 terms (2-yr each),Jan 3 1979 - Jan 3 1997,96th-104th,3 terms (elected 1978;1984;1990),,,,,449,N/A - not digitized/available,Senate record: en.wikipedia.org/wiki/David_Pryor; en.wikipedia.org/wiki/List_of_United_States_senators_from_Arkansas
P000574,Carl Pursell,Michigan,House,Michigan Senate,1971-1977,1 term,,,,1977-1993,95th-102nd,8,MI-2,73,N/A,House record: en.wikipedia.org/wiki/Carl_Pursell; only 96th-102nd Congress (1979-1993) overlaps study window
P000584,David D. Phelps,Illinois,House,Illinois House of Representatives,1984-1998,~7 terms,,,,1999-2003,106th-107th,2 terms,19,5,N/A,House record: Source: en.wikipedia.org/wiki/David_D._Phelps
P000585,Todd Platts,Pennsylvania,House,PA House of Representatives,1993-2000,4 terms (dist. 196; terms 1993;1995;1997;1999),,,,2001-2013,107th-112th,6,19th,118,N/A,"House record: CORRECTED end year of state legislature service (2000, not 2001). Live-verified via https://archives.house.state.pa.us/people/member-biography?ID=196 (PA House Archives, authoritative) and https://en.wikipedia.org/wiki/Todd_Platts. Term count of 4 confirmed matches draft."
P000586,Adam Putnam,Florida,House,Florida House of Representatives (63rd district),1996-2000,2 terms,,,,2001-2011,107th-111th,5,12th,87,N/A,House record: en.wikipedia.org/wiki/Adam_Putnam
P000588,Stevan Pearce,New Mexico,House,New Mexico House of Representatives,1997-2001,not independently term-counted this pass; see StateLegYears for span,,,,2003-2019,108th-115th,7 term(s),NM-2,,N/A - not digitized/available (LegiScan match not yet attempted for this person),"House record: Wikipedia (Steve Pearce (politician)): NM House of Representatives (62nd district) 1997-2001, then US House 2003-2009 and 2011-2019. (added via 2026-09 population completeness check; BioguideId P000588)"
P000589,Jon Porter,Nevada,House,Nevada State Senate (1st district),1994-2002,2,,,,2003-2009,108th-110th,3,3rd,59,N/A,House record: Wikipedia: en.wikipedia.org/wiki/Jon_Porter
P000590,Mark Pryor,Arkansas,Senate,Arkansas House of Representatives,1991-1995,not independently term-counted this pass; see StateLegYears for span,2003-2015,108th-113th,2 term(s),,,,,,N/A - not digitized/available (LegiScan match not yet attempted for this person),"Senate record: Wikipedia: Arkansas House of Representatives 1991-1995, then US Senate 2003-2015. (added via 2026-09 population completeness check; BioguideId P000590)"
P000591,Tom Price,Georgia,House,Georgia State Senate (56th district),1997-2005,4 terms,,,,2005-2017 (resigned to become HHS Secretary),109th-114th,6,6th,145,N/A,House record: en.wikipedia.org/wiki/Tom_Price_(American_politician)
P000593,Ed Perlmutter,Colorado,House,Colorado Senate district 20,1995-2003,2 terms,,,,2007-2023,110th-117th,8,CO-7,138,N/A,House record: en.wikipedia.org/wiki/Ed_Perlmutter
P000594,Erik Paulsen,Minnesota,House,Minnesota House of Representatives,1995-2009,7-8 (Majority Leader 2003-2007; source terms count is inconsistent - 14 yrs/2yr terms = 7),,,,2009-2019,111th-115th,5,3rd,176,N/A,House record: Republican; lost 2018 to Dean Phillips. Source: en.wikipedia.org/wiki/Erik_Paulsen
P000595,Gary Peters,Michigan,Senate+House,Michigan Senate,1995-2002,2 (term-limited out),Jan 3 2015 - present,114th-119th Congress,2 (elected 2014; 2020),2009-2015,111th-113th,3,MI-9 (2009-2013); MI-14 (2013-2015),917,N/A - not found in quick search,"Senate record: Source: en.wikipedia.org/wiki/Gary_Peters || House record: Added 2026-10-06: this chamber's service was missing from the original research; years, Congresses and terms taken from the official @unitedstates/congress-legislators term records. State legislature fields copied from this person's Senate record."
P000597,Chellie Pingree,Maine,House,Maine Senate,1992-2000 (districts 21 then 12; Senate Majority Leader from 1996),4 terms,,,,2009-present,111th-119th,9 terms,1,180,N/A,House record: Source: en.wikipedia.org/wiki/Chellie_Pingree; still serving as of Aug 2026
P000599,Bill Posey,Florida,House,Florida House of Representatives (32nd district); Florida Senate (15th; then 24th district),1992-2000; 2000-2008,2 terms; 2 terms,,,,2009-2025,111th-118th,8,15th; 8th,232,N/A,House record: en.wikipedia.org/wiki/Bill_Posey
P000601,Steven Palazzo,Mississippi,House,Mississippi House of Representatives (district 116),2006-2011,2 (2006 special election + 2007 term),,,,2011-2023,112th-117th,6,4th,54,"58 (LOWER BOUND: LegiScan-sourced state bill sponsorships since its coverage begins for MS; this person's state legislative service started before that window, see legiscan_coverage_gap_analysis.csv)",House record: Wikipedia: en.wikipedia.org/wiki/Steven_Palazzo
P000605,Scott Perry,Pennsylvania,House,PA House of Representatives,2007-2012,3 terms (dist. 92),,,,2013-present,113th-119th,7,4th (2013-2019); 10th (2019-present),340,"361 (state bill sponsorships, primary/sponsor only, via LegiScan)",House record: Live-verified via https://en.wikipedia.org/wiki/Scott_Perry_(politician). Draft data confirmed accurate; no changes.
P000606,Robert Pittenger,North Carolina,House,NC Senate,2003-2008,3 terms,,,,2013-2019,113th-115th,3,NC-9,33,N/A,House record: Live-verified via https://en.wikipedia.org/wiki/Robert_Pittenger. CORRECTED: NC Senate end year 2008 (draft said 2009); Pittenger resigned May 27 2008 to run for lieutenant governor. US House figures confirmed unchanged.
P000607,Mark Pocan,Wisconsin,House,Wisconsin State Assembly,1999-2013 (dist 78),7,,,,2013-present,113th-119th,7 (elected 2012;14;16;18;20;22;24; ongoing),WI-2,171,"260 (LOWER BOUND: LegiScan-sourced state bill sponsorships since its coverage begins for WI; this person's state legislative service started before that window, see legiscan_coverage_gap_analysis.csv)",House record: Verified live via https://en.wikipedia.org/wiki/Mark_Pocan
P000614,Chris Pappas,New Hampshire,House,New Hampshire House of Representatives,2002-2006,2,,,,2019-present,116th-119th,4,1st,180,N/A,House record: Democrat; running for US Senate in 2026 (still incumbent House member as of Aug 2026). Source: en.wikipedia.org/wiki/Chris_Pappas_(American_politician)
P000619,Mary Peltola,Alaska,House,Alaska House of Representatives districts 39 (1999-2003) and 38 (2003-2009),1999-2009,5 terms,,,,2022-2025 (special election Aug 2022; lost re-election 2024),117th-118th,1 full term (plus partial term from special election),AK at-large,36,N/A,House record: en.wikipedia.org/wiki/Mary_Peltola
P000620,Brittany Pettersen,Colorado,House,Colorado House of Representatives district 28 (2013-2019); Colorado Senate district 22 (2019-2023),2013-2023,3 terms House; 1 term Senate,,,,2023-present,118th-119th (ongoing),2 (ongoing),CO-7,72,"197 (state bill sponsorships, primary/sponsor only, via LegiScan)",House record: en.wikipedia.org/wiki/Brittany_Pettersen
P000621,Nellie Pou,New Jersey,House,New Jersey General Assembly 1997-2012; New Jersey Senate 2012-2025,1997-2025,~14 combined,,,,2025-present,119th,1,9th,13,"1190 (LOWER BOUND: LegiScan-sourced state bill sponsorships since its coverage begins for NJ; this person's state legislative service started before that window, see legiscan_coverage_gap_analysis.csv)",House record: Wikipedia: en.wikipedia.org/wiki/Nellie_Pou
P000622,Jimmy Patronis,Florida,House,Florida House of Representatives (6th district),2006-2014,4 terms,,,,2025-present (special election April 2025),119th,less than 1,1st,18,"140 (LOWER BOUND: LegiScan-sourced state bill sponsorships since its coverage begins for FL; this person's state legislative service started before that window, see legiscan_coverage_gap_analysis.csv)",House record: en.wikipedia.org/wiki/Jimmy_Patronis
Q000013,Jimmy Quillen,Tennessee,House,Tennessee House of Representatives,1954-1962 (Sullivan County dist; 4 terms),4,,,,1963-1997,88th-104th,17,TN-1,551,N/A,House record: Verified live via https://en.wikipedia.org/wiki/James_H._Quillen
R000012,Tom Railsback,Illinois,House,Illinois House of Representatives,1962-1966,2 terms,,,,1967-1983,90th-97th,8 terms,19,244,N/A,House record: Source: en.wikipedia.org/wiki/Tom_Railsback
R000033,Jim Ramstad,Minnesota,House,Minnesota Senate,1981-1991,2 (sources vary slightly on exact district/dates within this span),,,,1991-2009,102nd-110th,9,3rd,180,N/A,House record: Republican; retired 2009. Source: en.wikipedia.org/wiki/Jim_Ramstad
R000053,Charles Rangel,New York,House,New York State Assembly,1967-1971,2,,,,1971-2017,92nd-114th,23,18th (1971-73); 19th (1973-83); 16th (1983-93); 15th (1993-2013); 13th (2013-17),1048,N/A,House record: Verified via en.wikipedia.org/wiki/Charles_Rangel (live fetch); succeeded Adam Clayton Powell Jr.; later chaired Ways and Means; resigned/retired Jan 2017.
R000067,William R. Ratchford,Connecticut,House,Connecticut House of Representatives; Speaker 1969-1972,1963-1979,6 terms,,,,1979-1985,96th-98th,3,CT-5,25,N/A,House record: en.wikipedia.org/wiki/William_Ratchford
R000072,Arthur Ravenel Jr.,South Carolina,House,South Carolina House of Representatives; South Carolina Senate,1953-1959 (House); 1981-1985; 1985-1987; 1997-2005 (Senate),3 (House) + ~3 (Senate; non-continuous),,,,1987-1995,100th-103rd,4,1,38,N/A,House record: Verified via en.wikipedia.org/wiki/Arthur_Ravenel_Jr. (live fetch); switched Dem to GOP in 1960; Senate service continued after House tenure too.
R000103,Matt Rosendale,Montana,House,Montana House of Representatives (2011-2013); Montana Senate (2013-2021; Senate Majority Leader 2015-2017),2011-2021,1 term House; 2 terms Senate,,,,2021-2025,117th-118th,2,MT At-large (2021-2023); MT-2 (2023-2025),97,"13 (state bill sponsorships, primary/sponsor only, via LegiScan)",House record: en.wikipedia.org/wiki/Matt_Rosendale
R000122,Jack Reed,Rhode Island,Senate+House,Rhode Island State Senate,1985-1991 (elected 1984; 3 terms; exact end date approximate),3 terms,1997-present,105th-119th,5 terms so far (elected 1996;2002;2008;2014;2020),1991-1997,102nd-104th,3,2nd,1289,N/A - not digitized/available,Senate record: Wikipedia: Jack Reed (Rhode Island politician) page || House record: Live-verified via https://en.wikipedia.org/wiki/Jack_Reed_(Rhode_Island_politician); draft data confirmed accurate exactly as stated (elected US Senate 1996; still serving as of 2026).
R000141,Ralph Regula,Ohio,House,Ohio House of Representatives 1964-1967 (1 term); Ohio State Senate 1967-1973 (3 terms),1964-1973,1 House term + 3 Senate terms,,,,1973-2009,93rd-110th,18,16th,241,N/A,"House record: Live-verified via https://en.wikipedia.org/wiki/Ralph_Regula; CORRECTED: draft said ""House 1965-66, Senate 1967-72"" -- actual verified dates are Ohio House 1964-1967 (elected 1964, one term) then Ohio Senate Jan 3 1967 - Jan 3 1973 (three 2-year terms); also served on Ohio Board of Education 1960-1964 (not a legislative seat, excluded here). US House data confirmed exact."
R000146,Harry Reid,Nevada,Senate+House,Nevada Assembly,1969-1971,1,Jan 3 1987 - Jan 3 2017,100th-114th Congress,5 (elected 1986; 1992; 1998; 2004; 2010),1983-1987,98th-99th,2,1st,1995,N/A - not digitized/available,Senate record: Source: en.wikipedia.org/wiki/Harry_Reid || House record: Wikipedia: en.wikipedia.org/wiki/Harry_Reid; later US Senator 1987-2017
R000191,Abraham Ribicoff,Connecticut,Senate,Connecticut House of Representatives,1938-1942,2 terms (2-yr each),Jan 3 1963 - Jan 3 1981,88th-96th,3 terms (elected 1962;1968;1974),,,,,233,N/A - not digitized/available (pre-digitization era),Senate record: en.wikipedia.org/wiki/Abraham_Ribicoff
R000262,Matthew J. Rinaldo,New Jersey,House,New Jersey Senate,1967-1972,3,,,,1973-1993,93rd-102nd,10,12th (1973-1983); 7th (1983-1993),354,N/A,House record: Wikipedia: en.wikipedia.org/wiki/Matthew_J._Rinaldo
R000281,Lynn Rivers,Michigan,House,Michigan House of Representatives,1993-1994,1 term (partial),,,,1995-2003,104th-107th,4,MI-13,52,N/A,House record: en.wikipedia.org/wiki/Lynn_Rivers
R000305,Deborah Ross,North Carolina,House,NC House,2003-2013,5 terms,,,,2021-present,117th-119th,3,NC-2,90,"275 (LOWER BOUND: LegiScan-sourced state bill sponsorships since its coverage begins for NC; this person's state legislative service started before that window, see legiscan_coverage_gap_analysis.csv)",House record: Live-verified via https://en.wikipedia.org/wiki/Deborah_Ross_(politician); draft figures confirmed unchanged.
R000308,Clint Roberts,South Dakota,House,South Dakota Senate,1972-1978,not independently term-counted this pass; see StateLegYears for span,,,,1981-1983,97th,1 term(s),SD-2,,N/A - not digitized/available (LegiScan match not yet attempted for this person),"House record: Wikipedia: SD Senate 1972-1978, then US House starting 1981 (same person). (added via 2026-09 population completeness check; BioguideId R000308)"
R000312,Ray Roberts,Texas,House,Texas Senate,1955-1961,2 terms (approx),,,,1962-1981,87th-96th Congress,~10 terms,4,205,N/A,House record: Verified via en.wikipedia.org/wiki/Ray_Roberts_(politician) and en.wikipedia.org/wiki/Texas%27s_4th_congressional_district; preceded Ralph Hall in TX-4; TX Senate 9th district
R000337,J. Kenneth Robinson,Virginia,House,Senate of Virginia,circa 1965/66-1970 (source lists conflicting end date of 1985 which overlaps his concurrent US House service - clearly an extraction error; true end date likely ~1970 when he entered Congress),~1-2 terms,,,,1971-1985,92nd-98th,7,VA-7,214,N/A,House record: Verified live via https://en.wikipedia.org/wiki/J._Kenneth_Robinson; DATE DISCREPANCY in source flagged for manual re-check
R000361,Jay Rockefeller,West Virginia,Senate,West Virginia House of Delegates,1966-1968,1 term,1985-2015,99th-113th,5 terms (elected 1984;1990;1996;2002;2008),,,,,887,N/A - not digitized/available,Senate record: Wikipedia: Jay Rockefeller page
R000386,James Rogan,California,House,CA State Assembly,1994-1996 (won Nov 1994 special election; partial term),1 partial term (1994-1996),,,,1997-2001,105th-106th,2 terms,CD27,34,N/A,"House record: Wikipedia: James Rogan -- CORRECTED 2026-09-03: original research listed only ""1996 (partial term)""; Wikipedia confirms he won a Nov 1994 special election to the CA Assembly (serving 1994-1996), consistent with a 1994 election win found via Klarner ICPSR 34297 cross-check."
R000435,Ileana Ros-Lehtinen,Florida,House,Florida House of Representatives; Florida Senate (34th district),1982-1986; 1986-1989,several terms,,,,1989-2019 (special election Aug 1989),101st-115th,14 (plus special election),27th (initially 18th),373,N/A,House record: en.wikipedia.org/wiki/Ileana_Ros-Lehtinen
R000458,Dan Rostenkowski,Illinois,House,Illinois House of Representatives; Illinois Senate,1952-1954 (House; district 27); 1954-1959 (Senate),1 term House; ~2-3 terms Senate,,,,1959-1995,86th-103rd,18 terms,8 (pre-1993); 5 (1993-1995),391,N/A,House record: Longtime Chairman of Ways and Means Committee; Source: en.wikipedia.org/wiki/Dan_Rostenkowski
R000459,Toby Roth,Wisconsin,House,Wisconsin State Assembly,1973-1979 (dist 42),3,,,,1979-1997,96th-104th,9 (elected 1978;80;82;84;86;88;90;92;94),WI-8,142,N/A,House record: Verified live via https://en.wikipedia.org/wiki/Toby_Roth
R000481,J. Roy Rowland,Georgia,House,Georgia House of Representatives (119th district),1976-1982,~3 terms,,,,1983-1995,98th-103rd,6,8th,61,N/A,House record: en.wikipedia.org/wiki/J._Roy_Rowland
R000482,John G. Rowland,Connecticut,House,Connecticut House of Representatives district 73,1981-1985,2 terms,,,,1985-1991 (then elected Governor of Connecticut),99th-101st,3,CT-5,33,N/A,House record: en.wikipedia.org/wiki/John_G._Rowland
R000486,Lucille Roybal-Allard,California,House,CA State Assembly (56th district),1987-1992,~1.5 terms (incl. special-election term),,,,1993-2023,103rd-117th,15 terms,CD33 (1993-2003); CD34 (2003-2013); CD40 (2013-2023),164,N/A,House record: Wikipedia: Lucille Roybal-Allard
R000487,Ed Royce,California,House,CA State Senate,1982-1993,~5 terms,,,,1993-2019,103rd-115th,13 terms,CD39 (1993-2003); CD40 (2003-2013); CD39 (2013-2019),292,N/A,House record: Wikipedia: Ed Royce (politician); chaired House Foreign Affairs Cmte
R000510,Harold L. Runnels,New Mexico,House,New Mexico Senate,1960-1970,~5,,,,1971-1980,92nd-96th,5,2,66,N/A,House record: Verified via en.wikipedia.org/wiki/Harold_L._Runnels (live fetch); died in office Aug 5 1980; mid-5th term.
R000568,Ciro Rodriguez,Texas,House,Texas House of Representatives,1987-1997,5 terms,,,,1997-2005; 2007-2011,105th-108th Congress; 110th-111th Congress,6 terms total,28 (1997-2005); 23 (2007-2011),77,N/A,House record: Verified via en.wikipedia.org/wiki/Ciro_Rodriguez; TX House district 118; won TX-28 special election 1997 after Tejeda's death; later won TX-23 unseating Henry Bonilla in 2006
R000569,Thomas Reynolds,New York,House,New York State Assembly,1989-1998,not independently term-counted this pass; see StateLegYears for span,,,,1999-2009,106th-110th,5 term(s),NY-26,,N/A - not digitized/available (LegiScan match not yet attempted for this person),"House record: Wikipedia: NY Assembly (147th district) 1989-1998, Minority Leader 1995-1998, then US House starting 1999. (added via 2026-09 population completeness check; BioguideId R000569)"
R000571,Denny Rehberg,Montana,House,Montana House of Representatives,1985-1991,3 terms,,,,2001-2013,107th-112th,6,MT At-large,108,N/A,House record: en.wikipedia.org/wiki/Denny_Rehberg
R000572,Mike Rogers,Michigan,House,Michigan Senate,1995-2001,2 terms,,,,2001-2015,107th-113th,7,MI-8,129,N/A,House record: en.wikipedia.org/wiki/Mike_Rogers_(Michigan_politician); chaired House Intelligence Committee 2011-2015
R000573,Mike Ross,Arkansas,House,Arkansas State Senate,1991-2001,3 terms,,,,2001-2013,107th-112th,6,AR-4,93,N/A,House record: en.wikipedia.org/wiki/Mike_Ross_(politician)
R000575,Mike Rogers,Alabama,House,Alabama House of Representatives,1994-2002; became minority leader in 2nd term,2 terms,,,,2003-present,108th-119th (ongoing),12 (ongoing),AL-3,115,N/A,House record: en.wikipedia.org/wiki/Mike_Rogers_(Alabama_politician)
R000577,Tim Ryan,Ohio,House,Ohio State Senate,2000-2002,partial term (~half term),,,,2003-2023,108th-117th,10,13th,217,N/A,House record: Live-verified via https://en.wikipedia.org/wiki/Tim_Ryan_(Ohio_politician) (note disambiguated URL); MINOR CORRECTION: state senate years are 2000-2002 (draft said 2001-2003); US House data confirmed exact. Later ran unsuccessfully for US Senate in 2022.
R000580,Peter Roskam,Illinois,House,Illinois House of Representatives; Illinois Senate,1993-1999 (House; district 40); 1999(2000)-2007 (Senate; districts 20 then 48),3 terms House; ~3-4 terms Senate,,,,2007-2019,110th-115th,6 terms,6,120,N/A,House record: Source: en.wikipedia.org/wiki/Peter_Roskam
R000581,Laura Richardson,California,House,CA State Assembly (55th district) 2007 (brief); CA State Senate (35th district) 2024-present,Assembly 2007 (few months); Senate 2024-present,1 partial Assembly term + ongoing Senate term,,,,2007-2013,110th-112th,3 terms (incl. special-election term),CD37,109,"54 (LOWER BOUND: LegiScan-sourced state bill sponsorships since its coverage begins for CA; this person's state legislative service started before that window, see legiscan_coverage_gap_analysis.csv)",House record: Wikipedia: Laura Richardson; unusual sequence - brief Assembly term 2007 then House 2007-2013 then CA Senate 2024-present
R000584,Jim Risch,Idaho,Senate,Idaho State Senate (President Pro Tem),1974-1988; 1995-2002 (non-consecutive),approx 11 terms total (2-yr each; two separate stints),Jan 3 2009 - present,111th-119th,3 terms (elected 2008;2014;2020),,,,,649,N/A - not digitized/available,Senate record: en.wikipedia.org/wiki/Jim_Risch
R000588,Cedric Richmond,Louisiana,House,Louisiana House of Representatives (101st district),2000-2011,~3,,,,2011-2021,112th-116th,5,2nd,93,"88 (LOWER BOUND: LegiScan-sourced state bill sponsorships since its coverage begins for LA; this person's state legislative service started before that window, see legiscan_coverage_gap_analysis.csv)",House record: Resigned January 2021 to join Biden White House staff. Source: en.wikipedia.org/wiki/Cedric_Richmond
R000590,David Rivera,Florida,House,Florida House of Representatives (112th district),2002-2010,4 terms,,,,2011-2013,112th,1,25th,9,"31 (LOWER BOUND: LegiScan-sourced state bill sponsorships since its coverage begins for FL; this person's state legislative service started before that window, see legiscan_coverage_gap_analysis.csv)",House record: en.wikipedia.org/wiki/David_Rivera_(politician)
R000593,Dennis Ross,Florida,House,Florida House of Representatives (63rd district),2000-2008,4 terms,,,,2011-2019,112th-115th,4,12th; 15th,79,N/A,House record: en.wikipedia.org/wiki/Dennis_Ross_(politician)
R000595,Marco Rubio,Florida,Senate,Florida House of Representatives (Speaker 2006-2008),2000-2008,4 terms (2-yr each),Jan 3 2011 - Jan 20 2025,112th-118th,2 terms (elected 2010;2016; resigned Jan 2025 to become Secretary of State),,,,,1476,N/A - not digitized/available,Senate record: en.wikipedia.org/wiki/Marco_Rubio
R000603,David Rouzer,North Carolina,House,North Carolina Senate,2009-2013,not independently term-counted this pass; see StateLegYears for span,,,,2015-2027,114th-119th,6 term(s),NC-7,,N/A - not digitized/available (LegiScan match not yet attempted for this person),"House record: Wikipedia: NC State Senate 12th district Jan 2009-Jan 2013, then US House starting 2015 (added via 2026-09 population completeness check; BioguideId R000603)"
R000604,Steve Russell,Oklahoma,House,Oklahoma Senate,2009-2013,~2,,,,2015-2019,114th-115th,2,5,46,"467 (LOWER BOUND: LegiScan-sourced state bill sponsorships since its coverage begins for OK; this person's state legislative service started before that window, see legiscan_coverage_gap_analysis.csv)",House record: Verified via en.wikipedia.org/wiki/Steve_Russell_(politician) (live fetch); lost re-election to Kendra Horn in 2018.
R000605,Mike Rounds,South Dakota,Senate,South Dakota Senate,1991-2001 (Majority Leader from 1995),5 terms (term-limited out in 2001),2015-present,114th-119th,2 terms so far (elected 2014;2020),,,,,405,N/A - not digitized/available,Senate record: Wikipedia: Mike Rounds page
R000606,Jamie Raskin,Maryland,House,Maryland Senate (20th district),2007-2016,~2.25,,,,2017-present,115th-119th,5,8th,144,"439 (LOWER BOUND: LegiScan-sourced state bill sponsorships since its coverage begins for MD; this person's state legislative service started before that window, see legiscan_coverage_gap_analysis.csv)",House record: Ranking Member of House Judiciary Committee; lead impeachment manager in 2021. Source: en.wikipedia.org/wiki/Jamie_Raskin
R000610,Guy Reschenthaler,Pennsylvania,House,PA Senate,2015-2019,1 term (special election Nov 24 2015 to Jan 3 2019; dist. 37),,,,2019-present,116th-119th,4,14th,58,"31 (state bill sponsorships, primary/sponsor only, via LegiScan)","House record: CORRECTED end date (Jan 2019, not 2018) and term count (1 term/special election completing predecessor's term, not ~1.5 terms). Live-verified via https://en.wikipedia.org/wiki/Guy_Reschenthaler."
R000617,Delia Ramirez,Illinois,House,Illinois House of Representatives,2018-2022 (district 4; first Guatemalan-American in IL General Assembly),2 terms,,,,2023-present,118th-119th,2 terms,3,44,"85 (state bill sponsorships, primary/sponsor only, via LegiScan)",House record: Source: en.wikipedia.org/wiki/Delia_Ramirez; still serving as of Aug 2026
R000620,Luz Rivas,California,House,CA State Assembly (39th then 43rd district),2018-2024,~3 terms (incl. special-election term),,,,2025-present,119th (ongoing),1 term,CD29,14,"152 (state bill sponsorships, primary/sponsor only, via LegiScan)",House record: Wikipedia: Luz Rivas; still serving as of 2026
R000621,Emily Randall,Washington,House,Washington State Senate,January 2019-December 2024 (2 terms),2,,,,2025-present,119th,1 (current),WA-6,13,"108 (state bill sponsorships, primary/sponsor only, via LegiScan)",House record: Verified live via https://en.wikipedia.org/wiki/Emily_Randall
S000005,Martin Olav Sabo,Minnesota,House,Minnesota House of Representatives,1961-1979,9 (Speaker 1973-1978; first Democratic Speaker),,,,1979-2007,96th-109th,14,5th,84,N/A,House record: Chaired House Budget Cmte 1993-95. Source: en.wikipedia.org/wiki/Martin_Olav_Sabo
S000014,Pat Saiki,Hawaii,House,Hawaii House of Representatives; Hawaii Senate,1968-1974 (House); 1974-1982 (Senate),3 terms House; 4 terms Senate,,,,1987-1991,100th-101st,2 terms,1,30,N/A,House record: First Republican woman from HI in US House; Source: en.wikipedia.org/wiki/Pat_Saiki
S000018,Matt Salmon,Arizona,House,Arizona State Senate (21st district),1991-1995,2 terms (Asst. Majority Leader),,,,1995-2001; 2013-2017 (non-consecutive),104th-106th; 113th-114th,5,1st; 5th,146,N/A,House record: en.wikipedia.org/wiki/Matt_Salmon
S000055,Terry Sanford,North Carolina,Senate,North Carolina State Senate,1953-1955,1,Nov 5 1986 - Jan 3 1993,99th-102nd Congress,1 (elected 1986; lost re-election 1992),,,,,120,N/A - not digitized/available,Senate record: Source: en.wikipedia.org/wiki/Terry_Sanford
S000056,George Sangmeister,Illinois,House,Illinois House of Representatives; Illinois Senate,1972-1977 (House); 1977-1987 (Senate; district 42),~2-3 terms House; 5 terms Senate,,,,1989-1995,101st-103rd,3 terms,4 (1989-1993); 11 (1993-1995),35,N/A,House record: Source: en.wikipedia.org/wiki/George_Sangmeister
S000064,Paul Sarbanes,Maryland,Senate,Maryland House of Delegates,1967-1971,2,Jan 3 1977 - Jan 3 2007,95th-109th Congress,5 (elected 1976; 1982; 1988; 1994; 2000),,,,,387,N/A - not digitized/available,Senate record: Source: en.wikipedia.org/wiki/Paul_Sarbanes
S000066,Bill Sarpalius,Texas,House,Texas Senate,1980-1989,2 terms (approx),,,,1989-1995,101st-103rd Congress,3 terms,13,21,N/A,House record: Verified via en.wikipedia.org/wiki/Bill_Sarpalius; three-term US House member per Mac Thornberry bio cross-check
S000070,David E. Satterfield III,Virginia,House,Virginia House of Delegates,1960-1964 (multi-member district; 1 term),1,,,,1965-1981,89th-96th,8,VA-3,163,N/A,House record: Verified live via https://en.wikipedia.org/wiki/David_E._Satterfield_III
S000094,Thomas Sawyer,Ohio,House,Ohio House of Representatives,1977-1983,not independently term-counted this pass; see StateLegYears for span,,,,1987-2003,100th-107th,8 term(s),OH-14,,N/A - not digitized/available (LegiScan match not yet attempted for this person),"House record: Wikipedia: OH House of Representatives 1977-1983, then Akron mayor 1984-1986, then US House starting 1987 (added via 2026-09 population completeness check; BioguideId S000094)"
S000097,Jim Saxton,New Jersey,House,New Jersey General Assembly (8th district) 1976-1982; New Jersey Senate (8th district) 1982-1984,1976-1984,~4 combined,,,,1984-2009,98th-110th,13,13th (1984-1993); 3rd (1993-2009),333,N/A,House record: Wikipedia: en.wikipedia.org/wiki/Jim_Saxton
S000109,Daniel Schaefer,Colorado,House,Colorado General Assembly House (1976-1978); Colorado State Senate (1979-1983),1976-1983,1 term House; 1 term Senate,,,,1983-1999,98th-105th,8,CO-6,48,N/A,House record: en.wikipedia.org/wiki/Daniel_Schaefer
S000112,Bob Schaffer,Colorado,House,Colorado State Senate (appointed 1987; served through 1996),1987-1996,~2 terms,,,,1997-2003 (pledged to serve only 3 terms),105th-107th,3,CO-4,49,N/A,House record: en.wikipedia.org/wiki/Bob_Schaffer
S000143,Bill Schuette,Michigan,House,Michigan Senate,1995-2003,not independently term-counted this pass; see StateLegYears for span,,,,1985-1991,99th-101st,3 term(s),MI-10,,N/A - not digitized/available (LegiScan match not yet attempted for this person),"House record: Wikipedia: US House 1985-1991 FIRST, then MI State Senate 35th district 1995-2003 (elected 1994, reelected 1998) — same person, state service came after Congress (added via 2026-09 population completeness check; BioguideId S000143)"
S000146,Richard Schulze,Pennsylvania,House,Pennsylvania House of Representatives,1970-1974,not independently term-counted this pass; see StateLegYears for span,,,,1975-1993,94th-102nd,9 term(s),PA-5,,N/A - not digitized/available (LegiScan match not yet attempted for this person),"House record: Wikipedia: PA House two terms (elected 1970, 1972) before US House starting 1975 (Dick/Richard T. Schulze) (added via 2026-09 population completeness check; BioguideId S000146)"
S000148,Chuck Schumer,New York,Senate+House,New York State Assembly,1975-1981,3,Jan 3 1999 - present,106th-119th Congress,5 (elected 1998; 2004; 2010; 2016; 2022),1981-1999,97th-105th,9,16th (1981-83); 10th (1983-93); 9th (1993-99),2453,N/A - not found in quick search,Senate record: Source: en.wikipedia.org/wiki/Chuck_Schumer || House record: Verified via en.wikipedia.org/wiki/Chuck_Schumer (live fetch); left House for US Senate in 1999 (Senate service not in scope of this House project).
S000185,Bobby Scott,Virginia,House,Virginia House of Delegates (1978-1983); Senate of Virginia (1983-1993),VA House dist 49/48 1978-1983 (1 term); VA Senate dist 2 1983-1993 (2 terms),3 combined,,,,1993-present,103rd-119th,17,VA-3,331,N/A,House record: Verified live via https://en.wikipedia.org/wiki/Bobby_Scott_(politician)
S000213,Andrea Seastrand,California,House,California State Assembly,1990-1994,not independently term-counted this pass; see StateLegYears for span,,,,1995-1997,104th,1 term(s),CA-22,,N/A - not digitized/available (LegiScan match not yet attempted for this person),"House record: Wikipedia: CA Assembly 29th district 1990-1992 (won special election), then 33rd district 1992-1994, then US House 1995 (added via 2026-09 population completeness check; BioguideId S000213)"
S000217,Keith Sebelius,Kansas,House,Kansas Senate (40th district 1962-1965; 38th district 1965-1969),1962-1969,~3 terms (incl. partial),,,,1969-1981,91st-96th,6,1st,192,N/A,House record: Succeeded Bob Dole; succeeded by Pat Roberts. Only final term (96th Congress) overlaps 1979-2026 window. Source: en.wikipedia.org/wiki/Keith_Sebelius
S000244,Jim Sensenbrenner,Wisconsin,House,Wisconsin State Assembly (1973-1975); Wisconsin Senate (1975-1979),WI Assembly 1973-1975 (1 term); WI Senate 1975-1979 (1 term),2 combined,,,,1979-2021,96th-116th,21 (12 terms in WI-9 plus 9 terms in WI-5),WI-9 (1979-2003); WI-5 (2003-2021),525,N/A,House record: Verified live via https://en.wikipedia.org/wiki/F._James_Sensenbrenner_Jr.
S000248,Jose E. Serrano,New York,House,New York State Assembly,1975-1990 (75th district 1975-83; 73rd district 1983-90),~8,,,,1990-2021,101st-116th,15,18th (1991-93); 16th (1993-2013); 15th (2013-21),267,N/A,House record: Verified via en.wikipedia.org/wiki/Jos%C3%A9_E._Serrano and ballotpedia.org/Jose_Serrano (live fetch); Bronx.
S000269,John Seymour,California,Senate,California State Senate,1982-1991,2 terms (4-yr each),Jan 1991 - Nov 1992,102nd,0 full terms (appointed by Gov. Wilson to fill vacancy; lost 1992 special election to Feinstein),,,,,88,N/A - not digitized/available,Senate record: en.wikipedia.org/wiki/John_Seymour_(California_politician)
S000320,Richard Shelby,Alabama,Senate+House,Alabama State Senate,1970-1978,2 terms (4-yr each),Jan 3 1987 - Jan 3 2023,100th-117th,6 terms (elected 1986;1992;1998;2004;2010;2016),1979-1987 (then elected to US Senate; Senate service excluded from this table),96th-99th,4,AL-7 (pre-1993 boundaries),666,N/A - not digitized/available,Senate record: en.wikipedia.org/wiki/Richard_Shelby || House record: en.wikipedia.org/wiki/Richard_Shelby
S000332,Karen Shepherd,Utah,House,Utah Senate,1990-1992,not independently term-counted this pass; see StateLegYears for span,,,,1993-1995,103rd,1 term(s),UT-2,,N/A - not digitized/available (LegiScan match not yet attempted for this person),"House record: Wikipedia: elected to Utah State Senate 1990, served two years before running for US House in 1992 (added via 2026-09 population completeness check; BioguideId S000332)"
S000407,Gerald Sikorski,Minnesota,House,Minnesota Senate,1977-1983,not independently term-counted this pass; see StateLegYears for span,,,,1983-1993,98th-102nd,5 term(s),MN-6,,N/A - not digitized/available (LegiScan match not yet attempted for this person),"House record: Wikipedia: MN Senate 51st district Jan 1977-Jan 1983 (Gerry Sikorski), then US House starting 1983 (added via 2026-09 population completeness check; BioguideId S000407)"
S000409,Mark Siljander,Michigan,House,Michigan House of Representatives,1977-1981,not independently term-counted this pass; see StateLegYears for span,,,,1981-1987,97th-99th,3 term(s),MI-4,,N/A - not digitized/available (LegiScan match not yet attempted for this person),"House record: Wikipedia: Michigan House of Representatives 42nd district 1977-1981, then US House starting 1981. (added via 2026-09 population completeness check; BioguideId S000409)"
S000423,Paul Simon,Illinois,Senate+House,Illinois House of Representatives; Illinois State Senate,House 1955-1963; Senate 1963-1969,4 terms (House); approx 1.5 terms (Senate),Jan 3 1985 - Jan 3 1997,99th-104th,2 terms (elected 1984;1990),1975-1985,94th-98th,5 terms,24 (1975-1983); 22 (1983-1985),816,N/A - not digitized/available,Senate record: en.wikipedia.org/wiki/Paul_Simon_(politician) || House record: Later US Senator 1985-1997 (not counted here); Source: en.wikipedia.org/wiki/Paul_Simon_(politician)
S000429,Alan Simpson,Wyoming,Senate,Wyoming House of Representatives,1965-1977 (Speaker Pro Tempore),~6 terms (2-yr terms),1979-1997,96th-104th,3 terms (initially appointed/elected Nov 1978 seated Jan 1979; re-elected 1984;1990),,,,,338,N/A - not digitized/available,Senate record: Wikipedia: Alan Simpson (American politician) page
S000453,Norman Sisisky,Virginia,House,Virginia House of Delegates,1974-1983 (5 terms),5,,,,1983-2001,98th-106th,9,VA-4,24,N/A,House record: Verified live via https://en.wikipedia.org/wiki/Norman_Sisisky
S000462,David Skaggs,Colorado,House,Colorado House of Representatives districts 47 (1981-1983) and 14 (1983-1987); Minority Leader for two terms,1981-1987,3 terms,,,,1987-1999,100th-105th,6,CO-2,85,N/A,House record: en.wikipedia.org/wiki/David_Skaggs
S000465,Ike Skelton,Missouri,House,Missouri Senate,1971-1977,1 (6-yr term),,,,1977-2011,95th-111th,17,4th,238,N/A,House record: Chaired House Armed Services Cmte; lost 2010 to Vicky Hartzler. Source: en.wikipedia.org/wiki/Ike_Skelton
S000477,Jim Slattery,Kansas,House,Kansas House of Representatives,1973-1979,3,,,,1983-1995,98th-103rd,6,2nd,146,N/A,House record: Stepped down in 1994 to run unsuccessfully for Governor of Kansas. Source: en.wikipedia.org/wiki/Jim_Slattery; kansashistory.gov/kansapedia/james-charles-slattery
S000479,D. French Slaughter Jr.,Virginia,House,Virginia House of Delegates,January 1958-January 1978 (20 years),10,,,,1985-1991 (resigned for health reasons),99th-102nd,3,VA-7,32,N/A,House record: Verified live via https://en.wikipedia.org/wiki/D._French_Slaughter_Jr.
S000480,Louise Slaughter,New York,House,New York State Assembly,1983-1986,2,,,,1987-2018,100th-115th,16,30th (1987-93); 28th (1993-2013); 25th (2013-18),442,N/A,House record: Verified via en.wikipedia.org/wiki/Louise_Slaughter (live fetch); died in office March 16 2018.
S000510,Adam Smith,Washington,House,Washington State Senate,1991-1997 (1 term; elected 1990 at age 25),1,,,,1997-present,105th-119th,15 (elected 1996 through 2024),WA-9,237,N/A,House record: Verified live via https://en.wikipedia.org/wiki/Adam_Smith_(Washington_politician)
S000579,Joseph Smith,Pennsylvania,House,Pennsylvania Senate,1971-1981,not independently term-counted this pass; see StateLegYears for span,,,,1981-1983,97th,1 term(s),PA-3,,N/A - not digitized/available (LegiScan match not yet attempted for this person),"House record: Wikipedia (Joseph F. Smith): PA Senate 4th district 1971 to July 1981, then US House via special election July 1981 (same person). (added via 2026-09 population completeness check; BioguideId S000579)"
S000583,Lamar Smith,Texas,House,Texas House of Representatives,1983-1985,1 term (district 57),,,,1987-2019,100th-115th Congress,16 terms,21,303,N/A,House record: Verified via en.wikipedia.org/wiki/Lamar_Smith; chaired House Judiciary and later Science committees
S000586,Lawrence J. Smith,Florida,House,Florida House of Representatives (96th district),1978-1982,1 term,,,,1983-1993,98th-102nd,5,16th (later renumbered),105,N/A,House record: en.wikipedia.org/wiki/Lawrence_J._Smith
S000587,Linda Smith,Washington,House,Washington House of Representatives; Washington State Senate,1984-1987 (House); 1988-1995 (Senate),"unclear exact term count; per Wikipedia infobox: House Jan 9 1984-Dec 4 1987, Senate Jan 11 1988-Jan 2 1995",,,,1995-1999,104th-105th,2,WA-3,31,N/A,"House record: Verified live via https://en.wikipedia.org/wiki/Linda_Smith_(American_politician). CORRECTED 2026-09-03: original entry had a flagged internal date inconsistency (""DATE DISCREPANCY...flagged for manual re-check""). Re-verified against Wikipedia's infobox (House Jan 9 1984-Dec 4 1987; Senate Jan 11 1988-Jan 2 1995) and cross-checked against Klarner ICPSR 34297, which independently shows winning election years consistent with this timeline (House 1984/1986; Senate 1988/1992)."
S000597,Nick Smith,Michigan,House,Michigan House of Representatives (1979-1983); Michigan Senate (1983-1993),1979-1993,1 term House; 2 terms Senate,,,,1993-2005,103rd-108th,6,MI-7,200,N/A,House record: en.wikipedia.org/wiki/Nick_Smith_(American_politician)
S000601,Peter P. Smith,Vermont,House,Vermont Senate,1981-1983 (Washington County; 1 term),1,,,,1989-1991,101st,1 (elected 1988; lost reelection 1990 to Bernie Sanders),VT at-large,13,N/A,House record: Verified live via https://en.wikipedia.org/wiki/Peter_P._Smith; also served as VT Lieutenant Governor (statewide office;excluded from state-leg criterion but does not disqualify the VT Senate service)
S000607,"Robert F. ""Bob"" Smith",Oregon,House,OR House 1961-1973; OR Senate 1973-1983,1961-1983,6 House terms + 5 Senate terms,,,,1983-1995 and 1997-1999 (non-continuous),98th-103rd and 105th,7,OR-2,95,N/A,"House record: Live-verified via https://en.wikipedia.org/wiki/Bob_Smith_(Oregon_politician) and https://www.oregonencyclopedia.org/articles/smith-robert-f/. RESOLVED the flagged ambiguity: this is ONE person, not two. Draft captured only his first US House stint (1983-95, 98th-103rd, 6 terms) and MISSED his second stint 1997-99 (105th Congress, 1 term) after a brief retirement -- total 7 House terms across two non-continuous periods. State legislature portion also expanded/corrected from the vague 'approx 1961-1972' guess to the confirmed OR House 1961-1973 + OR Senate 1973-1983."
S000662,Vincent Snowbarger,Kansas,House,Kansas House of Representatives,1985-1997,not independently term-counted this pass; see StateLegYears for span,,,,1997-1999,105th,1 term(s),KS-3,,N/A - not digitized/available (LegiScan match not yet attempted for this person),"House record: Wikipedia: KS House of Representatives 1985-1997 (Majority Leader 1992-1996), then US House starting 1997 (added via 2026-09 population completeness check; BioguideId S000662)"
S000663,Olympia Snowe,Maine,Senate+House,Maine House of Representatives (1973-1977); Maine Senate (1977-1979),1973-1979,2 terms House; 1 term Senate,Jan 3 1995 - Jan 3 2013,104th-112th Congress,3 (elected 1994; 2000; 2006),1979-1995,96th-103rd,8 terms,2,1405,N/A - not digitized/available,Senate record: Source: en.wikipedia.org/wiki/Olympia_Snowe || House record: Later elected US Senator 1995-2013 (not counted here); Source: en.wikipedia.org/wiki/Olympia_Snowe
S000672,Vic Snyder,Arkansas,House,Arkansas Senate districts 23 (1991-1993) and 16 (1993-1997),1991-1997,3 terms,,,,1997-2011,105th-111th,7,AR-2,34,N/A,House record: en.wikipedia.org/wiki/Vic_Snyder
S000673,Stephen Solarz,New York,House,New York State Assembly,1969-1974,3,,,,1975-1993,94th-102nd,9,13th,387,N/A,House record: Verified via en.wikipedia.org/wiki/Stephen_Solarz (live fetch); lost 1992 primary after redistricting.
S000675,Gerald B.H. Solomon,New York,House,New York State Assembly,1973-1978,3,,,,1979-1999,96th-105th,10,22nd,858,N/A,House record: Verified via en.wikipedia.org/wiki/Gerald_B._H._Solomon (live fetch); chaired House Rules Committee; retired 1999.
S000718,Floyd Spence,South Carolina,House,South Carolina House of Representatives; South Carolina Senate,1957-1963 (House); 1967-1970 (Senate),3 (House) + ~2 (Senate),,,,1971-2001,92nd-106th,15,2,143,N/A,House record: Verified via en.wikipedia.org/wiki/Floyd_Spence (live fetch); died in office Aug 16 2001; SC House then SC Senate (22nd then 7th district; GOP minority leader) before US House.
S000762,Fernand St Germain,Rhode Island,House,RI House of Representatives,1952-1961,~4-5 terms (9 years; annual/biennial terms of era),,,,1961-1989,87th-100th,14,1st,443,N/A,"House record: Live-verified via https://en.wikipedia.org/wiki/Fernand_St._Germain; CORRECTED start year from draft's ""c. 1953"" to 1952 (elected age 24); RI House end confirmed 1961 when he took US House seat."
S000770,Debbie Stabenow,Michigan,Senate+House,Michigan House of Representatives (1979-1990); Michigan Senate (1991-1994),1979-1994,~6 two-year terms House; 1 four-year term Senate,Jan 3 2001 - Jan 3 2025,107th-118th Congress,4 (elected 2000; 2006; 2012; 2018),1997-2001,105th-106th,2,MI-8,732,N/A - not found in quick search,Senate record: Source: en.wikipedia.org/wiki/Debbie_Stabenow || House record: en.wikipedia.org/wiki/Debbie_Stabenow; later elected US Senator from MI in 2000 (served through 2025)
S000779,Harley O. Staggers Jr.,West Virginia,House,West Virginia Senate,1980-1982 (dist 16; 1 term),1,,,,1983-1993,98th-102nd,5 (elected 1982;84;86;88;90),WV-2 (pre-1993 numbering),62,N/A,House record: Verified live via https://en.wikipedia.org/wiki/Harley_O._Staggers_Jr.; son of longtime WV-2 Rep. Harley O. Staggers Sr. (who did not serve in a state legislature and is thus excluded)
S000795,Arlan Stangeland,Minnesota,House,Minnesota House of Representatives,1966-1975,~5 (10 yrs per Wikipedia),,,,1977-1991,95th-101st,7 (incl. initial 1977 special election win),7th,145,N/A,House record: Won Feb 1977 special election after Bob Bergland resigned to be USDA Secretary. Source: en.wikipedia.org/wiki/Arlan_Stangeland
S000852,John Stennis,Mississippi,Senate,Mississippi House of Representatives,1928-1932,1,Nov 5 1947 - Jan 3 1989,80th-100th Congress,6 full elected terms (1952; 1958; 1964; 1970; 1976; 1982) after initial 1947 special election,,,,,149,N/A - not digitized/available (1928-32 MS House),Senate record: Source: en.wikipedia.org/wiki/John_C._Stennis
S000888,Ted Stevens,Alaska,Senate,Alaska House of Representatives,1964-1968,2 terms (2-yr each),Dec 24 1968 - Jan 3 2009,90th-110th,Appointed 1968; won 7 subsequent elections (1970;1972;1978;1984;1990;1996;2002); defeated in 2008 general,,,,,1445,N/A - not digitized/available,Senate record: en.wikipedia.org/wiki/Ted_Stevens
S000890,Adlai Stevenson III,Illinois,Senate,Illinois House of Representatives,1965-1967,1 term (2-yr),Nov 17 1970 - Jan 3 1981,91st-96th,Won special election Nov 1970 to finish Dirksen's term; reelected 1974 (2 elections total); did not seek reelection 1980,,,,,148,N/A - not digitized/available,Senate record: en.wikipedia.org/wiki/Adlai_Stevenson_III
S000907,Donald W. Stewart,Alabama,Senate,Alabama House of Representatives; Alabama State Senate,House 1970-1974; Senate 1974-1978,2 terms (House); 1 term (Senate),Nov 8 1978 - Jan 2 1981 (appointed then won special election; lost 1980 primary),95th-96th,0 full 6-yr terms (won 1978 special election to serve remainder of term; defeated in 1980 primary),,,,,22,N/A - not digitized/available,Senate record: en.wikipedia.org/wiki/Donald_W._Stewart; en.wikipedia.org/wiki/List_of_United_States_senators_from_Alabama
S000929,Victoria Spartz,Indiana,House,Indiana Senate (20th district),2017-2020 (appointed 2017; elected 2018),1,,,,2021-present,117th-119th,3 (as of Aug 2026),IN-5,46,"90 (state bill sponsorships, primary/sponsor only, via LegiScan)",House record: en.wikipedia.org/wiki/Victoria_Spartz
S000962,Richard (Dick) Stone,Florida,Senate,Florida State Senate,1967-1970,1 term (4-yr),Jan 1 1975 - Dec 31 1980,94th-96th,1 term (elected 1974; lost 1980 Democratic primary),,,,,107,N/A - not digitized/available,Senate record: en.wikipedia.org/wiki/Richard_Stone_(politician)
S000991,Michael Strang,Colorado,House,Colorado House of Representatives,1970-1974 (introduced marijuana regulation legislation),2 terms,,,,1985-1987,99th,1,CO-3,12,N/A,House record: en.wikipedia.org/wiki/Michael_Strang
S001044,Bob Stump,Arizona,House,Arizona House of Representatives; Arizona Senate (President 1975-76),1959-1967; 1967-1976,4 terms; 5 terms,,,,1977-2003,95th-107th,13,3rd,222,N/A,House record: en.wikipedia.org/wiki/Bob_Stump
S001045,Bart Stupak,Michigan,House,Michigan House of Representatives,1989-1991,1 term,,,,1993-2011,103rd-111th,9,MI-1,345,N/A,House record: en.wikipedia.org/wiki/Bart_Stupak
S001142,Gordon Smith,Oregon,Senate,Oregon State Senate,1993-1997 (Senate President 1995-1997),~1 term,1997-2009,105th-110th,2 terms (elected 1996;2002),,,,,505,N/A - not digitized/available,Senate record: Wikipedia: Gordon H. Smith page
S001144,Chris Shays,Connecticut,House,Connecticut House of Representatives district 147,1975-1987,6 terms,,,,1987-2009 (special election Sept 1987),100th-110th,11,CT-4,230,N/A,House record: en.wikipedia.org/wiki/Chris_Shays
S001145,Janice Schakowsky,Illinois,House,Illinois House of Representatives,1991-1998,not independently term-counted this pass; see StateLegYears for span,,,,1999-2027,106th-119th,14 term(s),IL-9,,N/A - not digitized/available (LegiScan match not yet attempted for this person),"House record: Wikipedia: Illinois House of Representatives Jan 1991-Dec 1998, then US House from 1999. (added via 2026-09 population completeness check; BioguideId S001145)"
S001147,Ronnie Shows,Mississippi,House,Mississippi State Senate (41st district),1980-1988,2,,,,1999-2003,106th-107th,2,4th,36,N/A,House record: Wikipedia: en.wikipedia.org/wiki/Ronnie_Shows
S001148,Mike Simpson,Idaho,House,Idaho House of Representatives,1984-1998 (districts 26B then 31B; Speaker 1992-1998),7 terms,,,,1999-present,106th-119th,14 terms,2,160,N/A,House record: Source: en.wikipedia.org/wiki/Mike_Simpson; still serving as of Aug 2026
S001150,Adam Schiff,California,Senate+House,California State Senate,1996-2000,1 term (4-yr),Dec 9 2024 - present,118th-119th,1 term so far (elected Nov 2024; sworn in early via appointment to finish remainder of Feinstein's term then began full term Jan 2025),2001-2024 (resigned to join US Senate),107th-118th,12 terms,CD27 (2001-03); CD29 (2003-13); CD28 (2013-23); CD30 (2023-24),588,N/A - not digitized/available,Senate record: en.wikipedia.org/wiki/Adam_Schiff || House record: Wikipedia: Adam Schiff; now US Senator (not counted for House qualification)
S001151,Ed Schrock,Virginia,House,Senate of Virginia,1996-2001 (1 term),1,,,,2001-2005,107th-108th,2,VA-2,10,N/A,House record: Verified live via https://en.wikipedia.org/wiki/Ed_Schrock
S001152,Rob Simmons,Connecticut,House,Connecticut House of Representatives district 43,1991-2001,5 terms,,,,2001-2007,107th-109th,3,CT-2,88,N/A,House record: en.wikipedia.org/wiki/Rob_Simmons
S001153,Hilda Solis,California,House,California State Assembly; California State Senate,1992-2000,not independently term-counted this pass; see StateLegYears for span,,,,2001-2009,107th-111th,5 term(s),CA-32,,N/A - not digitized/available (LegiScan match not yet attempted for this person),"House record: Wikipedia: California State Assembly 1992-1994, then California State Senate 1994-2000, then US House starting 2001. (added via 2026-09 population completeness check; BioguideId S001153)"
S001155,John Sullivan,Oklahoma,House,Oklahoma House of Representatives,1995-2002,not independently term-counted this pass; see StateLegYears for span,,,,2002-2013,107th-112th,6 term(s),OK-1,,N/A - not digitized/available (LegiScan match not yet attempted for this person),"House record: Wikipedia: Oklahoma House of Representatives 1995-2002 (minority whip), then US House from 2002. (added via 2026-09 population completeness check; BioguideId S001155)"
S001157,David Scott,Georgia,House,Georgia House of Representatives (37th district); Georgia State Senate (36th district),1975-1983; 1983-2003,4 terms; 10 terms,,,,2003-2026 (died in office),108th-119th,12,13th,116,N/A,House record: en.wikipedia.org/wiki/David_Scott_(Georgia_politician)
S001158,John Salazar,Colorado,House,Colorado House of Representatives district 62,2003-2004,1 term,,,,2005-2011,109th-111th,3,CO-3,70,N/A,House record: en.wikipedia.org/wiki/John_Salazar
S001161,John Schwarz,Michigan,House,Michigan Senate,1987-2002,not independently term-counted this pass; see StateLegYears for span,,,,2005-2007,109th,1 term(s),MI-7,,N/A - not digitized/available (LegiScan match not yet attempted for this person),"House record: Wikipedia: MI Senate 1987-2002, then US House starting 2005 (same person, aka Joe Schwarz). (added via 2026-09 population completeness check; BioguideId S001161)"
S001162,Allyson Schwartz,Pennsylvania,House,PA Senate,1991-2005,4 terms,,,,2005-2015,109th-113th,5,13th,78,N/A,House record: Live-verified via https://en.wikipedia.org/wiki/Allyson_Schwartz. Minor correction: term count confirmed as 4 (draft said ~3-4); all years/congresses confirmed accurate.
S001164,Jean Schmidt,Ohio,House,Ohio House of Representatives (two separate stints: ~2001-2004 and 2021-2022),2001-2004; 2021-2022,~2 terms + 1 term (3 total),,,,2005-2013 (1st stint); 2023-present (2nd stint),109th-112th; 118th-119th,4 + 2 (ongoing),2nd,32,"55 (LOWER BOUND: LegiScan-sourced state bill sponsorships since its coverage begins for OH; this person's state legislative service started before that window, see legiscan_coverage_gap_analysis.csv)","House record: Live-verified via https://en.wikipedia.org/wiki/Jean_Schmidt; MAJOR CORRECTION: draft's state-leg years ""1995-2000, 3 terms"" were WRONG -- she was a Miami Township Trustee 1989-1998 (not state legislature), then Ohio House Jan 2001-Dec 2004 (elected 2000, ~2 terms across 62nd/66th districts due to redistricting). She also has a SECOND Ohio House stint (2021-2022, 65th district) that the draft missed entirely, served in the gap between her two US House stints. US House first stint confirmed Aug 2 2005 (special election) - Jan 3 2013, 109th-112th, 4 terms; second stint 2023-present (118th-119th) confirmed."
S001165,Albio Sires,New Jersey,House,New Jersey General Assembly (33rd district; Speaker 2002-2006),2000-2006,3,,,,2006-2023,109th-117th,9,13th (2006-2013); 8th (2013-2023),110,N/A,House record: Wikipedia: en.wikipedia.org/wiki/Albio_Sires; first Hispanic NJ Assembly Speaker
S001167,Bill Sali,Idaho,House,Idaho House of Representatives,1990-2006,4 terms (16 years),,,,2007-2009,110th,1 term,1,20,N/A,House record: Source: en.wikipedia.org/wiki/Bill_Sali
S001172,Adrian Smith,Nebraska,House,Nebraska Legislature (unicameral),1999-2007,2,,,,2007-present,110th-119th,10,3rd,137,N/A,House record: Republican; dean of NE delegation since 2022. Source: en.wikipedia.org/wiki/Adrian_Smith_(politician)
S001174,Betty Sutton,Ohio,House,Ohio House of Representatives,1993-2000,4 terms (2001 term-limited out effective Dec 2000),,,,2007-2013,110th-112th,3,13th,66,N/A,"House record: Live-verified via https://en.wikipedia.org/wiki/Betty_Sutton; MINOR CORRECTION: draft said ""3 terms"" for state leg -- verified Jan 3 1993 - Dec 31 2000 is 8 years = 4 terms (2-year Ohio House terms); US House data confirmed exact."
S001175,Jackie Speier,California,House,CA State Assembly (19th district); CA State Senate (8th district),Assembly 1986-1996; Senate 1998-2006,Assembly 5 terms; Senate 2 terms,,,,2008-2023,110th-117th,~8 terms (incl. partial special-election term),CD12 (2008-13); CD14 (2013-2023),284,N/A,House record: Wikipedia: Jackie Speier
S001176,Steve Scalise,Louisiana,House,Louisiana House of Representatives (82nd district 1996-2008); Louisiana Senate (9th district Jan-May 2008),1996-2008,~3 (House) plus partial Senate term,,,,2008-present,110th-119th,~9,1st,110,N/A,House record: House Majority Leader (current); won May 2008 special election succeeding Bobby Jindal. Source: en.wikipedia.org/wiki/Steve_Scalise
S001178,Mark Schauer,Michigan,House,Michigan House of Representatives; Michigan Senate,1997-2009,not independently term-counted this pass; see StateLegYears for span,,,,2009-2011,111th,1 term(s),MI-7,,N/A - not digitized/available (LegiScan match not yet attempted for this person),"House record: Wikipedia: MI House 1997-2002, MI Senate 2003-2009 (Senate Minority Leader), then US House from 2009. (added via 2026-09 population completeness check; BioguideId S001178)"
S001179,Aaron Schock,Illinois,House,Illinois House of Representatives,2005-2009 (district 92),2 terms,,,,2009-2015,111th-113th,3 terms (resigned March 2015),18,84,N/A,House record: Source: en.wikipedia.org/wiki/Aaron_Schock
S001180,Kurt Schrader,Oregon,House,OR House 1997-2003; OR Senate 2003-2009,1997-2009,3 House terms + ~3 Senate terms,,,,2009-2023,111th-117th,7,OR-5,133,N/A,House record: Live-verified via https://en.wikipedia.org/wiki/Kurt_Schrader and https://ballotpedia.org/Kurt_Schrader. CORRECTED (substantial): draft had OR House 1997-2005/4 terms and Senate 2005-2009/1 term; actual is OR House 1997-2003 (3 terms) and OR Senate 2003-2009 (until his 2008 election to Congress). US House figures confirmed unchanged.
S001181,Jeanne Shaheen,New Hampshire,Senate,New Hampshire State Senate,1990-1996,3,Jan 3 2009 - present,111th-119th Congress,3 (elected 2008; 2014; 2020; not seeking re-election 2026),,,,,1255,N/A - not found in quick search,Senate record: Source: en.wikipedia.org/wiki/Jeanne_Shaheen
S001183,David Schweikert,Arizona,House,Arizona House of Representatives (28th district),1991-1994,2 terms,,,,2011-present,112th-119th,8,5th; 6th; 1st,190,N/A,House record: en.wikipedia.org/wiki/David_Schweikert
S001184,Tim Scott,South Carolina,Senate+House,South Carolina House of Representatives,2009-2011,1 term,2013-present,113th-119th,3 elections (appointed Jan 2013; won 2014 special election; re-elected 2016;2022),2011-2013,112th,1,1,468,"358 (state bill sponsorships, primary/sponsor only, via LegiScan)",Senate record: Wikipedia: Tim Scott page || House record: Verified via en.wikipedia.org/wiki/Tim_Scott (live fetch); appointed to US Senate Jan 2013; still serving as of 2026.
S001187,Steve Stivers,Ohio,House,Ohio State Senate,2003-2008,~3 terms (Jan 9 2003 - Dec 2008),,,,2011-2021,112th-117th (partial),4 full terms + partial 5th (resigned May 16 2021),15th,120,"87 (LOWER BOUND: LegiScan-sourced state bill sponsorships since its coverage begins for OH; this person's state legislative service started before that window, see legiscan_coverage_gap_analysis.csv)",House record: Live-verified via https://en.wikipedia.org/wiki/Steve_Stivers; draft data confirmed accurate; note he resigned mid-117th Congress in May 2021 to lead the Ohio Chamber of Commerce.
S001188,Marlin Stutzman,Indiana,House,Indiana House of Representatives; Indiana Senate (13th district),2003-2009; 2009-2010,3; 1,,,,2010-2017; 2025-present,111th-114th; 119th,4 (as of Aug 2026),IN-3,43,"32 (LOWER BOUND: LegiScan-sourced state bill sponsorships since its coverage begins for IN; this person's state legislative service started before that window, see legiscan_coverage_gap_analysis.csv)",House record: Won seat back in 2024 election after redistricting; en.wikipedia.org/wiki/Marlin_Stutzman
S001189,Austin Scott,Georgia,House,Georgia House of Representatives (138th; then 153rd district),1996-2011,8 terms,,,,2011-present,112th-119th,8,8th,89,"41 (LOWER BOUND: LegiScan-sourced state bill sponsorships since its coverage begins for GA; this person's state legislative service started before that window, see legiscan_coverage_gap_analysis.csv)",House record: en.wikipedia.org/wiki/Austin_Scott
S001191,Kyrsten Sinema,Arizona,Senate+House,Arizona House of Representatives; Arizona State Senate,House 2005-2011; Senate 2011-2012,3 terms (House); 1 term (Senate),Jan 3 2019 - Jan 3 2025,116th-118th,1 term (elected 2018; did not seek reelection 2024; became independent in office),2013-2019,113th-115th,3,9th,181,"142 (LOWER BOUND: LegiScan-sourced state bill sponsorships since its coverage begins for AZ; this person's state legislative service started before that window, see legiscan_coverage_gap_analysis.csv)",Senate record: en.wikipedia.org/wiki/Kyrsten_Sinema || House record: en.wikipedia.org/wiki/Kyrsten_Sinema
S001194,Brian Schatz,Hawaii,Senate,Hawaii House of Representatives,1998-2006,4 terms (2-yr each),Dec 27 2012 - present,112th-119th,Appointed Dec 2012 to fill Inouye vacancy; won election 2014 (special;to finish term);2016 (full term);2022 (3 elections total),,,,,726,N/A - not digitized/available,Senate record: en.wikipedia.org/wiki/Brian_Schatz
S001195,Jason Smith,Missouri,House,Missouri House of Representatives,2005-2013,4 full terms + 1 partial,,,,2013-present (special election June 2013),113th-119th,7,8th,124,"48 (LOWER BOUND: LegiScan-sourced state bill sponsorships since its coverage begins for MO; this person's state legislative service started before that window, see legiscan_coverage_gap_analysis.csv)",House record: Republican; chairs House Ways & Means Cmte; still serving as of Aug 2026. Source: en.wikipedia.org/wiki/Jason_Smith_(American_politician)
S001199,Lloyd Smucker,Pennsylvania,House,Pennsylvania Senate,2009-2016,not independently term-counted this pass; see StateLegYears for span,,,,2017-2027,115th-119th,5 term(s),PA-11,,N/A - not digitized/available (LegiScan match not yet attempted for this person),"House record: Wikipedia: PA State Senate 13th district Jan 2009-Nov 2016, then US House 2017 (added via 2026-09 population completeness check; BioguideId S001199)"
S001200,Darren Soto,Florida,House,Florida House of Representatives (49th district); Florida Senate (14th district),2007-2012; 2012-2016,3 terms; 2 terms,,,,2017-present,115th-119th,4,9th,154,"275 (LOWER BOUND: LegiScan-sourced state bill sponsorships since its coverage begins for FL; this person's state legislative service started before that window, see legiscan_coverage_gap_analysis.csv)",House record: en.wikipedia.org/wiki/Darren_Soto
S001214,Greg Steube,Florida,House,Florida House of Representatives (67th; then 73rd district); Florida Senate (23rd district),2010-2016; 2016-2018,3 terms; 1 term,,,,2019-present,116th-119th,4,17th,287,"273 (state bill sponsorships, primary/sponsor only, via LegiScan)",House record: en.wikipedia.org/wiki/Greg_Steube
S001218,Melanie Stansbury,New Mexico,House,New Mexico House of Representatives,2019-2021,~1.5 (won special election Jan 2019; resigned June 2021),,,,2021-present,117th(partial)-119th,3 (won June 2021 special election; reelected 2022 and 2024),1,55,"16 (state bill sponsorships, primary/sponsor only, via LegiScan)",House record: Verified via en.wikipedia.org/wiki/Melanie_Stansbury (live fetch).
S001223,Emilia Sykes,Ohio,House,Ohio House of Representatives (34th district),2015-2022,4 terms,,,,2023-present,118th-119th,2,13th,62,"162 (state bill sponsorships, primary/sponsor only, via LegiScan)",House record: Live-verified via https://en.wikipedia.org/wiki/Emilia_Sykes; draft data confirmed accurate exactly as stated.
S001226,Andrea Salinas,Oregon,House,OR House,2017-2023,3 terms (incl. appointment to fill vacancy Sept 2017; elected 2018 and 2020),,,,2023-present,118th-119th,2,OR-6,61,"107 (state bill sponsorships, primary/sponsor only, via LegiScan)",House record: Live-verified via https://en.wikipedia.org/wiki/Andrea_Salinas; draft figures confirmed unchanged.
S001227,Eric Schmitt,Missouri,Senate,Missouri Senate,2009-2017,2,Jan 3 2023 - present,118th-119th Congress,1 (elected 2022),,,,,124,"146 (LOWER BOUND: LegiScan-sourced state bill sponsorships since its coverage begins for MO; this person's state legislative service started before that window, see legiscan_coverage_gap_analysis.csv)",Senate record: Source: en.wikipedia.org/wiki/Eric_Schmitt
S001228,Derek Schmidt,Kansas,House,Kansas Senate (15th district; Majority Leader 2004-2010),2001-2011,5,,,,2025-present,119th,1 (ongoing),2nd,17,"25 (LOWER BOUND: LegiScan-sourced state bill sponsorships since its coverage begins for KS; this person's state legislative service started before that window, see legiscan_coverage_gap_analysis.csv)",House record: Also KS Attorney General 2011-2023 (statewide; not counted); lost 2022 governor race. Source: en.wikipedia.org/wiki/Derek_Schmidt
S001230,Suhas Subramanyam,Virginia,House,Virginia House of Delegates (2020-2024); Virginia Senate (2024-2025),VA House dist 87 2020-2024 (2 terms); VA Senate dist 32 2024-2025 (partial term),3 combined,,,,2025-present,119th,1 (current),VA-10,37,"256 (state bill sponsorships, primary/sponsor only, via LegiScan)",House record: Verified live via https://en.wikipedia.org/wiki/Suhas_Subramanyam
T000024,Jim Talent,Missouri,Senate+House,Missouri House of Representatives,1985-1993,4,Nov 23 2002 - Jan 3 2007,107th-109th Congress,1 (won 2002 special election; lost 2006 re-election bid to McCaskill),1993-2001,103rd-106th,4,2nd,219,N/A - not found in quick search,Senate record: Source: en.wikipedia.org/wiki/Jim_Talent || House record: Later US Senator 2002-2007 (not counted; Senate not in scope). Source: en.wikipedia.org/wiki/Jim_Talent
T000034,Robin Tallon,South Carolina,House,South Carolina House of Representatives,1980-1982,1,,,,1983-1993,98th-102nd,5,6,50,N/A,House record: Verified via en.wikipedia.org/wiki/Robin_Tallon (live fetch).
T000038,John Tanner,Tennessee,House,Tennessee House of Representatives,January 1977-January 1987 (10 years),5,,,,1989-2011,101st-111th,11,TN-8,72,N/A,House record: Verified live via https://en.wikipedia.org/wiki/John_Tanner_(Tennessee_politician)
T000048,Randy Tate,Washington,House,Washington House of Representatives,"1989-1995 (source describes as ""one 6-year term"" = 3 bienniums)",3,,,,1995-1997,104th,1,WA-9,13,N/A,House record: Verified live via https://en.wikipedia.org/wiki/Randy_Tate
T000053,Tom Tauke,Iowa,House,Iowa House of Representatives (20th district),1975-1979,2,,,,1979-1991,96th-101st,6,IA-2,147,N/A,House record: en.wikipedia.org/wiki/Tom_Tauke
T000058,Billy Tauzin,Louisiana,House,Louisiana House of Representatives,1972-1980,4,,,,1980-2005,96th-108th,~12,3rd,271,N/A,House record: Switched from Democrat to Republican in August 1995. Source: en.wikipedia.org/wiki/Billy_Tauzin
T000067,Charles H. Taylor,North Carolina,House,NC House 1967-1973; NC Senate 1973-1975,1967-1975,3 House terms + 1 Senate term,,,,1991-2007,102nd-109th,8,NC-11,59,N/A,"House record: Live-verified via https://en.wikipedia.org/wiki/Charles_Taylor_(North_Carolina_politician). LOW-CONFIDENCE FLAG RESOLVED: draft's guess of 'approx 1967-1990, 10+ terms' was substantially wrong -- actual state legislature service ended in 1975 (NC House 1967-73, then NC Senate 1973-75), not 1990. US House figures (1991-2007, 102nd-109th, 8 terms) were already correct in the draft."
T000074,Gene Taylor,Mississippi,House,Mississippi State Senate,1983-1989,2 (2nd term partial; resigned to run for US House),,,,October 1989 (special)-2011,101st-111th,11,5th (1989-2001); 4th (2001-2011; renumbered after 2000 census),78,N/A,House record: Wikipedia: en.wikipedia.org/wiki/Gene_Taylor_(Mississippi_politician)
T000113,Frank Tejeda,Texas,House,Texas House of Representatives; Texas Senate,1976-1987 (House); 1987-1993 (Senate),TX House ~5 terms; TX Senate ~1.5 terms,,,,1993-1997 (died in office),103rd-105th Congress,2 terms,28,9,N/A,House record: Verified via en.wikipedia.org/wiki/Frank_Tejeda; died Jan 30 1997 shortly after being reelected; first TX-28 representative
T000162,Craig Thomas,Wyoming,Senate+House,Wyoming House of Representatives,1985-1989 (resigned May 1989),~2 terms,1995-2007,104th-110th,3 terms (elected 1994;2000;2006; died in office 2007),1989-1995,101st-103rd,3 (special election Apr 1989; reelected 1990;92),WY at-large,313,N/A - not digitized/available,Senate record: Wikipedia: Craig L. Thomas page || House record: Verified live via https://en.wikipedia.org/wiki/Craig_L._Thomas; later elected US Senator (1995-2007) - Senate service excluded from this House-only project
T000165,Tom Tiffany,Wisconsin,House,Wisconsin State Assembly (2011-2013); Wisconsin Senate (2013-2020),WI Assembly 2011-2013 (1 term); WI Senate 2013-2020 (partial/2 terms),3 combined,,,,2020-present,116th-119th,4 (won special election May 2020 plus reelected 2020;22;24; ongoing),WI-7,72,"337 (state bill sponsorships, primary/sponsor only, via LegiScan)",House record: Verified live via https://en.wikipedia.org/wiki/Tom_Tiffany
T000188,Bill Thomas,California,House,CA State Assembly,1974-1978,2 terms,,,,1979-2007,96th-109th,14 terms,CD18 (1979-1993); CD22 (1993-2007),343,N/A,House record: Wikipedia: Bill Thomas; chaired House Ways and Means Cmte
T000200,Frank Thompson Jr.,New Jersey,House,New Jersey General Assembly (Mercer County; Minority Leader 2nd term),1950-1954,2,,,,1955-1980 (lost reelection 1980 after Abscam conviction),84th-96th,13,4th,227,N/A,House record: Wikipedia: en.wikipedia.org/wiki/Frank_Thompson; only 1979-1980 portion of tenure in study window but full career listed per instructions
T000253,Karen Thurman,Florida,House,Florida State Senate (4th district),1983-1993,2 terms,,,,1993-2003,103rd-107th,5,5th,56,N/A,House record: en.wikipedia.org/wiki/Karen_Thurman
T000254,Strom Thurmond,South Carolina,Senate,South Carolina Senate,1933-1938,1 term (~5 yrs; became circuit judge in 1938),1956-2003 (also brief initial term 1954-1956),85th-107th,8 terms elected (special election 1956; re-elected 1960;1966;1972;1978;1984;1990;1996),,,,,1560,N/A - not digitized/available,Senate record: Wikipedia: Strom Thurmond page
T000260,Todd Tiahrt,Kansas,House,Kansas Senate,1992-1994,1,,,,1995-2011,104th-111th,8,4th,136,N/A,House record: Defeated incumbent Dan Glickman in 1994 GOP wave. Source: en.wikipedia.org/wiki/Todd_Tiahrt
T000314,Peter Torkildsen,Massachusetts,House,Massachusetts House of Representatives,1985-1991,not independently term-counted this pass; see StateLegYears for span,,,,1993-1997,103rd-104th,2 term(s),MA-6,,N/A - not digitized/available (LegiScan match not yet attempted for this person),"House record: Wikipedia: Massachusetts House of Representatives 13th Essex district 1985-1991, then US House starting 1993. (added via 2026-09 population completeness check; BioguideId T000314)"
T000356,Bob Traxler,Michigan,House,Michigan House of Representatives,1962-1974,~6 terms,,,,1974-1993 (special election Apr 23 1974),93rd-102nd,10,MI-8,201,N/A,House record: en.wikipedia.org/wiki/J._Bob_Traxler; only 96th-102nd Congress (1979-1993) overlaps study window
T000424,Jim Turner,Texas,House,Texas House of Representatives; Texas Senate,1981-1984 (House); 1991-1996 (Senate),TX House ~1.5 terms; TX Senate ~2.5 terms,,,,1997-2005,105th-108th Congress,4 terms,2,33,N/A,House record: Verified via en.wikipedia.org/wiki/Jim_Turner_(politician); also served as Mayor of Crockett TX 1989-1991 (not counted)
T000458,Tom Tancredo,Colorado,House,Colorado House of Representatives,1977-1981,2 terms,,,,1999-2009,106th-110th,5,CO-6,163,N/A,House record: en.wikipedia.org/wiki/Tom_Tancredo
T000460,Mike Thompson,California,House,CA State Senate (4th then 2nd district),1990-1998,2 terms,,,,1999-present,106th-119th (ongoing),13+ terms,CD1 (1999-2013); CD5 (2013-2023); CD4 (2023-present),366,N/A,House record: Wikipedia: Mike Thompson (American politician); still serving as of 2026
T000462,Pat Tiberi,Ohio,House,Ohio House of Representatives (26th district),1993-2000,4 terms,,,,2001-2018,107th-115th,9,12th,109,N/A,House record: Live-verified via https://en.wikipedia.org/wiki/Pat_Tiberi; draft data confirmed accurate (resigned Jan 15 2018).
T000464,Jon Tester,Montana,Senate,Montana Senate,1999-2007,2 (term-limited; served as Senate President),Jan 3 2007 - Jan 3 2025,110th-118th Congress,3 (elected 2006; 2012; 2018; lost re-election bid 2024),,,,,794,N/A - not found in quick search,Senate record: Source: en.wikipedia.org/wiki/Jon_Tester
T000468,Dina Titus,Nevada,House,Nevada State Senate (7th district),1988-2008,~5,,,,2009-2011; 2013-present,111th; 113th-119th,8,3rd (2009-2011); 1st (2013-present),251,N/A,House record: Wikipedia: en.wikipedia.org/wiki/Dina_Titus; served as NV Senate Minority Leader; gap in House service 2011-2013 after 2010 defeat
T000469,Paul Tonko,New York,House,New York State Assembly,1983-2007 (105th district),12,,,,2009-present,111th-119th,9,21st (2009-13); 20th (2013-present),220,N/A,House record: Verified via en.wikipedia.org/wiki/Paul_Tonko (live fetch); Albany/Capital Region.
T000470,Scott Tipton,Colorado,House,Colorado House of Representatives,2009-2011,1 term,,,,2011-2021,112th-116th,5,CO-3,133,"3 (LOWER BOUND: LegiScan-sourced state bill sponsorships since its coverage begins for CO; this person's state legislative service started before that window, see legiscan_coverage_gap_analysis.csv)",House record: en.wikipedia.org/wiki/Scott_Tipton
T000473,Mark Takai,Hawaii,House,Hawaii House of Representatives,1994-2014 (districts 34 then 33),9 terms (~20 years),,,,2015-2016,114th,1 term (did not seek reelection; died in office 2016),1,13,"817 (LOWER BOUND: LegiScan-sourced state bill sponsorships since its coverage begins for HI; this person's state legislative service started before that window, see legiscan_coverage_gap_analysis.csv)",House record: Source: en.wikipedia.org/wiki/Mark_Takai
T000474,Norma Torres,California,House,CA State Assembly (61st then 52nd district); CA State Senate (32nd district),Assembly 2008-2013; Senate 2013-2014,Assembly 2 terms; Senate 1 partial term,,,,2015-present,114th-119th (ongoing),6 terms,CD35,193,"505 (LOWER BOUND: LegiScan-sourced state bill sponsorships since its coverage begins for CA; this person's state legislative service started before that window, see legiscan_coverage_gap_analysis.csv)",House record: Wikipedia: Norma Torres; still serving as of 2026
T000476,Thom Tillis,North Carolina,Senate,North Carolina House of Representatives,2007-2015,4 (Speaker 2011-2015),Jan 3 2015 - present,114th-119th Congress,2 (elected 2014; 2020; not seeking re-election 2026),,,,,684,"159 (LOWER BOUND: LegiScan-sourced state bill sponsorships since its coverage begins for NC; this person's state legislative service started before that window, see legiscan_coverage_gap_analysis.csv)",Senate record: Source: en.wikipedia.org/wiki/Thom_Tillis
T000477,Scott Taylor,Virginia,House,Virginia House of Delegates,January 2014-January 2017; dist 85 (1 term),1,,,,2017-2019,115th,1,VA-2,20,"46 (state bill sponsorships, primary/sponsor only, via LegiScan)",House record: Verified live via https://en.wikipedia.org/wiki/Scott_Taylor_(politician)
T000478,Claudia Tenney,New York,House,New York State Assembly,2011-2016 (115th district 2011-13; 101st district 2013-16),3,,,,2017-2019; 2021-present,115th; 117th-119th (lost 2018 re-election; skipped 116th),4,22nd (2017-19; 2021-23); 24th (2023-present),233,"1111 (state bill sponsorships, primary/sponsor only, via LegiScan)",House record: Verified via en.wikipedia.org/wiki/Claudia_Tenney (live fetch); non-consecutive House service.
T000479,Van Taylor,Texas,House,Texas House of Representatives; Texas Senate,2010-2015 (House district 66); 2015-2019 (Senate district 8),TX House ~2.5 terms; TX Senate 2 terms,,,,2019-2023,116th-117th Congress,2 terms,3,16,"532 (state bill sponsorships, primary/sponsor only, via LegiScan)",House record: Verified via en.wikipedia.org/wiki/Van_Taylor; succeeded Ken Paxton in TX Senate D8; did not seek re-election to US House in 2022
T000480,William Timmons,South Carolina,House,South Carolina Senate,2016-2018,~1,,,,2019-present,116th-119th,4,4,39,"20 (state bill sponsorships, primary/sponsor only, via LegiScan)",House record: Verified via en.wikipedia.org/wiki/William_Timmons_(politician) (live fetch); succeeded Trey Gowdy.
T000481,Rashida Tlaib,Michigan,House,Michigan House of Representatives,2009-2015,3 terms (term-limited),,,,2019-present,116th-119th,4,MI-13 (2019-2023); MI-12 (2023-present),146,"436 (state bill sponsorships, primary/sponsor only, via LegiScan)",House record: en.wikipedia.org/wiki/Rashida_Tlaib
T000487,Jill Tokuda,Hawaii,House,Hawaii Senate,2006-2018 (24th district),3 terms,,,,2023-present,118th-119th,2 terms,2,76,"1594 (LOWER BOUND: LegiScan-sourced state bill sponsorships since its coverage begins for HI; this person's state legislative service started before that window, see legiscan_coverage_gap_analysis.csv)",House record: Source: en.wikipedia.org/wiki/Jill_Tokuda; still serving as of Aug 2026
T000488,Shri Thanedar,Michigan,House,Michigan House of Representatives,2021-2023,1 term,,,,2023-present,118th-119th,2,MI-13,67,"550 (state bill sponsorships, primary/sponsor only, via LegiScan)",House record: en.wikipedia.org/wiki/Shri_Thanedar
T000489,Sylvester Turner,Texas,House,Texas House of Representatives,1989-2016,14 terms (district 139),,,,January-March 2025 (died in office),119th Congress,1 term (partial - died 61 days into term),18,2,"253 (LOWER BOUND: LegiScan-sourced state bill sponsorships since its coverage begins for TX; this person's state legislative service started before that window, see legiscan_coverage_gap_analysis.csv)",House record: Verified via en.wikipedia.org/wiki/Sylvester_Turner; former Houston Mayor 2016-2024 (not counted); died March 5 2025 shortly after taking US House seat
U000017,Jolene Unsoeld,Washington,House,Washington House of Representatives,January 1985-January 1989 (2 terms),2,,,,1989-1995,101st-103rd,3,WA-3,58,N/A,House record: Verified live via https://en.wikipedia.org/wiki/Jolene_Unsoeld
U000038,Mark Udall,Colorado,Senate+House,Colorado House of Representatives district 13,1996-1998,1 term,2009-2015,111th-113th,1,1999-2009,106th-110th,5,CO-2,420,N/A,"Senate record: Added 2026-10-06: this chamber's service was missing from the original research; years, Congresses and terms taken from the official @unitedstates/congress-legislators term records. State legislature fields copied from this person's House record. || House record: en.wikipedia.org/wiki/Mark_Udall; ballotpedia.org/Mark_Udall"
V000027,Guy Vander Jagt,Michigan,House,Michigan Senate,1965-1966,1 term (partial; resigned to run for Congress),,,,1966-1993,89th-102nd,13,MI-9 (1966-1993 pre-1993 numbering; became MI-2 in 1993 redistricting shortly before his retirement),300,N/A,House record: en.wikipedia.org/wiki/Guy_Vander_Jagt; only 96th-102nd Congress (1979-1993) overlaps study window
V000087,Bruce Vento,Minnesota,House,Minnesota House of Representatives,1971-1976,3,,,,1977-2000,95th-106th,12,4th,324,N/A,House record: DFL; died in office Oct 2000. Source: en.wikipedia.org/wiki/Bruce_Vento
V000112,Harold Volkmer,Missouri,House,Missouri House of Representatives,1967-1977,5,,,,1977-1997,95th-104th,10,9th (later renumbered 3rd),205,N/A,House record: Democrat. Source: en.wikipedia.org/wiki/Harold_Volkmer
V000126,George Voinovich,Ohio,Senate,Ohio House of Representatives,1967-1971,~2 terms (2-yr terms),1999-2011,106th-111th,2 terms (elected 1998; re-elected 2004),,,,,394,N/A - not digitized/available,Senate record: Wikipedia: George Voinovich page
V000127,David Vitter,Louisiana,Senate+House,Louisiana House of Representatives,1992-1999,2 (won special election 1991; re-elected 1995),Jan 3 2005 - Jan 3 2017,109th-114th Congress,2 (elected 2004; 2010),1999-2005,106th-108th,3,1st,1170,N/A - not digitized/available,Senate record: Source: en.wikipedia.org/wiki/David_Vitter || House record: Later US Senator 2005-2017 (not counted); first popularly elected Republican US Senator from Louisiana. Source: en.wikipedia.org/wiki/David_Vitter
V000128,Chris Van Hollen,Maryland,Senate+House,Maryland House of Delegates (1991-1995); Maryland State Senate (1995-2003),1991-2003,1 term House of Delegates; 2 terms State Senate,Jan 3 2017 - present,115th-119th Congress,2 (elected 2016; 2022),2003-2017,108th-114th,7,8th,628,N/A - not found in quick search,Senate record: Source: en.wikipedia.org/wiki/Chris_Van_Hollen || House record: Later US Senator 2017-present (not counted). Source: en.wikipedia.org/wiki/Chris_Van_Hollen
V000129,David Valadao,California,House,CA State Assembly (30th district),2010-2012,1 term,,,,2013-2019; 2021-present (non-consecutive),113th-116th; 117th-119th,4 terms,CD21 (2013-19; 2021-23); CD22 (2023-present),91,"173 (state bill sponsorships, primary/sponsor only, via LegiScan)",House record: Wikipedia: David Valadao; still serving as of 2026; lost 2018 re-election; regained seat 2020
V000130,Juan Vargas,California,House,CA State Assembly (79th district); CA State Senate (40th district),Assembly 2000-2006; Senate 2010-2013,Assembly 3 terms; Senate 1 partial term,,,,2013-present,113th-119th (ongoing),6+ terms,CD51,91,"132 (LOWER BOUND: LegiScan-sourced state bill sponsorships since its coverage begins for CA; this person's state legislative service started before that window, see legiscan_coverage_gap_analysis.csv)",House record: Wikipedia: Juan Vargas; still serving as of 2026
V000131,Marc Veasey,Texas,House,Texas House of Representatives,2005-2013,4 terms (district 95),,,,2013-present,113th-119th Congress,7 terms,33,124,"190 (LOWER BOUND: LegiScan-sourced state bill sponsorships since its coverage begins for TX; this person's state legislative service started before that window, see legiscan_coverage_gap_analysis.csv)",House record: Verified via en.wikipedia.org/wiki/Marc_Veasey
V000133,Jeff Van Drew,New Jersey,House,New Jersey General Assembly (1st district) 2002-2008; New Jersey Senate (1st district) 2008-2018,2002-2018,8 combined,,,,2019-present,116th-119th,4,2nd,170,"1877 (LOWER BOUND: LegiScan-sourced state bill sponsorships since its coverage begins for NJ; this person's state legislative service started before that window, see legiscan_coverage_gap_analysis.csv)",House record: Wikipedia: en.wikipedia.org/wiki/Jeff_Van_Drew; switched from Democratic to Republican Party in 2020
W000038,Alton Waldon,New York,House,New York State Assembly,1983-1986,not independently term-counted this pass; see StateLegYears for span,,,,1985-1987,99th,1 term(s),NY-6,,N/A - not digitized/available (LegiScan match not yet attempted for this person),"House record: Wikipedia: NY Assembly 1983-1986, then won special election to US House in 1986. (added via 2026-09 population completeness check; BioguideId W000038)"
W000092,Malcolm Wallop,Wyoming,Senate,Wyoming State Senate,1973-1976,1 term,1977-1995,95th-103rd,3 terms (elected 1976;1982;1988),,,,,411,N/A - not digitized/available,Senate record: Wikipedia: Malcolm Wallop page
W000139,Mike Ward,Kentucky,House,Kentucky House of Representatives,1989-1993 (resigned Nov 1993),3,,,,1995-1997,104th,1,KY-3,6,N/A,House record: Lost re-election 1996 to Anne Northup; en.wikipedia.org/wiki/Mike_Ward_(American_politician)
W000177,Craig Washington,Texas,House,Texas House of Representatives; Texas Senate,1973-1982 (House district 86); 1983-1989 (Senate district 13),TX House ~5 terms; TX Senate ~2 terms,,,,1989-1995,101st-103rd Congress,3 terms,18,20,N/A,"House record: Verified via en.wikipedia.org/wiki/Craig_Washington; part of the ""People's Five"" first single-member-district TX House cohort in 1972"
W000180,Harold Washington,Illinois,House,Illinois House of Representatives; Illinois Senate,1965-1977 (House; district 26); 1977-1981 (Senate),~6 terms House; 2 terms Senate,,,,1981-1983,97th-98th(partial),2 terms (resigned April 1983 to become Chicago mayor),1,6,N/A,House record: Source: en.wikipedia.org/wiki/Harold_Washington
W000187,Maxine Waters,California,House,CA State Assembly,1976-1990,7 terms,,,,1991-present,102nd-119th,18 terms (ongoing),CD29 (1991-93); CD35 (1993-2013); CD43 (2013-present),624,N/A,House record: Wikipedia: Maxine Waters; still serving as of 2026
W000194,Wes Watkins,Oklahoma,House,Oklahoma Senate,1974-1976,~1 (partial),,,,1977-1991; 1997-2003 (non-continuous; switched Dem to GOP between stints),95th-101st; 105th-107th,10 (7 + 3),3,167,N/A,House record: Verified via en.wikipedia.org/wiki/Wes_Watkins (live fetch); out of Congress 1991-1996 running for Governor.
W000207,Melvin Watt,North Carolina,House,North Carolina Senate,1985-1987,not independently term-counted this pass; see StateLegYears for span,,,,1993-2014,103rd-113th,11 term(s),NC-12,,N/A - not digitized/available (LegiScan match not yet attempted for this person),"House record: Wikipedia: NC Senate Jan 1985-Jan 1987, then US House 1993-2014 (added via 2026-09 population completeness check; BioguideId W000207)"
W000215,Henry Waxman,California,House,CA State Assembly (61st district),1969-1974,3 terms,,,,1975-2015,94th-113th,20 terms,CD24 (1975-93); CD29 (1993-2003); CD30 (2003-2013); CD33 (2013-2015),635,N/A,House record: Wikipedia: Henry Waxman
W000273,Jerry Weller,Illinois,House,Illinois House of Representatives,1987 (brief; unseated); 1989-1995 (districts 85 then 75),~3 terms,,,,1995-2009,104th-110th,7 terms,11,156,N/A,House record: Source: en.wikipedia.org/wiki/Jerry_Weller
W000314,Robert Wexler,Florida,House,Florida State Senate,1990-1996,~3 terms,,,,1997-2010 (resigned),105th-111th,6,19th,101,N/A,House record: en.wikipedia.org/wiki/Robert_Wexler
W000315,Robert Weygand,Rhode Island,House,RI House of Representatives (84th district),1985-1993,4 terms,,,,1997-2001,105th-106th,2,2nd,47,N/A,House record: Live-verified via https://en.wikipedia.org/wiki/Robert_Weygand; RESOLVED prior flag: confirmed 1985-1993 (4 terms) in RI House; RI Lt. Governor 1993-1997 confirmed between the two offices.
W000326,Alan Wheat,Missouri,House,Missouri House of Representatives (Missouri General Assembly),1976-1982,3,,,,1983-1995,98th-103rd,6,5th,114,N/A,House record: Democrat; succeeded Richard Bolling. Source: en.wikipedia.org/wiki/Alan_Wheat
W000390,Richard C. White,Texas,House,Texas House of Representatives,1955-1959,2 terms (district 105-3),,,,1965-1983,89th-97th Congress,9 terms,16,194,N/A,House record: Verified via en.wikipedia.org/wiki/Richard_C._White
W000413,Ed Whitfield,Kentucky,House,Kentucky House of Representatives,1974-1976,1,,,,1995-2016 (resigned Sept 2016),104th-114th,11,KY-1,133,N/A,House record: en.wikipedia.org/wiki/Ed_Whitfield
W000426,Robert Whittaker,Kansas,House,Kansas House of Representatives,1974-1977,not independently term-counted this pass; see StateLegYears for span,,,,1979-1991,96th-101st,6 term(s),KS-5,,N/A - not digitized/available (LegiScan match not yet attempted for this person),"House record: Wikipedia: KS House 77th district 1974-1977 (Bob Whittaker), then US House starting 1979 (added via 2026-09 population completeness check; BioguideId W000426)"
W000428,Jamie Whitten,Mississippi,House,Mississippi House of Representatives,1931-1932,1 (brief; resigned to become district attorney),,,,November 1941 (special)-1995,77th-103rd,~27,2nd (1941-1973); 1st (1973-1995; renumbered after 1970 census),439,N/A,House record: Wikipedia: en.wikipedia.org/wiki/Jamie_Whitten; longest-serving House member at time of retirement (53 years); only 1979-1995 portion of his tenure falls in study window but full career listed per instructions
W000437,Roger Wicker,Mississippi,Senate+House,Mississippi State Senate,1988-1994,2,Dec 31 2007 - present,110th-119th Congress,Appointed Dec 2007; won 2008 special election; re-elected 2012; 2018; 2024 (4 elections total),1995-2007,104th-109th,6,1st,760,N/A - not found in quick search,Senate record: Source: en.wikipedia.org/wiki/Roger_Wicker || House record: Wikipedia: en.wikipedia.org/wiki/Roger_Wicker; succeeded Jamie Whitten in MS-1; later elected US Senator 2007-present
W000520,Pat Williams,Montana,House,Montana House of Representatives,1967-1971,2 terms,,,,1979-1997,96th-104th,9,MT-1 (1979-1993); MT At-large (1993-1997),253,N/A,House record: en.wikipedia.org/wiki/Pat_Williams_(Montana_politician); Montana's longest-serving US Representative
W000570,Charlie Wilson,Texas,House,Texas House of Representatives; Texas Senate,1961-1963 (House); 1963-1967 (Senate),TX House 1 term; TX Senate ~2 terms,,,,1973-1997,93rd-104th Congress,12 terms,2,172,N/A,"House record: Verified via en.wikipedia.org/wiki/Charlie_Wilson_(Texas_politician); subject of ""Charlie Wilson's War""; exact TX Senate end date per infobox differs slightly from other sources (1967 vs 1972) - flagged for possible minor discrepancy"
W000571,Charles H. Wilson,California,House,CA State Assembly (66th district),1955-1963,4 terms,,,,1963-1981,88th-96th,9 terms,CD31,159,N/A,House record: Wikipedia: Charles H. Wilson; House overlaps window only Jan 1979-Jan 1981
W000607,Pete Wilson,California,Senate,California State Assembly,1966-1971,3 terms (elected 1966;1968;1970; resigned partway through 3rd term to become San Diego mayor),Jan 3 1983 - Jan 7 1991,98th-101st,2 terms (elected 1982;1988; resigned 1991 to become Governor),,,,,339,N/A - not digitized/available,Senate record: en.wikipedia.org/wiki/Pete_Wilson
W000654,Bob Wise,West Virginia,House,West Virginia Senate,1980-1982 (dist 17; 1 term),1,,,,1983-2001,98th-106th,9 (elected 1982;84;86;88;90;92;94;96;98),WV-3 (1983-1993); WV-2 (1993-2001; renumbered same seat post-1990 redistricting),145,N/A,House record: Verified live via https://en.wikipedia.org/wiki/Bob_Wise; later elected WV Governor (2001-2005) - excluded as statewide office
W000682,Howard Wolpe,Michigan,House,Michigan House of Representatives (exact dates not confirmed by source; c. mid-1970s prior to 1979 US House election),c. 1973-1978 (approximate; source did not give exact dates),uncertain,,,,1979-1993,96th-102nd,7,MI-3,65,N/A,House record: en.wikipedia.org/wiki/Howard_Wolpe; also Kalamazoo City Commission (local; not counted)
W000763,Jim Wright,Texas,House,Texas House of Representatives,1947-1949,1 term,,,,1955-1989,84th-101st,18 term(s),TX-12,,N/A - not digitized/available (LegiScan match not yet attempted for this person),"House record: Wikipedia: elected unopposed in 1946 and served in the Texas House of Representatives from 1947 to 1949 before later becoming U.S. Speaker of the House. (added via 2026-09 population completeness check, weaker last-name-only tier; BioguideId W000763) || MERGED 2026-10-06: this person was also in the original research under the wrong BioguideId W000827 (Ron Wright); that duplicate row was removed. Its name, StateLegTerms, and notes were kept here. Original notes: Verified via en.wikipedia.org/wiki/Jim_Wright; Speaker of the House 1987-1989 (resigned amid ethics scandal); also Mayor of Weatherford TX 1950-1954 (not counted)"
W000777,Joseph P. Wyatt Jr.,Texas,House,Texas House of Representatives,1971-1979,4 terms,,,,1979-1981,96th Congress,1 term,14,12,N/A,House record: Verified via en.wikipedia.org/wiki/Joseph_P._Wyatt_Jr.; TX House districts 43 then 40; single US House term overlapping window start
W000784,Albert Wynn,Maryland,House,Maryland House of Delegates (1983-1987); Maryland Senate (1987-1993),1983-1993,~2.5 combined,,,,1993-2008,103rd-110th,8,4th,129,N/A,House record: Resigned May 2008. Source: en.wikipedia.org/wiki/Albert_Wynn
W000788,Nikema Williams,Georgia,House,Georgia State Senate (39th district),Dec 2017-Jan 2021,1 term (special election),,,,2021-present,117th-119th,3,5th,159,"157 (state bill sponsorships, primary/sponsor only, via LegiScan)",House record: en.wikipedia.org/wiki/Nikema_Williams
W000791,Greg Walden,Oregon,House,OR House 1989-95; OR Senate 1995-97,1989-1997,3 House terms + 1 Senate term (appointed),,,,1999-2021,106th-116th,11,OR-2,154,N/A,"House record: Live-verified via https://en.wikipedia.org/wiki/Greg_Walden and https://ballotpedia.org/Greg_Walden. CORRECTED: draft's Senate end year (1999) was wrong -- Senate service ended 1997; Walden did not take his US House seat until Jan 1999, so there is a 1997-99 gap (private life/business) not covered by either chamber."
W000794,Diane Watson,California,House,CA State Senate,1978-1998,5 terms,,,,2001-2011,107th-111th,5 terms,CD32 (2001-03; special); CD33 (2003-2011),84,N/A,House record: Wikipedia: Diane Watson; also US Ambassador to Micronesia (not counted)
W000795,Joe Wilson,South Carolina,House,South Carolina Senate,1985-2001,~4,,,,2001-present,107th-119th,~12 (won Dec 2001 special election; reelected each cycle through 2024),2,346,N/A,House record: Verified via en.wikipedia.org/wiki/Joe_Wilson (live fetch); succeeded Floyd Spence upon Spence's death.
W000796,Lynn Westmoreland,Georgia,House,Georgia House of Representatives,1993-2005,6 terms,,,,2005-2017,109th-114th,6,8th; 3rd,38,N/A,House record: en.wikipedia.org/wiki/Lynn_Westmoreland
W000797,Debbie Wasserman Schultz,Florida,House,Florida House of Representatives (97th; then 34th district); Florida State Senate,1992-2000; 2000-2004,4 terms; ~2 terms,,,,2005-present,109th-119th,~11,20th; 23rd; 25th,183,N/A,House record: en.wikipedia.org/wiki/Debbie_Wasserman_Schultz
W000798,Tim Walberg,Michigan,House,Michigan House of Representatives,1983-1999,8 terms,,,,2007-2009; 2011-present (non-consecutive),110th; 112th-119th,9,MI-7 (2007-2009; 2011-2023); MI-5 (2023-present),225,N/A,House record: en.wikipedia.org/wiki/Tim_Walberg; lost 2008 reelection then returned in 2010 election
W000800,Peter Welch,Vermont,Senate+House,Vermont Senate,1981-1989 (Pres pro tempore 1985-1989); 2001-2007 (Pres pro tempore 2003-2007),~7 terms combined across two stints (2-yr VT Senate terms),2023-present,118th-119th,1 term so far (elected 2022),2007-2023,110th-117th,8 (elected 2006;08;10;12;14;16;18;20),VT at-large,764,N/A - not digitized/available,Senate record: Wikipedia: Peter Welch page || House record: Verified live via https://en.wikipedia.org/wiki/Peter_Welch; later elected US Senator (2023-present) - Senate service excluded from this House-only project
W000801,Charlie Wilson,Ohio,House,"Ohio House of Representatives 1997-2006 (99th/96th districts, redistricted); Ohio State Senate 2005-2006 (30th district; overlapped transition)",1997-2006,~5 House terms + 1 partial Senate term,,,,2007-2011,110th-111th,2,6th,17,N/A,"House record: Live-verified via https://en.wikipedia.org/wiki/Charlie_Wilson_(Ohio_politician); MAJOR CORRECTION: draft described only an Ohio Senate stint ""c.1999-2007"" -- actual record shows he was in the Ohio HOUSE from 1997 to 2006 and only moved to the Ohio STATE SENATE for 2005-2006 (won a 2004 special election to the Senate seat while apparently still concluding House service during the transition) before winning the US House seat in Nov 2006 (took office Jan 2007). US House data confirmed exact."
W000804,Rob Wittman,Virginia,House,Virginia House of Delegates,January 2006-December 2007 (dist 99; 1 partial term),1,,,,2007-present,110th-119th,~10 (special election Dec 2007 plus regular elections 2008-2024),VA-1,212,N/A,House record: Verified live via https://en.wikipedia.org/wiki/Rob_Wittman
W000806,Daniel Webster,Florida,House,Florida House of Representatives (Speaker 1996-98); Florida Senate (Majority Leader 2006-08),1980-1998; 1998-2008,many terms (28 years total),,,,2011-present,112th-119th,8,8th; 10th; 11th,60,N/A,House record: en.wikipedia.org/wiki/Daniel_Webster_(Florida_politician)
W000808,Frederica Wilson,Florida,House,Florida House of Representatives (104th district); Florida Senate (33rd district),1998-2002; 2002-2010,2 terms; 2 terms,,,,2011-present,112th-119th,~8,17th; 24th,174,"103 (LOWER BOUND: LegiScan-sourced state bill sponsorships since its coverage begins for FL; this person's state legislative service started before that window, see legiscan_coverage_gap_analysis.csv)",House record: en.wikipedia.org/wiki/Frederica_Wilson
W000813,Jackie Walorski,Indiana,House,Indiana House of Representatives (21st district),2005-2010,3,,,,2013-2022 (died in office Aug 3 2022),113th-117th,5,IN-2,89,"7 (LOWER BOUND: LegiScan-sourced state bill sponsorships since its coverage begins for IN; this person's state legislative service started before that window, see legiscan_coverage_gap_analysis.csv)",House record: Died in car accident before completing 6th term; en.wikipedia.org/wiki/Jackie_Walorski
W000814,Randy Weber,Texas,House,Texas House of Representatives,2009-2013,not independently term-counted this pass; see StateLegYears for span,,,,2013-2027,113th-119th,7 term(s),TX-14,,N/A - not digitized/available (LegiScan match not yet attempted for this person),"House record: Wikipedia: TX House 29th district Jan 2009-Jan 2013, then US House starting 2013 (added via 2026-09 population completeness check; BioguideId W000814)"
W000820,Mimi Walters,California,House,CA State Assembly (73rd district); CA State Senate (33rd then 37th district),Assembly 2005-2008; Senate 2008-2015,Assembly 1 term; Senate 2 terms,,,,2015-2019,114th-115th,2 terms,CD45,17,"215 (LOWER BOUND: LegiScan-sourced state bill sponsorships since its coverage begins for CA; this person's state legislative service started before that window, see legiscan_coverage_gap_analysis.csv)",House record: Wikipedia: Mimi Walters
W000821,Bruce Westerman,Arkansas,House,Arkansas House of Representatives,2011-2015 (House Minority Leader 2012; House Majority Leader 2013),2 terms,,,,2015-present,114th-119th (ongoing),6 (ongoing),AR-4,94,"49 (state bill sponsorships, primary/sponsor only, via LegiScan)",House record: en.wikipedia.org/wiki/Bruce_Westerman
W000822,Bonnie Watson Coleman,New Jersey,House,New Jersey General Assembly (15th district; Majority Leader 2006-2010),1998-2015,8,,,,2015-present (not seeking reelection in 2026),114th-119th,6,12th,205,"537 (LOWER BOUND: LegiScan-sourced state bill sponsorships since its coverage begins for NJ; this person's state legislative service started before that window, see legiscan_coverage_gap_analysis.csv)",House record: Wikipedia: en.wikipedia.org/wiki/Bonnie_Watson_Coleman
W000825,Jennifer Wexton,Virginia,House,Virginia Senate,January 2014-January 2019; dist 33 (special election win plus 1 full term),~1.5,,,,2019-2025 (did not seek reelection due to illness),116th-118th,3,VA-10,64,"191 (state bill sponsorships, primary/sponsor only, via LegiScan)",House record: Verified live via https://en.wikipedia.org/wiki/Jennifer_Wexton
Y000014,Gus Yatron,Pennsylvania,House,PA House of Representatives (1956-1960); PA Senate (1961-1968; dist. 11),1956-1968,PA House terms (unspecified count) + PA Senate terms (unspecified count),,,,1969-1993,91st-102nd,12,6th,227,N/A,"House record: NEW MEMBER - not in original draft. Found via spot-check (PA House Archives has a biography page for him). His House tenure began in 1969 (before the 1979-present window) but continued through 1993, well into the study window. Live-verified via https://en.wikipedia.org/wiki/Gus_Yatron. PA House Archives entry (archives.house.state.pa.us/people/member-biography?ID=1604) exists but was not independently re-fetched for exact term counts -- flag LOW-MEDIUM CONFIDENCE on the state-legislature term counts specifically; chamber/year ranges and House-side data are considered reliable."
Y000031,C. Young,Florida,House,Florida Senate,1961-1970,not independently term-counted this pass; see StateLegYears for span,,,,1971-2013,92nd-113th,22 term(s),FL-13,,N/A - not digitized/available (LegiScan match not yet attempted for this person),"House record: Wikipedia (Bill Young (Florida politician)): FL Senate 1961-1970 (11th then 19th district), then US House 1971-2013. (added via 2026-09 population completeness check; BioguideId Y000031)"
Y000033,Don Young,Alaska,House,Alaska House of Representatives (1967-1971); Alaska Senate District I (1971-1973),1967-1973,2 terms House; 1 term Senate,,,,1973-2022 (died in office),93rd-117th,25,AK at-large,1199,N/A,House record: en.wikipedia.org/wiki/Don_Young
Y000047,Milton Young,North Dakota,Senate,North Dakota House of Representatives (1933-1935); North Dakota Senate (1935-1945),1933-1945,1 term House; ~5 terms Senate,Mar 12 1945 - Jan 3 1981,79th-96th Congress,Appointed Mar 1945; elected/re-elected approx. 6 times (1946-1974); declined to seek 7th term,,,,,61,N/A - not digitized/available,Senate record: Source: en.wikipedia.org/wiki/Milton_Young
Y000051,Robert A. Young,Missouri,House,Missouri House of Representatives (1956-1962); Missouri Senate (1962-1976),1956-1976,~10 total (6 yrs House + 14 yrs Senate),,,,1977-1987,95th-99th,5,2nd,50,N/A,House record: Democrat. Source: en.wikipedia.org/wiki/Robert_A._Young
Y000063,Kevin Yoder,Kansas,House,Kansas House of Representatives,2003-2011,not independently term-counted this pass; see StateLegYears for span,,,,2011-2019,112th-115th,4 term(s),KS-3,,N/A - not digitized/available (LegiScan match not yet attempted for this person),"House record: Wikipedia: KS House 20th district 2003-2011, then US House starting 2011 (same person). (added via 2026-09 population completeness check; BioguideId Y000063)"
Y000066,David Young,Iowa,House,Iowa House of Representatives (28th district) - served AFTER House tenure,2023-present,2 (as of Aug 2026),,,,2015-2019,114th-115th,2,IA-3,36,"42 (state bill sponsorships, primary/sponsor only, via LegiScan)",House record: Unusual case: state legislature service came after US House service; en.wikipedia.org/wiki/David_Young_(Iowa_politician)
Z000001,Clement Zablocki,Wisconsin,House,Wisconsin Senate,c.1942-1949 (elected 1942; served until election to Congress),~3,,,,1949-1983,81st-98th,18 (elected 1948 plus 17 reelections; died in office Dec 3;1983),WI-4,189,N/A,House record: Verified live via https://en.wikipedia.org/wiki/Clement_Zablocki; House tenure ends Dec 1983 so overlaps 1979-2026 window
Z000008,Dick Zimmer,New Jersey,House,New Jersey General Assembly 1982-1987; New Jersey Senate 1987-1991,1982-1991,~4-5 combined,,,,1991-1997,102nd-104th,3,12th,98,N/A,House record: Wikipedia: en.wikipedia.org/wiki/Dick_Zimmer
Z000017,Lee Zeldin,New York,House,New York State Senate,2011-2014,not independently term-counted this pass; see StateLegYears for span,,,,2015-2023,114th-117th,4 term(s),NY-1,,N/A - not digitized/available (LegiScan match not yet attempted for this person),"House record: Wikipedia: New York State Senate 3rd district 2011-2014, then US House starting 2015. (added via 2026-09 population completeness check; BioguideId Z000017)"
Z000018,Ryan Zinke,Montana,House,Montana Senate,2009-2013,1 term (4-year term),,,,2015-2017 (114th; resigned Mar 1 2017 to become Interior Secretary); 2023-present,114th (partial 115th); 118th-119th,4,MT At-large (2015-2017); MT-1 (2023-present),57,"22 (state bill sponsorships, primary/sponsor only, via LegiScan)",House record: en.wikipedia.org/wiki/Ryan_Zinke; elected 2014;16(partial - resigned Mar 2017);22;24
