bioguide_id,name,session,year,les,level,chamber
A000009,James Abdnor,93,1973,0.10957,Federal,House
A000009,James Abdnor,94,1975,0.185728,Federal,House
A000009,James Abdnor,95,1977,0.428128,Federal,House
A000009,James Abdnor,96,1979,0.312718,Federal,House
A000009,James Abdnor,97,1980,1.033744,Federal,Senate
A000009,James Abdnor,98,1982,1.177883,Federal,Senate
A000009,James Abdnor,99,1984,0.956926,Federal,Senate
A000014,Neil Abercrombie,99,1985,0.015369,Federal,House
A000014,Neil Abercrombie,102,1991,1.095859,Federal,House
A000014,Neil Abercrombie,103,1993,0.098157,Federal,House
A000014,Neil Abercrombie,104,1995,0.693416,Federal,House
A000014,Neil Abercrombie,105,1997,0.23505,Federal,House
A000014,Neil Abercrombie,106,1999,0.426843,Federal,House
A000014,Neil Abercrombie,107,2001,0.389987,Federal,House
A000014,Neil Abercrombie,108,2003,0.352524,Federal,House
A000014,Neil Abercrombie,109,2005,0.310551,Federal,House
A000014,Neil Abercrombie,110,2007,0.938515,Federal,House
A000014,Neil Abercrombie,111,2009,0.67374,Federal,House
A000022,Gary Ackerman,98,1983,0.116851,Federal,House
A000022,Gary Ackerman,99,1985,3.994474,Federal,House
A000022,Gary Ackerman,100,1987,2.427089,Federal,House
A000022,Gary Ackerman,101,1989,2.419835,Federal,House
A000022,Gary Ackerman,102,1991,1.863309,Federal,House
A000022,Gary Ackerman,103,1993,0.514112,Federal,House
A000022,Gary Ackerman,104,1995,0.172177,Federal,House
A000022,Gary Ackerman,105,1997,0.58376,Federal,House
A000022,Gary Ackerman,106,1999,0.154211,Federal,House
A000022,Gary Ackerman,107,2001,0.259441,Federal,House
A000022,Gary Ackerman,108,2003,0.149422,Federal,House
A000022,Gary Ackerman,109,2005,0.422205,Federal,House
A000022,Gary Ackerman,110,2007,0.630357,Federal,House
A000022,Gary Ackerman,111,2009,0.237773,Federal,House
A000022,Gary Ackerman,112,2011,0.202062,Federal,House
A000076,Donald Albosta,96,1979,0.344027,Federal,House
A000076,Donald Albosta,97,1981,0.388975,Federal,House
A000076,Donald Albosta,98,1983,1.208723,Federal,House
A000109,Wayne Allard,102,1991,0.125635,Federal,House
A000109,Wayne Allard,103,1993,0.205716,Federal,House
A000109,Wayne Allard,104,1995,2.513904,Federal,House
A000109,Wayne Allard,105,1996,0.605661,Federal,Senate
A000109,Wayne Allard,106,1998,1.366474,Federal,Senate
A000109,Wayne Allard,107,2000,0.226989,Federal,Senate
A000109,Wayne Allard,108,2002,0.630338,Federal,Senate
A000109,Wayne Allard,109,2004,1.449941,Federal,Senate
A000109,Wayne Allard,110,2006,0.53358,Federal,Senate
A000121,George Allen,102,1991,0.33482,Federal,House
A000121,George Allen,107,2000,0.450303,Federal,Senate
A000121,George Allen,108,2002,1.480131,Federal,Senate
A000121,George Allen,109,2004,0.785195,Federal,Senate
A000189,Glenn M. Anderson,93,1973,0.446551,Federal,House
A000189,Glenn M. Anderson,94,1975,2.598173,Federal,House
A000189,Glenn M. Anderson,95,1977,5.253133,Federal,House
A000189,Glenn M. Anderson,96,1979,2.201151,Federal,House
A000189,Glenn M. Anderson,97,1981,5.061269,Federal,House
A000189,Glenn M. Anderson,98,1983,2.256049,Federal,House
A000189,Glenn M. Anderson,99,1985,1.198616,Federal,House
A000189,Glenn M. Anderson,100,1987,4.356234,Federal,House
A000189,Glenn M. Anderson,101,1989,2.993599,Federal,House
A000189,Glenn M. Anderson,102,1991,0.231428,Federal,House
A000207,Ike Andrews,93,1973,0.087863,Federal,House
A000207,Ike Andrews,94,1975,0.045859,Federal,House
A000207,Ike Andrews,95,1977,1.971439,Federal,House
A000207,Ike Andrews,96,1979,0.558543,Federal,House
A000207,Ike Andrews,97,1981,0.857478,Federal,House
A000207,Ike Andrews,98,1983,2.153893,Federal,House
A000211,Tom Andrews,1987-1988,1987,0.679935,State,Upper
A000211,Tom Andrews,1989-1990,1989,0.514196,State,Upper
A000211,Tom Andrews,102,1991,0.555546,Federal,House
A000211,Tom Andrews,103,1993,1.166854,Federal,House
A000214,Douglas Applegate,95,1977,0.486533,Federal,House
A000214,Douglas Applegate,96,1979,0.077707,Federal,House
A000214,Douglas Applegate,97,1981,1.265105,Federal,House
A000214,Douglas Applegate,98,1983,1.765044,Federal,House
A000214,Douglas Applegate,99,1985,2.171953,Federal,House
A000214,Douglas Applegate,100,1987,1.982417,Federal,House
A000214,Douglas Applegate,101,1989,2.689355,Federal,House
A000214,Douglas Applegate,102,1991,3.373864,Federal,House
A000214,Douglas Applegate,103,1993,0.912562,Federal,House
A000215,Bill Archer,93,1973,0.180894,Federal,House
A000215,Bill Archer,94,1975,0.303815,Federal,House
A000215,Bill Archer,95,1977,0.126094,Federal,House
A000215,Bill Archer,96,1979,0.140304,Federal,House
A000215,Bill Archer,97,1981,0.239131,Federal,House
A000215,Bill Archer,98,1983,0.827876,Federal,House
A000215,Bill Archer,99,1985,0.296963,Federal,House
A000215,Bill Archer,100,1987,0.349036,Federal,House
A000215,Bill Archer,101,1989,0.31552,Federal,House
A000215,Bill Archer,102,1991,0.813614,Federal,House
A000215,Bill Archer,103,1993,0.219357,Federal,House
A000215,Bill Archer,104,1995,12.190116,Federal,House
A000215,Bill Archer,105,1997,10.116566,Federal,House
A000215,Bill Archer,106,1999,5.744656,Federal,House
A000219,William L. Armstrong,93,1973,0.137054,Federal,House
A000219,William L. Armstrong,94,1975,0.111208,Federal,House
A000219,William L. Armstrong,95,1977,0.100875,Federal,House
A000219,William L. Armstrong,96,1978,0.355242,Federal,Senate
A000219,William L. Armstrong,97,1980,0.387931,Federal,Senate
A000219,William L. Armstrong,98,1982,0.808252,Federal,Senate
A000219,William L. Armstrong,99,1984,0.474444,Federal,Senate
A000219,William L. Armstrong,100,1986,0.629305,Federal,Senate
A000219,William L. Armstrong,101,1988,0.555083,Federal,Senate
A000226,Chester Atkins,99,1985,0.015369,Federal,House
A000226,Chester Atkins,100,1987,0.559019,Federal,House
A000226,Chester Atkins,101,1989,0.197671,Federal,House
A000226,Chester Atkins,102,1991,0.654212,Federal,House
A000337,Les AuCoin,94,1975,0.199966,Federal,House
A000337,Les AuCoin,95,1977,1.758116,Federal,House
A000337,Les AuCoin,96,1979,0.584193,Federal,House
A000337,Les AuCoin,97,1981,0.578542,Federal,House
A000337,Les AuCoin,98,1983,0.989209,Federal,House
A000337,Les AuCoin,99,1985,0.223191,Federal,House
A000337,Les AuCoin,100,1987,0.81983,Federal,House
A000337,Les AuCoin,101,1989,0.380566,Federal,House
A000337,Les AuCoin,102,1991,0.31579,Federal,House
A000358,W. Akin,1995-1996,1995,0.147219,State,Lower
A000358,W. Akin,1997-1998,1997,0.252591,State,Lower
A000358,W. Akin,1999-2000,1999,0.186353,State,Lower
A000358,W. Akin,107,2001,0.031214,Federal,House
A000358,W. Akin,108,2003,1.142555,Federal,House
A000358,W. Akin,109,2005,0.968439,Federal,House
A000358,W. Akin,110,2007,0.242851,Federal,House
A000358,W. Akin,111,2009,0.287323,Federal,House
A000358,W. Akin,112,2011,0.833628,Federal,House
A000361,Rodney Alexander,1996-1999,1996,1.698154,State,Lower
A000361,Rodney Alexander,2000-2003,2000,1.052962,State,Lower
A000361,Rodney Alexander,108,2003,0.049807,Federal,House
A000361,Rodney Alexander,109,2005,0.301142,Federal,House
A000361,Rodney Alexander,110,2007,0.202652,Federal,House
A000361,Rodney Alexander,111,2009,0.58982,Federal,House
A000361,Rodney Alexander,112,2011,0.080526,Federal,House
A000361,Rodney Alexander,113,2013,0.507558,Federal,House
A000364,John Adler,1996-1997,1996,0.384805,State,Upper
A000364,John Adler,1998-1999,1998,0.191972,State,Upper
A000364,John Adler,2000-2001,2000,0.204127,State,Upper
A000364,John Adler,2002-2003,2002,0.85386,State,Upper
A000364,John Adler,2004-2005,2004,2.223193,State,Upper
A000364,John Adler,2006-2007,2006,1.631426,State,Upper
A000364,John Adler,2008-2009,2008,0.645545,State,Upper
A000364,John Adler,111,2009,1.355491,Federal,House
A000365,Steve Austria,1999-2000,1999,1.165692,State,Lower
A000365,Steve Austria,2001-2002,2001,1.778271,State,Upper
A000365,Steve Austria,2003-2004,2003,2.57108,State,Upper
A000365,Steve Austria,2005-2006,2005,1.656181,State,Upper
A000365,Steve Austria,2007-2008,2007,1.22691,State,Upper
A000365,Steve Austria,111,2009,0.030771,Federal,House
A000365,Steve Austria,112,2011,0.026842,Federal,House
A000366,Sandy Adams,2003-2004,2003,1.14035,State,Lower
A000366,Sandy Adams,2005-2006,2005,1.843382,State,Lower
A000366,Sandy Adams,2007-2008,2007,1.24454,State,Lower
A000366,Sandy Adams,2009-2010,2009,3.067174,State,Lower
A000366,Sandy Adams,112,2011,1.30758,Federal,House
A000367,Justin Amash,2009-2010,2009,0.18058,State,Lower
A000367,Justin Amash,112,2011,0.067105,Federal,House
A000367,Justin Amash,113,2013,0.091389,Federal,House
A000367,Justin Amash,114,2015,0.096125,Federal,House
A000367,Justin Amash,115,2017,0.204704,Federal,House
A000367,Justin Amash,116,2019,0.178922,Federal,House
A000369,Mark Amodei,1997-1998,1997,0.667646,State,Lower
A000369,Mark Amodei,1999-2000,1999,1.126438,State,Upper
A000369,Mark Amodei,2001-2002,2001,1.318527,State,Upper
A000369,Mark Amodei,2003-2004,2003,1.041952,State,Upper
A000369,Mark Amodei,2005-2006,2005,0.597188,State,Upper
A000369,Mark Amodei,2007-2008,2007,0.728017,State,Upper
A000369,Mark Amodei,2009-2010,2009,0.650643,State,Upper
A000369,Mark Amodei,112,2011,0.928465,Federal,House
A000369,Mark Amodei,113,2013,3.128457,Federal,House
A000369,Mark Amodei,114,2015,1.955574,Federal,House
A000369,Mark Amodei,115,2017,0.9254,Federal,House
A000369,Mark Amodei,116,2019,0.368378,Federal,House
A000369,Mark Amodei,117,2021,0.237732,Federal,House
A000369,Mark Amodei,118,2023,1.521231,Federal,House
A000370,Alma Adams,1993-1994,1993,0.166086,State,Lower
A000370,Alma Adams,1995-1996,1995,0.782455,State,Lower
A000370,Alma Adams,1997-1998,1997,0.43528,State,Lower
A000370,Alma Adams,1999-2000,1999,0.560225,State,Lower
A000370,Alma Adams,2001-2002,2001,0.641659,State,Lower
A000370,Alma Adams,2003-2004,2003,2.418494,State,Lower
A000370,Alma Adams,2005-2006,2005,1.068204,State,Lower
A000370,Alma Adams,2007-2008,2007,0.629469,State,Lower
A000370,Alma Adams,2009-2010,2009,0.24602,State,Lower
A000370,Alma Adams,2011-2012,2011,0.219167,State,Lower
A000370,Alma Adams,113,2013,0.0,Federal,House
A000370,Alma Adams,2013-2014,2013,0.137189,State,Lower
A000370,Alma Adams,114,2015,0.841648,Federal,House
A000370,Alma Adams,115,2017,0.587624,Federal,House
A000370,Alma Adams,116,2019,1.783789,Federal,House
A000370,Alma Adams,117,2021,0.688093,Federal,House
A000370,Alma Adams,118,2023,0.157497,Federal,House
A000373,Brad Ashford,2007-2008,2007,1.41442,State,Upper
A000373,Brad Ashford,2009-2010,2009,1.054559,State,Upper
A000373,Brad Ashford,2011-2012,2011,0.982645,State,Upper
A000373,Brad Ashford,2013-2014,2013,1.159056,State,Upper
A000373,Brad Ashford,114,2015,1.049514,Federal,House
A000377,Kelly Armstrong,2013-2014,2013,0.725447,State,Upper
A000377,Kelly Armstrong,2015-2016,2015,2.704973,State,Upper
A000377,Kelly Armstrong,2017-2018,2017,2.025958,State,Upper
A000377,Kelly Armstrong,116,2019,0.049701,Federal,House
A000377,Kelly Armstrong,117,2021,0.161288,Federal,House
A000377,Kelly Armstrong,118,2023,1.146118,Federal,House
B000013,Spencer Bachus,103,1993,0.149625,Federal,House
B000013,Spencer Bachus,104,1995,0.076523,Federal,House
B000013,Spencer Bachus,105,1997,0.253131,Federal,House
B000013,Spencer Bachus,106,1999,2.361769,Federal,House
B000013,Spencer Bachus,107,2001,1.108658,Federal,House
B000013,Spencer Bachus,108,2003,4.393753,Federal,House
B000013,Spencer Bachus,109,2005,2.137118,Federal,House
B000013,Spencer Bachus,110,2007,0.217526,Federal,House
B000013,Spencer Bachus,111,2009,0.08392,Federal,House
B000013,Spencer Bachus,112,2011,1.113709,Federal,House
B000013,Spencer Bachus,113,2013,1.038942,Federal,House
B000024,Robert Badham,95,1977,0.006305,Federal,House
B000024,Robert Badham,96,1979,0.023744,Federal,House
B000024,Robert Badham,97,1981,0.606741,Federal,House
B000024,Robert Badham,98,1983,0.640221,Federal,House
B000024,Robert Badham,99,1985,0.030738,Federal,House
B000024,Robert Badham,100,1987,0.102492,Federal,House
B000029,Skip Bafalis,93,1973,0.051684,Federal,House
B000029,Skip Bafalis,94,1975,0.052738,Federal,House
B000029,Skip Bafalis,95,1977,0.139964,Federal,House
B000029,Skip Bafalis,96,1979,0.099292,Federal,House
B000029,Skip Bafalis,97,1981,0.284065,Federal,House
B000047,Wendell Bailey,97,1981,0.116221,Federal,House
B000072,Richard Baker,100,1987,0.062007,Federal,House
B000072,Richard Baker,101,1989,0.043026,Federal,House
B000072,Richard Baker,102,1991,1.013015,Federal,House
B000072,Richard Baker,103,1993,0.251707,Federal,House
B000072,Richard Baker,104,1995,0.540647,Federal,House
B000072,Richard Baker,105,1997,0.198889,Federal,House
B000072,Richard Baker,106,1999,0.88928,Federal,House
B000072,Richard Baker,107,2001,1.384759,Federal,House
B000072,Richard Baker,108,2003,3.690027,Federal,House
B000072,Richard Baker,109,2005,5.560746,Federal,House
B000072,Richard Baker,110,2007,0.162937,Federal,House
B000078,Bill Baker,103,1993,0.109679,Federal,House
B000078,Bill Baker,104,1995,0.210438,Federal,House
B000081,John Baldacci,1987-1988,1987,0.957629,State,Upper
B000081,John Baldacci,1989-1990,1989,1.153518,State,Upper
B000081,John Baldacci,1991-1992,1991,1.857944,State,Upper
B000081,John Baldacci,1993-1994,1993,2.056885,State,Upper
B000081,John Baldacci,104,1995,0.042088,Federal,House
B000081,John Baldacci,105,1997,0.108485,Federal,House
B000081,John Baldacci,106,1999,0.172716,Federal,House
B000081,John Baldacci,107,2001,0.127977,Federal,House
B000083,Alvin Baldus,94,1975,0.080253,Federal,House
B000083,Alvin Baldus,95,1977,0.146269,Federal,House
B000083,Alvin Baldus,96,1979,1.813776,Federal,House
B000083,Alvin Baldus,1995-1996,1995,1.044214,State,Lower
B000104,Cass Ballenger,100,1987,0.0,Federal,House
B000104,Cass Ballenger,101,1989,0.323947,Federal,House
B000104,Cass Ballenger,102,1991,0.400016,Federal,House
B000104,Cass Ballenger,103,1993,0.222491,Federal,House
B000104,Cass Ballenger,104,1995,1.157714,Federal,House
B000104,Cass Ballenger,105,1997,2.949201,Federal,House
B000104,Cass Ballenger,106,1999,1.66179,Federal,House
B000104,Cass Ballenger,107,2001,0.259441,Federal,House
B000104,Cass Ballenger,108,2003,0.587507,Federal,House
B000134,James Barcia,103,1993,0.047005,Federal,House
B000134,James Barcia,104,1995,0.336843,Federal,House
B000134,James Barcia,105,1997,0.812819,Federal,House
B000134,James Barcia,106,1999,0.674478,Federal,House
B000134,James Barcia,107,2001,1.080345,Federal,House
B000134,James Barcia,2003-2004,2003,0.538816,State,Upper
B000134,James Barcia,2005-2006,2005,0.804884,State,Upper
B000134,James Barcia,2007-2008,2007,0.970722,State,Upper
B000134,James Barcia,2009-2010,2009,1.220361,State,Upper
B000177,Thomas Barrett,103,1993,0.221384,Federal,House
B000177,Thomas Barrett,104,1995,0.210438,Federal,House
B000177,Thomas Barrett,105,1997,0.108485,Federal,House
B000177,Thomas Barrett,106,1999,0.724041,Federal,House
B000177,Thomas Barrett,107,2001,0.124856,Federal,House
B000179,Bill Barrett,102,1991,0.067912,Federal,House
B000179,Bill Barrett,103,1993,0.109679,Federal,House
B000179,Bill Barrett,104,1995,1.387218,Federal,House
B000179,Bill Barrett,105,1997,0.740496,Federal,House
B000179,Bill Barrett,106,1999,2.569201,Federal,House
B000220,Charles Bass,1989-1990,1989,0.614077,State,Upper
B000220,Charles Bass,1991-1992,1991,0.58873,State,Upper
B000220,Charles Bass,104,1995,0.788469,Federal,House
B000220,Charles Bass,105,1997,0.239212,Federal,House
B000220,Charles Bass,106,1999,0.154211,Federal,House
B000220,Charles Bass,107,2001,1.775862,Federal,House
B000220,Charles Bass,108,2003,0.607104,Federal,House
B000220,Charles Bass,109,2005,0.735894,Federal,House
B000220,Charles Bass,112,2011,0.525334,Federal,House
B000229,Herbert H. Bateman,98,1983,0.568277,Federal,House
B000229,Herbert H. Bateman,99,1985,0.922232,Federal,House
B000229,Herbert H. Bateman,100,1987,0.101008,Federal,House
B000229,Herbert H. Bateman,101,1989,0.391443,Federal,House
B000229,Herbert H. Bateman,102,1991,0.376243,Federal,House
B000229,Herbert H. Bateman,103,1993,0.343476,Federal,House
B000229,Herbert H. Bateman,104,1995,0.630251,Federal,House
B000229,Herbert H. Bateman,105,1997,0.322221,Federal,House
B000229,Herbert H. Bateman,106,1999,1.403882,Federal,House
B000243,Max Baucus,94,1975,0.281203,Federal,House
B000243,Max Baucus,95,1977,0.522698,Federal,House
B000243,Max Baucus,96,1978,0.403794,Federal,Senate
B000243,Max Baucus,97,1980,0.760185,Federal,Senate
B000243,Max Baucus,98,1982,0.205866,Federal,Senate
B000243,Max Baucus,99,1984,0.446586,Federal,Senate
B000243,Max Baucus,100,1986,0.663185,Federal,Senate
B000243,Max Baucus,101,1988,1.011611,Federal,Senate
B000243,Max Baucus,102,1990,0.808659,Federal,Senate
B000243,Max Baucus,103,1992,2.204755,Federal,Senate
B000243,Max Baucus,104,1994,0.465605,Federal,Senate
B000243,Max Baucus,105,1996,0.465295,Federal,Senate
B000243,Max Baucus,106,1998,0.337695,Federal,Senate
B000243,Max Baucus,107,2000,0.779185,Federal,Senate
B000243,Max Baucus,108,2002,0.311847,Federal,Senate
B000243,Max Baucus,109,2004,0.355611,Federal,Senate
B000243,Max Baucus,110,2006,2.849026,Federal,Senate
B000243,Max Baucus,111,2008,1.773775,Federal,Senate
B000243,Max Baucus,112,2010,1.828916,Federal,Senate
B000243,Max Baucus,113,2012,0.798858,Federal,Senate
B000244,Robert Bauman,93,1973,0.062021,Federal,House
B000244,Robert Bauman,94,1975,0.080253,Federal,House
B000244,Robert Bauman,95,1977,0.683935,Federal,House
B000244,Robert Bauman,96,1979,0.750523,Federal,House
B000254,Birch Bayh,93,1972,1.120358,Federal,Senate
B000254,Birch Bayh,94,1974,0.265788,Federal,Senate
B000254,Birch Bayh,95,1976,1.460152,Federal,Senate
B000254,Birch Bayh,96,1978,3.87507,Federal,Senate
B000279,Edward Beard,94,1975,0.258273,Federal,House
B000279,Edward Beard,95,1977,1.191877,Federal,House
B000279,Edward Beard,96,1979,0.353997,Federal,House
B000287,Xavier Becerra,103,1993,0.12636,Federal,House
B000287,Xavier Becerra,104,1995,0.019131,Federal,House
B000287,Xavier Becerra,105,1997,0.018081,Federal,House
B000287,Xavier Becerra,106,1999,0.141874,Federal,House
B000287,Xavier Becerra,107,2001,0.349187,Federal,House
B000287,Xavier Becerra,108,2003,0.13282,Federal,House
B000287,Xavier Becerra,109,2005,0.465245,Federal,House
B000287,Xavier Becerra,110,2007,0.380463,Federal,House
B000287,Xavier Becerra,111,2009,1.070933,Federal,House
B000287,Xavier Becerra,112,2011,0.040263,Federal,House
B000287,Xavier Becerra,113,2013,0.030463,Federal,House
B000287,Xavier Becerra,114,2015,0.054929,Federal,House
B000318,Anthony Beilenson,95,1977,0.085744,Federal,House
B000318,Anthony Beilenson,96,1979,0.14735,Federal,House
B000318,Anthony Beilenson,97,1981,0.076204,Federal,House
B000318,Anthony Beilenson,98,1983,0.674851,Federal,House
B000318,Anthony Beilenson,99,1985,0.138323,Federal,House
B000318,Anthony Beilenson,100,1987,0.661374,Federal,House
B000318,Anthony Beilenson,101,1989,1.609693,Federal,House
B000318,Anthony Beilenson,102,1991,0.081495,Federal,House
B000318,Anthony Beilenson,103,1993,0.141015,Federal,House
B000318,Anthony Beilenson,104,1995,0.076523,Federal,House
B000363,Adam Benjamin Jr.,95,1977,0.152788,Federal,House
B000363,Adam Benjamin Jr.,96,1979,1.252026,Federal,House
B000363,Adam Benjamin Jr.,97,1981,2.744725,Federal,House
B000371,Charles Edward Bennett,93,1973,0.726485,Federal,House
B000371,Charles Edward Bennett,94,1975,0.772034,Federal,House
B000371,Charles Edward Bennett,95,1977,1.051115,Federal,House
B000371,Charles Edward Bennett,96,1979,2.814435,Federal,House
B000371,Charles Edward Bennett,97,1981,1.910052,Federal,House
B000371,Charles Edward Bennett,98,1983,1.328288,Federal,House
B000371,Charles Edward Bennett,99,1985,2.540557,Federal,House
B000371,Charles Edward Bennett,100,1987,2.064544,Federal,House
B000371,Charles Edward Bennett,101,1989,2.736039,Federal,House
B000371,Charles Edward Bennett,102,1991,1.398756,Federal,House
B000403,Doug Bereuter,96,1979,0.075548,Federal,House
B000403,Doug Bereuter,97,1981,1.55242,Federal,House
B000403,Doug Bereuter,98,1983,1.032866,Federal,House
B000403,Doug Bereuter,99,1985,0.505473,Federal,House
B000403,Doug Bereuter,100,1987,0.77342,Federal,House
B000403,Doug Bereuter,101,1989,0.351814,Federal,House
B000403,Doug Bereuter,102,1991,0.850349,Federal,House
B000403,Doug Bereuter,103,1993,1.609683,Federal,House
B000403,Doug Bereuter,104,1995,1.297489,Federal,House
B000403,Doug Bereuter,105,1997,3.469701,Federal,House
B000403,Doug Bereuter,106,1999,2.851614,Federal,House
B000403,Doug Bereuter,107,2001,3.817051,Federal,House
B000403,Doug Bereuter,108,2003,2.200058,Federal,House
B000410,Howard Berman,98,1983,0.645362,Federal,House
B000410,Howard Berman,99,1985,0.875809,Federal,House
B000410,Howard Berman,100,1987,1.010982,Federal,House
B000410,Howard Berman,101,1989,2.103124,Federal,House
B000410,Howard Berman,102,1991,4.076987,Federal,House
B000410,Howard Berman,103,1993,1.308634,Federal,House
B000410,Howard Berman,104,1995,0.057392,Federal,House
B000410,Howard Berman,105,1997,0.0,Federal,House
B000410,Howard Berman,106,1999,0.030842,Federal,House
B000410,Howard Berman,107,2001,0.148359,Federal,House
B000410,Howard Berman,108,2003,0.286114,Federal,House
B000410,Howard Berman,109,2005,0.056068,Federal,House
B000410,Howard Berman,110,2007,8.423513,Federal,House
B000410,Howard Berman,111,2009,3.94928,Federal,House
B000410,Howard Berman,112,2011,1.505121,Federal,House
B000431,Tom Bevill,93,1973,0.176334,Federal,House
B000431,Tom Bevill,94,1975,0.064202,Federal,House
B000431,Tom Bevill,95,1977,1.758791,Federal,House
B000431,Tom Bevill,96,1979,1.813776,Federal,House
B000431,Tom Bevill,97,1981,1.361849,Federal,House
B000431,Tom Bevill,98,1983,2.286658,Federal,House
B000431,Tom Bevill,99,1985,1.769735,Federal,House
B000431,Tom Bevill,100,1987,2.315887,Federal,House
B000431,Tom Bevill,101,1989,2.418839,Federal,House
B000431,Tom Bevill,102,1991,2.316906,Federal,House
B000431,Tom Bevill,103,1993,2.081463,Federal,House
B000431,Tom Bevill,104,1995,0.597762,Federal,House
B000462,James Bilbray,100,1987,0.443429,Federal,House
B000462,James Bilbray,101,1989,0.585097,Federal,House
B000462,James Bilbray,102,1991,0.307655,Federal,House
B000462,James Bilbray,103,1993,1.165525,Federal,House
B000490,Sanford Bishop,103,1993,0.031337,Federal,House
B000490,Sanford Bishop,104,1995,0.0,Federal,House
B000490,Sanford Bishop,105,1997,0.152425,Federal,House
B000490,Sanford Bishop,106,1999,0.098695,Federal,House
B000490,Sanford Bishop,107,2001,0.843805,Federal,House
B000490,Sanford Bishop,108,2003,0.06973,Federal,House
B000490,Sanford Bishop,109,2005,0.070085,Federal,House
B000490,Sanford Bishop,110,2007,0.335664,Federal,House
B000490,Sanford Bishop,111,2009,0.362316,Federal,House
B000490,Sanford Bishop,112,2011,0.483903,Federal,House
B000490,Sanford Bishop,113,2013,0.045695,Federal,House
B000490,Sanford Bishop,114,2015,0.341302,Federal,House
B000490,Sanford Bishop,115,2017,0.20135,Federal,House
B000490,Sanford Bishop,116,2019,1.258155,Federal,House
B000490,Sanford Bishop,117,2021,0.376626,Federal,House
B000490,Sanford Bishop,118,2023,0.312344,Federal,House
B000517,Lucien Blackwell,102,1991,0.040747,Federal,House
B000517,Lucien Blackwell,103,1993,0.09401,Federal,House
B000518,Rod Blagojevich,105,1997,0.16374,Federal,House
B000518,Rod Blagojevich,106,1999,0.448558,Federal,House
B000518,Rod Blagojevich,107,2001,0.124856,Federal,House
B000574,Earl Blumenauer,104,1995,0.019131,Federal,House
B000574,Earl Blumenauer,105,1997,0.126565,Federal,House
B000574,Earl Blumenauer,106,1999,0.200475,Federal,House
B000574,Earl Blumenauer,107,2001,0.819244,Federal,House
B000574,Earl Blumenauer,108,2003,0.099615,Federal,House
B000574,Earl Blumenauer,109,2005,0.930839,Federal,House
B000574,Earl Blumenauer,110,2007,0.799727,Federal,House
B000574,Earl Blumenauer,111,2009,0.864647,Federal,House
B000574,Earl Blumenauer,112,2011,0.40263,Federal,House
B000574,Earl Blumenauer,113,2013,3.330415,Federal,House
B000574,Earl Blumenauer,114,2015,0.43943,Federal,House
B000574,Earl Blumenauer,115,2017,0.739813,Federal,House
B000574,Earl Blumenauer,116,2019,1.448537,Federal,House
B000574,Earl Blumenauer,117,2021,4.556154,Federal,House
B000574,Earl Blumenauer,118,2023,0.285571,Federal,House
B000576,Peter Blute,103,1993,0.128481,Federal,House
B000576,Peter Blute,104,1995,1.487435,Federal,House
B000589,John Boehner,102,1991,0.027165,Federal,House
B000589,John Boehner,103,1993,0.078342,Federal,House
B000589,John Boehner,104,1995,0.057392,Federal,House
B000589,John Boehner,105,1997,0.072323,Federal,House
B000589,John Boehner,106,1999,0.83631,Federal,House
B000589,John Boehner,107,2001,3.204306,Federal,House
B000589,John Boehner,108,2003,2.641539,Federal,House
B000589,John Boehner,109,2005,5.860274,Federal,House
B000589,John Boehner,110,2007,0.124557,Federal,House
B000589,John Boehner,111,2009,0.08392,Federal,House
B000589,John Boehner,112,2011,0.431386,Federal,House
B000589,John Boehner,113,2013,0.030463,Federal,House
B000589,John Boehner,114,2015,0.410693,Federal,House
B000600,Edward Boland,93,1973,2.047472,Federal,House
B000600,Edward Boland,94,1975,1.832675,Federal,House
B000600,Edward Boland,95,1977,2.580219,Federal,House
B000600,Edward Boland,96,1979,4.079441,Federal,House
B000600,Edward Boland,97,1981,7.580255,Federal,House
B000600,Edward Boland,98,1983,4.289607,Federal,House
B000600,Edward Boland,99,1985,1.744207,Federal,House
B000600,Edward Boland,100,1987,1.430376,Federal,House
B000615,William Boner,96,1979,0.294565,Federal,House
B000615,William Boner,97,1981,0.073746,Federal,House
B000615,William Boner,98,1983,0.111873,Federal,House
B000615,William Boner,99,1985,0.138323,Federal,House
B000615,William Boner,100,1987,0.233963,Federal,House
B000619,David Bonior,95,1977,0.064308,Federal,House
B000619,David Bonior,96,1979,0.01511,Federal,House
B000619,David Bonior,97,1981,0.084264,Federal,House
B000619,David Bonior,98,1983,0.043658,Federal,House
B000619,David Bonior,99,1985,0.087005,Federal,House
B000619,David Bonior,100,1987,0.021702,Federal,House
B000619,David Bonior,101,1989,0.11854,Federal,House
B000619,David Bonior,102,1991,0.070629,Federal,House
B000619,David Bonior,103,1993,0.142029,Federal,House
B000619,David Bonior,104,1995,0.019131,Federal,House
B000619,David Bonior,105,1997,0.054242,Federal,House
B000619,David Bonior,106,1999,0.270534,Federal,House
B000619,David Bonior,107,2001,0.13422,Federal,House
B000639,David Boren,96,1978,0.131177,Federal,Senate
B000639,David Boren,97,1980,0.378168,Federal,Senate
B000639,David Boren,98,1982,0.436929,Federal,Senate
B000639,David Boren,99,1984,0.345282,Federal,Senate
B000639,David Boren,100,1986,1.081442,Federal,Senate
B000639,David Boren,101,1988,0.793061,Federal,Senate
B000639,David Boren,102,1990,0.782511,Federal,Senate
B000639,David Boren,103,1992,0.969631,Federal,Senate
B000644,Robert Borski,98,1983,0.030015,Federal,House
B000644,Robert Borski,99,1985,0.033812,Federal,House
B000644,Robert Borski,100,1987,0.101008,Federal,House
B000644,Robert Borski,101,1989,0.10133,Federal,House
B000644,Robert Borski,102,1991,0.13288,Federal,House
B000644,Robert Borski,103,1993,0.125347,Federal,House
B000644,Robert Borski,104,1995,0.057392,Federal,House
B000644,Robert Borski,105,1997,0.166889,Federal,House
B000644,Robert Borski,106,1999,0.671179,Federal,House
B000644,Robert Borski,107,2001,0.669052,Federal,House
B000648,Douglas Bosco,98,1983,0.043658,Federal,House
B000648,Douglas Bosco,99,1985,1.562424,Federal,House
B000648,Douglas Bosco,100,1987,0.545929,Federal,House
B000648,Douglas Bosco,101,1989,1.567255,Federal,House
B000652,Leonard Boswell,105,1997,0.162727,Federal,House
B000652,Leonard Boswell,106,1999,0.064769,Federal,House
B000652,Leonard Boswell,107,2001,0.093642,Federal,House
B000652,Leonard Boswell,108,2003,0.13282,Federal,House
B000652,Leonard Boswell,109,2005,0.140171,Federal,House
B000652,Leonard Boswell,110,2007,0.950199,Federal,House
B000652,Leonard Boswell,111,2009,0.419821,Federal,House
B000652,Leonard Boswell,112,2011,0.187894,Federal,House
B000657,Rick Boucher,98,1983,2.500689,Federal,House
B000657,Rick Boucher,99,1985,2.70427,Federal,House
B000657,Rick Boucher,100,1987,1.675168,Federal,House
B000657,Rick Boucher,101,1989,0.801612,Federal,House
B000657,Rick Boucher,102,1991,2.930714,Federal,House
B000657,Rick Boucher,103,1993,5.642437,Federal,House
B000657,Rick Boucher,104,1995,0.019131,Federal,House
B000657,Rick Boucher,105,1997,0.072323,Federal,House
B000657,Rick Boucher,106,1999,0.146734,Federal,House
B000657,Rick Boucher,107,2001,0.062428,Federal,House
B000657,Rick Boucher,108,2003,0.177716,Federal,House
B000657,Rick Boucher,109,2005,1.4692,Federal,House
B000657,Rick Boucher,110,2007,3.379771,Federal,House
B000657,Rick Boucher,111,2009,0.93984,Federal,House
B000668,Cliff Bentz,2009-2010,2009,0.090332,State,Lower
B000668,Cliff Bentz,2011-2012,2011,0.307142,State,Lower
B000668,Cliff Bentz,2013-2014,2013,0.720898,State,Lower
B000668,Cliff Bentz,2015-2016,2015,1.852373,State,Lower
B000668,Cliff Bentz,2017-2018,2017,0.772709,State,Lower
B000668,Cliff Bentz,2019-2020,2019,0.872877,State,Upper
B000668,Cliff Bentz,117,2021,0.338841,Federal,House
B000668,Cliff Bentz,118,2023,1.361394,Federal,House
B000716,Allen Boyd,105,1997,0.018081,Federal,House
B000716,Allen Boyd,106,1999,0.209763,Federal,House
B000716,Allen Boyd,107,2001,0.015607,Federal,House
B000716,Allen Boyd,108,2003,0.712294,Federal,House
B000716,Allen Boyd,109,2005,0.152889,Federal,House
B000716,Allen Boyd,110,2007,0.32955,Federal,House
B000716,Allen Boyd,111,2009,0.446236,Federal,House
B000740,Stephanie Bice,2015-2016,2015,0.381953,State,Upper
B000740,Stephanie Bice,2017-2018,2017,2.963954,State,Upper
B000740,Stephanie Bice,2019-2020,2019,2.350108,State,Upper
B000740,Stephanie Bice,117,2021,0.477308,Federal,House
B000740,Stephanie Bice,118,2023,0.814902,Federal,House
B000755,Kevin Brady,1991-1992,1991,1.73394,State,Lower
B000755,Kevin Brady,1993-1994,1993,0.956205,State,Lower
B000755,Kevin Brady,1995-1996,1995,1.490955,State,Lower
B000755,Kevin Brady,105,1997,0.130728,Federal,House
B000755,Kevin Brady,106,1999,0.669834,Federal,House
B000755,Kevin Brady,107,2001,0.825122,Federal,House
B000755,Kevin Brady,108,2003,0.384246,Federal,House
B000755,Kevin Brady,109,2005,0.782547,Federal,House
B000755,Kevin Brady,110,2007,0.46742,Federal,House
B000755,Kevin Brady,111,2009,0.456504,Federal,House
B000755,Kevin Brady,112,2011,1.073734,Federal,House
B000755,Kevin Brady,113,2013,0.95123,Federal,House
B000755,Kevin Brady,114,2015,3.890982,Federal,House
B000755,Kevin Brady,115,2017,2.775441,Federal,House
B000755,Kevin Brady,116,2019,0.099401,Federal,House
B000755,Kevin Brady,117,2021,0.113125,Federal,House
B000798,Joseph E. Brennan,100,1987,0.222399,Federal,House
B000798,Joseph E. Brennan,101,1989,0.186444,Federal,House
B000817,Bill Brewster,102,1991,0.027165,Federal,House
B000817,Bill Brewster,103,1993,0.688801,Federal,House
B000817,Bill Brewster,104,1995,0.191694,Federal,House
B000839,Jack Brinkley,93,1973,0.217073,Federal,House
B000839,Jack Brinkley,94,1975,0.861214,Federal,House
B000839,Jack Brinkley,95,1977,1.940953,Federal,House
B000839,Jack Brinkley,96,1979,1.80203,Federal,House
B000839,Jack Brinkley,97,1981,4.115486,Federal,House
B000862,William Brodhead,94,1975,0.076814,Federal,House
B000862,William Brodhead,95,1977,1.123118,Federal,House
B000862,William Brodhead,96,1979,0.706658,Federal,House
B000862,William Brodhead,97,1981,0.483865,Federal,House
B000880,Jack Brooks,93,1973,2.586595,Federal,House
B000880,Jack Brooks,94,1975,5.314426,Federal,House
B000880,Jack Brooks,95,1977,4.157907,Federal,House
B000880,Jack Brooks,96,1979,7.222084,Federal,House
B000880,Jack Brooks,97,1981,5.85499,Federal,House
B000880,Jack Brooks,98,1983,8.018741,Federal,House
B000880,Jack Brooks,99,1985,2.931897,Federal,House
B000880,Jack Brooks,100,1987,5.894938,Federal,House
B000880,Jack Brooks,101,1989,8.688676,Federal,House
B000880,Jack Brooks,102,1991,5.079297,Federal,House
B000880,Jack Brooks,103,1993,10.658965,Federal,House
B000890,William Broomfield,93,1973,0.209837,Federal,House
B000890,William Broomfield,94,1975,0.369164,Federal,House
B000890,William Broomfield,95,1977,0.126094,Federal,House
B000890,William Broomfield,96,1979,0.110084,Federal,House
B000890,William Broomfield,97,1981,0.678029,Federal,House
B000890,William Broomfield,98,1983,0.132756,Federal,House
B000890,William Broomfield,99,1985,0.160435,Federal,House
B000890,William Broomfield,100,1987,0.455544,Federal,House
B000890,William Broomfield,101,1989,0.130013,Federal,House
B000890,William Broomfield,102,1991,0.389825,Federal,House
B000897,Glen Browder,101,1989,0.0,Federal,House
B000897,Glen Browder,102,1991,0.029881,Federal,House
B000897,Glen Browder,103,1993,0.086951,Federal,House
B000897,Glen Browder,104,1995,0.769939,Federal,House
B000911,Corrine Brown,103,1993,0.134626,Federal,House
B000911,Corrine Brown,104,1995,0.196075,Federal,House
B000911,Corrine Brown,105,1997,0.0,Federal,House
B000911,Corrine Brown,106,1999,0.118212,Federal,House
B000911,Corrine Brown,107,2001,0.146891,Federal,House
B000911,Corrine Brown,108,2003,0.281597,Federal,House
B000911,Corrine Brown,109,2005,0.212219,Federal,House
B000911,Corrine Brown,110,2007,0.392218,Federal,House
B000911,Corrine Brown,111,2009,0.45183,Federal,House
B000911,Corrine Brown,112,2011,0.246808,Federal,House
B000911,Corrine Brown,113,2013,0.015232,Federal,House
B000911,Corrine Brown,114,2015,0.967903,Federal,House
B000918,George E. Brown Jr.,93,1973,0.338622,Federal,House
B000918,George E. Brown Jr.,94,1975,1.068867,Federal,House
B000918,George E. Brown Jr.,95,1977,3.292779,Federal,House
B000918,George E. Brown Jr.,96,1979,1.498636,Federal,House
B000918,George E. Brown Jr.,97,1981,1.100399,Federal,House
B000918,George E. Brown Jr.,98,1983,2.234505,Federal,House
B000918,George E. Brown Jr.,99,1985,0.88952,Federal,House
B000918,George E. Brown Jr.,100,1987,0.298127,Federal,House
B000918,George E. Brown Jr.,101,1989,1.187968,Federal,House
B000918,George E. Brown Jr.,102,1991,7.09865,Federal,House
B000918,George E. Brown Jr.,103,1993,3.178852,Federal,House
B000918,George E. Brown Jr.,104,1995,0.287348,Federal,House
B000918,George E. Brown Jr.,105,1997,0.162727,Federal,House
B000918,George E. Brown Jr.,106,1999,0.162155,Federal,House
B000919,Hank Brown,97,1981,0.192425,Federal,House
B000919,Hank Brown,98,1983,0.87616,Federal,House
B000919,Hank Brown,99,1985,0.409497,Federal,House
B000919,Hank Brown,100,1987,0.313629,Federal,House
B000919,Hank Brown,101,1989,0.638123,Federal,House
B000919,Hank Brown,102,1990,0.702014,Federal,Senate
B000919,Hank Brown,103,1992,0.271251,Federal,Senate
B000919,Hank Brown,104,1994,1.250353,Federal,Senate
B000944,Sherrod Brown,103,1993,0.09401,Federal,House
B000944,Sherrod Brown,104,1995,0.133915,Federal,House
B000944,Sherrod Brown,105,1997,0.054242,Federal,House
B000944,Sherrod Brown,106,1999,0.761371,Federal,House
B000944,Sherrod Brown,107,2001,1.714937,Federal,House
B000944,Sherrod Brown,108,2003,0.59447,Federal,House
B000944,Sherrod Brown,109,2005,0.266324,Federal,House
B000944,Sherrod Brown,110,2006,0.973583,Federal,Senate
B000944,Sherrod Brown,111,2008,1.055833,Federal,Senate
B000944,Sherrod Brown,112,2010,1.672391,Federal,Senate
B000944,Sherrod Brown,113,2012,1.729419,Federal,Senate
B000944,Sherrod Brown,114,2014,0.554288,Federal,Senate
B000944,Sherrod Brown,115,2016,0.537379,Federal,Senate
B000944,Sherrod Brown,116,2018,0.909487,Federal,Senate
B000944,Sherrod Brown,117,2020,1.389374,Federal,Senate
B000944,Sherrod Brown,118,2022,1.107719,Federal,Senate
B000971,Terry L. Bruce,99,1985,0.148482,Federal,House
B000971,Terry L. Bruce,100,1987,0.623004,Federal,House
B000971,Terry L. Bruce,101,1989,2.255333,Federal,House
B000971,Terry L. Bruce,102,1991,0.20713,Federal,House
B000993,Richard Bryan,101,1988,1.18682,Federal,Senate
B000993,Richard Bryan,102,1990,0.909169,Federal,Senate
B000993,Richard Bryan,103,1992,0.863001,Federal,Senate
B000993,Richard Bryan,104,1994,0.168392,Federal,Senate
B000993,Richard Bryan,105,1996,0.127834,Federal,Senate
B000993,Richard Bryan,106,1998,0.487523,Federal,Senate
B000997,John Bryant,98,1983,1.080416,Federal,House
B000997,John Bryant,99,1985,2.121096,Federal,House
B000997,John Bryant,100,1987,1.236747,Federal,House
B000997,John Bryant,101,1989,1.611865,Federal,House
B000997,John Bryant,102,1991,0.573843,Federal,House
B000997,John Bryant,103,1993,0.626495,Federal,House
B000997,John Bryant,104,1995,0.114784,Federal,House
B000997,John Bryant,2023-2024,2023,0.326109,State,Lower
B001036,Jack Buechner,100,1987,0.793386,Federal,House
B001036,Jack Buechner,101,1989,0.331736,Federal,House
B001063,Jim Bunn,104,1995,0.153433,Federal,House
B001066,Jim Bunning,100,1987,0.079201,Federal,House
B001066,Jim Bunning,101,1989,0.014342,Federal,House
B001066,Jim Bunning,102,1991,0.528381,Federal,House
B001066,Jim Bunning,103,1993,0.395763,Federal,House
B001066,Jim Bunning,104,1995,2.792368,Federal,House
B001066,Jim Bunning,105,1997,1.324146,Federal,House
B001066,Jim Bunning,106,1998,0.078179,Federal,Senate
B001066,Jim Bunning,107,2000,0.081467,Federal,Senate
B001066,Jim Bunning,108,2002,1.18812,Federal,Senate
B001066,Jim Bunning,109,2004,0.163588,Federal,Senate
B001066,Jim Bunning,110,2006,0.22786,Federal,Senate
B001066,Jim Bunning,111,2008,0.167085,Federal,Senate
B001080,Clair Burgener,93,1973,0.137054,Federal,House
B001080,Clair Burgener,94,1975,0.264323,Federal,House
B001080,Clair Burgener,95,1977,0.218357,Federal,House
B001080,Clair Burgener,96,1979,0.385928,Federal,House
B001080,Clair Burgener,97,1981,0.67134,Federal,House
B001149,Dan Burton,98,1983,0.141105,Federal,House
B001149,Dan Burton,99,1985,0.187504,Federal,House
B001149,Dan Burton,100,1987,0.189121,Federal,House
B001149,Dan Burton,101,1989,0.303052,Federal,House
B001149,Dan Burton,102,1991,0.149407,Federal,House
B001149,Dan Burton,103,1993,0.172352,Federal,House
B001149,Dan Burton,104,1995,1.463355,Federal,House
B001149,Dan Burton,105,1997,2.340157,Federal,House
B001149,Dan Burton,106,1999,0.949944,Federal,House
B001149,Dan Burton,107,2001,1.566551,Federal,House
B001149,Dan Burton,108,2003,0.102935,Federal,House
B001149,Dan Burton,109,2005,0.142974,Federal,House
B001149,Dan Burton,110,2007,0.72695,Federal,House
B001149,Dan Burton,111,2009,0.265747,Federal,House
B001149,Dan Burton,112,2011,0.577104,Federal,House
B001153,John Burton,93,1973,0.008269,Federal,House
B001153,John Burton,94,1975,1.135058,Federal,House
B001153,John Burton,95,1977,1.099641,Federal,House
B001153,John Burton,96,1979,1.621923,Federal,House
B001153,John Burton,97,1981,0.36152,Federal,House
B001153,John Burton,1993-1994,1993,1.26996,State,Lower
B001153,John Burton,1995-1996,1995,1.190303,State,Lower
B001153,John Burton,1997-1998,1997,1.337092,State,Upper
B001153,John Burton,1999-2000,1999,1.830754,State,Upper
B001153,John Burton,2001-2002,2001,1.546681,State,Upper
B001153,John Burton,2003-2004,2003,1.756413,State,Upper
B001156,Phillip Burton,93,1973,2.332562,Federal,House
B001156,Phillip Burton,94,1975,2.04792,Federal,House
B001156,Phillip Burton,95,1977,4.724551,Federal,House
B001156,Phillip Burton,96,1979,6.064377,Federal,House
B001156,Phillip Burton,97,1981,2.420518,Federal,House
B001156,Phillip Burton,98,1983,1.222304,Federal,House
B001182,M. Caldwell Butler,93,1973,0.01137,Federal,House
B001182,M. Caldwell Butler,94,1975,0.018344,Federal,House
B001182,M. Caldwell Butler,95,1977,0.156571,Federal,House
B001182,M. Caldwell Butler,96,1979,0.07339,Federal,House
B001182,M. Caldwell Butler,97,1981,0.518858,Federal,House
B001209,Harry F. Byrd Jr.,93,1972,0.169563,Federal,Senate
B001209,Harry F. Byrd Jr.,94,1974,0.49538,Federal,Senate
B001209,Harry F. Byrd Jr.,95,1976,0.022255,Federal,Senate
B001209,Harry F. Byrd Jr.,96,1978,0.116458,Federal,Senate
B001209,Harry F. Byrd Jr.,97,1980,0.079431,Federal,Senate
B001210,Robert Byrd,93,1972,0.822795,Federal,Senate
B001210,Robert Byrd,94,1974,0.262931,Federal,Senate
B001210,Robert Byrd,95,1976,0.967581,Federal,Senate
B001210,Robert Byrd,96,1978,0.183284,Federal,Senate
B001210,Robert Byrd,97,1980,0.526952,Federal,Senate
B001210,Robert Byrd,98,1982,0.387268,Federal,Senate
B001210,Robert Byrd,99,1984,0.247107,Federal,Senate
B001210,Robert Byrd,100,1986,0.64767,Federal,Senate
B001210,Robert Byrd,101,1988,0.389966,Federal,Senate
B001210,Robert Byrd,102,1990,0.270293,Federal,Senate
B001210,Robert Byrd,103,1992,0.179983,Federal,Senate
B001210,Robert Byrd,104,1994,0.153976,Federal,Senate
B001210,Robert Byrd,105,1996,0.050714,Federal,Senate
B001210,Robert Byrd,106,1998,0.227166,Federal,Senate
B001210,Robert Byrd,107,2000,0.625242,Federal,Senate
B001210,Robert Byrd,108,2002,0.357085,Federal,Senate
B001210,Robert Byrd,109,2004,0.169792,Federal,Senate
B001210,Robert Byrd,110,2006,0.365758,Federal,Senate
B001210,Robert Byrd,111,2008,0.181883,Federal,Senate
B001213,Leslie Byrne,103,1993,0.509997,Federal,House
B001213,Leslie Byrne,2000-2001,2000,0.508607,State,Upper
B001213,Leslie Byrne,2002-2003,2002,0.524302,State,Upper
B001226,Peter Barca,103,1993,0.09401,Federal,House
B001226,Peter Barca,2009-2010,2009,2.295558,State,Lower
B001226,Peter Barca,2011-2012,2011,0.723037,State,Lower
B001226,Peter Barca,2013-2014,2013,0.273683,State,Lower
B001226,Peter Barca,2015-2016,2015,0.486628,State,Lower
B001226,Peter Barca,2017-2018,2017,0.943066,State,Lower
B001230,Tammy Baldwin,1995-1996,1995,0.526327,State,Lower
B001230,Tammy Baldwin,1997-1998,1997,1.184205,State,Lower
B001230,Tammy Baldwin,106,1999,0.123369,Federal,House
B001230,Tammy Baldwin,107,2001,0.202891,Federal,House
B001230,Tammy Baldwin,108,2003,0.232435,Federal,House
B001230,Tammy Baldwin,109,2005,0.400732,Federal,House
B001230,Tammy Baldwin,110,2007,2.216988,Federal,House
B001230,Tammy Baldwin,111,2009,2.08669,Federal,House
B001230,Tammy Baldwin,112,2011,0.60586,Federal,House
B001230,Tammy Baldwin,113,2012,0.2344,Federal,Senate
B001230,Tammy Baldwin,114,2014,0.66819,Federal,Senate
B001230,Tammy Baldwin,115,2016,1.078051,Federal,Senate
B001230,Tammy Baldwin,116,2018,1.008358,Federal,Senate
B001230,Tammy Baldwin,117,2020,0.417745,Federal,Senate
B001230,Tammy Baldwin,118,2022,0.926733,Federal,Senate
B001231,Shelley Berkley,106,1999,0.095611,Federal,House
B001231,Shelley Berkley,107,2001,0.093642,Federal,House
B001231,Shelley Berkley,108,2003,0.13282,Federal,House
B001231,Shelley Berkley,109,2005,0.318291,Federal,House
B001231,Shelley Berkley,110,2007,0.604511,Federal,House
B001231,Shelley Berkley,111,2009,0.265747,Federal,House
B001231,Shelley Berkley,112,2011,0.174473,Federal,House
B001232,Judy Biggert,1997-1998,1997,1.031187,State,Lower
B001232,Judy Biggert,106,1999,0.169632,Federal,House
B001232,Judy Biggert,107,2001,0.249712,Federal,House
B001232,Judy Biggert,108,2003,2.255918,Federal,House
B001232,Judy Biggert,109,2005,1.491319,Federal,House
B001232,Judy Biggert,110,2007,0.992714,Federal,House
B001232,Judy Biggert,111,2009,0.600089,Federal,House
B001232,Judy Biggert,112,2011,5.472257,Federal,House
B001234,Joe Baca,1993-1994,1993,1.325215,State,Lower
B001234,Joe Baca,1995-1996,1995,1.193527,State,Lower
B001234,Joe Baca,1997-1998,1997,1.336092,State,Lower
B001234,Joe Baca,106,1999,0.111032,Federal,House
B001234,Joe Baca,1999-2000,1999,0.913128,State,Upper
B001234,Joe Baca,107,2001,0.352718,Federal,House
B001234,Joe Baca,108,2003,0.865123,Federal,House
B001234,Joe Baca,109,2005,0.452526,Federal,House
B001234,Joe Baca,110,2007,0.531145,Federal,House
B001234,Joe Baca,111,2009,1.159953,Federal,House
B001234,Joe Baca,112,2011,0.762302,Federal,House
B001235,Henry Brown,1989-1990,1989,0.035498,State,Lower
B001235,Henry Brown,1991-1992,1991,0.062228,State,Lower
B001235,Henry Brown,1993-1994,1993,0.112739,State,Lower
B001235,Henry Brown,1995-1996,1995,1.173384,State,Lower
B001235,Henry Brown,1997-1998,1997,0.930976,State,Lower
B001235,Henry Brown,1999-2000,1999,0.020408,State,Lower
B001235,Henry Brown,107,2001,0.296533,Federal,House
B001235,Henry Brown,108,2003,0.421842,Federal,House
B001235,Henry Brown,109,2005,0.941825,Federal,House
B001235,Henry Brown,110,2007,1.441521,Federal,House
B001235,Henry Brown,111,2009,1.880687,Federal,House
B001238,Frank Ballance,1993-1994,1993,0.724179,State,Upper
B001238,Frank Ballance,1995-1996,1995,1.104785,State,Upper
B001238,Frank Ballance,1997-1998,1997,1.376741,State,Upper
B001238,Frank Ballance,1999-2000,1999,0.960814,State,Upper
B001238,Frank Ballance,2001-2002,2001,1.108347,State,Upper
B001238,Frank Ballance,108,2003,0.841471,Federal,House
B001239,Gresham Barrett,1997-1998,1997,0.038609,State,Lower
B001239,Gresham Barrett,1999-2000,1999,1.186985,State,Lower
B001239,Gresham Barrett,2001-2002,2001,0.51416,State,Lower
B001239,Gresham Barrett,108,2003,0.13614,Federal,House
B001239,Gresham Barrett,109,2005,0.112137,Federal,House
B001239,Gresham Barrett,110,2007,0.302921,Federal,House
B001239,Gresham Barrett,111,2009,0.055947,Federal,House
B001243,Marsha Blackburn,1999-2000,1999,0.467293,State,Upper
B001243,Marsha Blackburn,2001-2002,2001,0.287995,State,Upper
B001243,Marsha Blackburn,108,2003,0.116217,Federal,House
B001243,Marsha Blackburn,109,2005,1.581337,Federal,House
B001243,Marsha Blackburn,110,2007,0.283023,Federal,House
B001243,Marsha Blackburn,111,2009,0.388129,Federal,House
B001243,Marsha Blackburn,112,2011,0.228157,Federal,House
B001243,Marsha Blackburn,113,2013,0.928341,Federal,House
B001243,Marsha Blackburn,114,2015,1.230823,Federal,House
B001243,Marsha Blackburn,115,2017,1.564826,Federal,House
B001243,Marsha Blackburn,116,2018,0.519378,Federal,Senate
B001243,Marsha Blackburn,117,2020,0.579883,Federal,Senate
B001243,Marsha Blackburn,118,2022,0.898411,Federal,Senate
B001246,Jeb Bradley,1991-1992,1991,1.315522,State,Lower
B001246,Jeb Bradley,1993-1994,1993,5.008087,State,Lower
B001246,Jeb Bradley,1995-1996,1995,4.85252,State,Lower
B001246,Jeb Bradley,1997-1998,1997,6.865524,State,Lower
B001246,Jeb Bradley,1999-2000,1999,9.23464,State,Lower
B001246,Jeb Bradley,2001-2002,2001,7.816756,State,Lower
B001246,Jeb Bradley,108,2003,0.659204,Federal,House
B001246,Jeb Bradley,109,2005,0.781076,Federal,House
B001246,Jeb Bradley,2009-2010,2009,0.483844,State,Upper
B001246,Jeb Bradley,2011-2012,2011,1.942769,State,Upper
B001246,Jeb Bradley,2013-2014,2013,1.664216,State,Upper
B001246,Jeb Bradley,2015-2016,2015,2.982409,State,Upper
B001246,Jeb Bradley,2017-2018,2017,2.737167,State,Upper
B001246,Jeb Bradley,2019-2020,2019,1.893432,State,Upper
B001246,Jeb Bradley,2021-2022,2021,2.05595,State,Upper
B001246,Jeb Bradley,2023-2024,2023,0.852647,State,Upper
B001247,Ginny Brown-Waite,2001-2002,2001,1.809596,State,Upper
B001247,Ginny Brown-Waite,108,2003,1.900726,Federal,House
B001247,Ginny Brown-Waite,109,2005,1.271724,Federal,House
B001247,Ginny Brown-Waite,110,2007,0.944569,Federal,House
B001247,Ginny Brown-Waite,111,2009,0.461781,Federal,House
B001249,Max Burns,108,2003,2.483756,Federal,House
B001249,Max Burns,2021-2022,2021,2.694035,State,Upper
B001249,Max Burns,2023-2024,2023,3.168982,State,Upper
B001250,Rob Bishop,108,2003,0.380818,Federal,House
B001250,Rob Bishop,109,2005,0.83237,Federal,House
B001250,Rob Bishop,110,2007,1.372789,Federal,House
B001250,Rob Bishop,111,2009,0.825591,Federal,House
B001250,Rob Bishop,112,2011,3.183557,Federal,House
B001250,Rob Bishop,113,2013,3.147586,Federal,House
B001250,Rob Bishop,114,2015,1.664702,Federal,House
B001250,Rob Bishop,115,2017,2.816285,Federal,House
B001250,Rob Bishop,116,2019,0.526813,Federal,House
B001254,Dan Boren,2003-2004,2003,0.260053,State,Lower
B001254,Dan Boren,109,2005,0.987209,Federal,House
B001254,Dan Boren,110,2007,1.854331,Federal,House
B001254,Dan Boren,111,2009,2.005646,Federal,House
B001254,Dan Boren,112,2011,1.517139,Federal,House
B001256,Michele Bachmann,2001-2002,2001,0.251574,State,Upper
B001256,Michele Bachmann,2003-2004,2003,0.836636,State,Upper
B001256,Michele Bachmann,2005-2006,2005,0.477757,State,Upper
B001256,Michele Bachmann,110,2007,0.162937,Federal,House
B001256,Michele Bachmann,111,2009,0.240571,Federal,House
B001256,Michele Bachmann,112,2011,0.364806,Federal,House
B001256,Michele Bachmann,113,2013,0.836119,Federal,House
B001257,Gus Bilirakis,2001-2002,2001,0.552457,State,Lower
B001257,Gus Bilirakis,2003-2004,2003,1.528969,State,Lower
B001257,Gus Bilirakis,2005-2006,2005,1.704757,State,Lower
B001257,Gus Bilirakis,110,2007,0.816025,Federal,House
B001257,Gus Bilirakis,111,2009,0.759155,Federal,House
B001257,Gus Bilirakis,112,2011,1.935841,Federal,House
B001257,Gus Bilirakis,113,2013,1.376384,Federal,House
B001257,Gus Bilirakis,114,2015,1.486294,Federal,House
B001257,Gus Bilirakis,115,2017,2.181127,Federal,House
B001257,Gus Bilirakis,116,2019,1.713086,Federal,House
B001257,Gus Bilirakis,117,2021,1.50875,Federal,House
B001257,Gus Bilirakis,118,2023,3.202394,Federal,House
B001261,John Barrasso,2003-2004,2003,0.0,State,Upper
B001261,John Barrasso,2005-2006,2005,0.426427,State,Upper
B001261,John Barrasso,110,2006,0.138244,Federal,Senate
B001261,John Barrasso,2007-2008,2007,1.402145,State,Upper
B001261,John Barrasso,111,2008,0.34886,Federal,Senate
B001261,John Barrasso,112,2010,0.445731,Federal,Senate
B001261,John Barrasso,113,2012,1.312637,Federal,Senate
B001261,John Barrasso,114,2014,1.698054,Federal,Senate
B001261,John Barrasso,115,2016,1.514417,Federal,Senate
B001261,John Barrasso,116,2018,1.468715,Federal,Senate
B001261,John Barrasso,117,2020,0.736205,Federal,Senate
B001261,John Barrasso,118,2022,1.284477,Federal,Senate
B001263,John Boccieri,2001-2002,2001,0.209798,State,Lower
B001263,John Boccieri,2003-2004,2003,0.307055,State,Lower
B001263,John Boccieri,2005-2006,2005,1.156464,State,Lower
B001263,John Boccieri,2007-2008,2007,0.262768,State,Upper
B001263,John Boccieri,111,2009,0.866851,Federal,House
B001263,John Boccieri,2015-2016,2015,0.162849,State,Lower
B001263,John Boccieri,2017-2018,2017,0.301175,State,Lower
B001268,Scott Brown,111,2008,0.067842,Federal,Senate
B001268,Scott Brown,2009-2010,2009,0.198212,State,Upper
B001268,Scott Brown,112,2010,1.341248,Federal,Senate
B001270,Karen Bass,2005-2006,2005,0.98692,State,Lower
B001270,Karen Bass,2007-2008,2007,1.493041,State,Lower
B001270,Karen Bass,2009-2010,2009,1.20008,State,Lower
B001270,Karen Bass,112,2011,0.13421,Federal,House
B001270,Karen Bass,113,2013,0.426091,Federal,House
B001270,Karen Bass,114,2015,0.353349,Federal,House
B001270,Karen Bass,115,2017,0.435082,Federal,House
B001270,Karen Bass,116,2019,2.291493,Federal,House
B001270,Karen Bass,117,2021,2.535603,Federal,House
B001272,Rick Berg,1997-1998,1997,4.122649,State,Lower
B001272,Rick Berg,1999-2000,1999,3.370512,State,Lower
B001272,Rick Berg,2001-2002,2001,3.191108,State,Lower
B001272,Rick Berg,2003-2004,2003,1.474149,State,Lower
B001272,Rick Berg,2005-2006,2005,2.502022,State,Lower
B001272,Rick Berg,2007-2008,2007,0.522144,State,Lower
B001272,Rick Berg,2009-2010,2009,2.901588,State,Lower
B001272,Rick Berg,112,2011,0.376956,Federal,House
B001273,Diane Black,1999-2000,1999,0.429795,State,Lower
B001273,Diane Black,2001-2002,2001,0.480844,State,Lower
B001273,Diane Black,2003-2004,2003,0.403345,State,Lower
B001273,Diane Black,2005-2006,2005,1.216657,State,Upper
B001273,Diane Black,2007-2008,2007,1.216011,State,Upper
B001273,Diane Black,2009-2010,2009,1.440761,State,Upper
B001273,Diane Black,112,2011,1.171211,Federal,House
B001273,Diane Black,113,2013,2.404111,Federal,House
B001273,Diane Black,114,2015,1.35588,Federal,House
B001273,Diane Black,115,2017,0.85495,Federal,House
B001274,Mo Brooks,112,2011,0.053684,Federal,House
B001274,Mo Brooks,113,2013,0.307089,Federal,House
B001274,Mo Brooks,114,2015,0.109857,Federal,House
B001274,Mo Brooks,115,2017,0.467817,Federal,House
B001274,Mo Brooks,116,2019,0.089461,Federal,House
B001274,Mo Brooks,117,2021,0.131979,Federal,House
B001277,Richard Blumenthal,112,2010,0.949402,Federal,Senate
B001277,Richard Blumenthal,113,2012,0.763711,Federal,Senate
B001277,Richard Blumenthal,114,2014,0.557166,Federal,Senate
B001277,Richard Blumenthal,115,2016,0.545423,Federal,Senate
B001277,Richard Blumenthal,116,2018,0.835205,Federal,Senate
B001277,Richard Blumenthal,117,2020,0.943943,Federal,Senate
B001277,Richard Blumenthal,118,2022,0.781916,Federal,Senate
B001278,Suzanne Bonamici,2007-2008,2007,0.390061,State,Lower
B001278,Suzanne Bonamici,2009-2010,2009,2.237974,State,Upper
B001278,Suzanne Bonamici,112,2011,0.107368,Federal,House
B001278,Suzanne Bonamici,2011-2012,2011,2.683711,State,Upper
B001278,Suzanne Bonamici,113,2013,0.84226,Federal,House
B001278,Suzanne Bonamici,114,2015,0.845903,Federal,House
B001278,Suzanne Bonamici,115,2017,0.234007,Federal,House
B001278,Suzanne Bonamici,116,2019,1.915701,Federal,House
B001278,Suzanne Bonamici,117,2021,1.253228,Federal,House
B001278,Suzanne Bonamici,118,2023,1.016097,Federal,House
B001281,Joyce Beatty,2001-2002,2001,0.44598,State,Lower
B001281,Joyce Beatty,2003-2004,2003,0.17741,State,Lower
B001281,Joyce Beatty,2005-2006,2005,0.164488,State,Lower
B001281,Joyce Beatty,2007-2008,2007,0.180795,State,Lower
B001281,Joyce Beatty,113,2013,0.413906,Federal,House
B001281,Joyce Beatty,114,2015,0.427503,Federal,House
B001281,Joyce Beatty,115,2017,0.137941,Federal,House
B001281,Joyce Beatty,116,2019,1.293037,Federal,House
B001281,Joyce Beatty,117,2021,0.841073,Federal,House
B001281,Joyce Beatty,118,2023,0.405037,Federal,House
B001285,Julia Brownley,2007-2008,2007,1.169613,State,Lower
B001285,Julia Brownley,2009-2010,2009,1.47661,State,Lower
B001285,Julia Brownley,2011-2012,2011,1.194265,State,Lower
B001285,Julia Brownley,113,2013,0.346538,Federal,House
B001285,Julia Brownley,114,2015,0.775614,Federal,House
B001285,Julia Brownley,115,2017,1.084938,Federal,House
B001285,Julia Brownley,116,2019,2.229782,Federal,House
B001285,Julia Brownley,117,2021,3.206513,Federal,House
B001285,Julia Brownley,118,2023,0.735056,Federal,House
B001289,Bradley Byrne,2003-2006,2003,1.652942,State,Upper
B001289,Bradley Byrne,2007-2010,2007,0.196438,State,Upper
B001289,Bradley Byrne,113,2013,0.030463,Federal,House
B001289,Bradley Byrne,114,2015,0.312153,Federal,House
B001289,Bradley Byrne,115,2017,0.600122,Federal,House
B001289,Bradley Byrne,116,2019,0.273318,Federal,House
B001293,Mike Bishop,1999-2000,1999,1.725574,State,Lower
B001293,Mike Bishop,2001-2002,2001,1.796042,State,Lower
B001293,Mike Bishop,2003-2004,2003,1.255957,State,Upper
B001293,Mike Bishop,2005-2006,2005,0.955481,State,Upper
B001293,Mike Bishop,2007-2008,2007,0.04288,State,Upper
B001293,Mike Bishop,2009-2010,2009,0.028359,State,Upper
B001293,Mike Bishop,114,2015,1.755718,Federal,House
B001293,Mike Bishop,115,2017,1.321199,Federal,House
B001295,Mike Bost,1997-1998,1997,0.965549,State,Lower
B001295,Mike Bost,1999-2000,1999,0.779843,State,Lower
B001295,Mike Bost,2001-2002,2001,0.955546,State,Lower
B001295,Mike Bost,2003-2004,2003,0.434266,State,Lower
B001295,Mike Bost,2005-2006,2005,0.19127,State,Lower
B001295,Mike Bost,2007-2008,2007,0.510223,State,Lower
B001295,Mike Bost,2009-2010,2009,0.431881,State,Lower
B001295,Mike Bost,2011-2012,2011,0.682909,State,Lower
B001295,Mike Bost,2013-2014,2013,0.406199,State,Lower
B001295,Mike Bost,114,2015,0.582048,Federal,House
B001295,Mike Bost,115,2017,2.375662,Federal,House
B001295,Mike Bost,116,2019,0.749308,Federal,House
B001295,Mike Bost,117,2021,3.370697,Federal,House
B001295,Mike Bost,118,2023,2.26178,Federal,House
B001296,Brendan Boyle,2009-2010,2009,1.250726,State,Lower
B001296,Brendan Boyle,2011-2012,2011,0.202293,State,Lower
B001296,Brendan Boyle,2013-2014,2013,0.775202,State,Lower
B001296,Brendan Boyle,114,2015,0.109857,Federal,House
B001296,Brendan Boyle,115,2017,0.590978,Federal,House
B001296,Brendan Boyle,116,2019,0.341859,Federal,House
B001296,Brendan Boyle,117,2021,0.179115,Federal,House
B001296,Brendan Boyle,118,2023,1.261888,Federal,House
B001299,Jim Banks,2011-2012,2011,0.807558,State,Upper
B001299,Jim Banks,2013-2014,2013,2.647173,State,Upper
B001299,Jim Banks,2015-2016,2015,0.632163,State,Upper
B001299,Jim Banks,115,2017,1.153801,Federal,House
B001299,Jim Banks,116,2019,0.577121,Federal,House
B001299,Jim Banks,117,2021,0.83176,Federal,House
B001299,Jim Banks,118,2023,0.886563,Federal,House
B001302,Andy Biggs,2003-2004,2003,1.337013,State,Lower
B001302,Andy Biggs,2005-2006,2005,2.883659,State,Lower
B001302,Andy Biggs,2007-2008,2007,2.132262,State,Lower
B001302,Andy Biggs,2009-2010,2009,2.499778,State,Lower
B001302,Andy Biggs,2011-2012,2011,2.230823,State,Upper
B001302,Andy Biggs,2013-2014,2013,2.102122,State,Upper
B001302,Andy Biggs,2015-2016,2015,1.748004,State,Upper
B001302,Andy Biggs,115,2017,0.685091,Federal,House
B001302,Andy Biggs,116,2019,0.644698,Federal,House
B001302,Andy Biggs,117,2021,0.622189,Federal,House
B001302,Andy Biggs,118,2023,1.551464,Federal,House
B001304,Anthony Brown,1999-2002,1999,1.265483,State,Lower
B001304,Anthony Brown,2003-2006,2003,1.001538,State,Lower
B001304,Anthony Brown,115,2017,0.389447,Federal,House
B001304,Anthony Brown,116,2019,0.960729,Federal,House
B001304,Anthony Brown,117,2021,0.552597,Federal,House
B001306,Troy Balderson,2009-2010,2009,0.133853,State,Lower
B001306,Troy Balderson,2011-2012,2011,1.303318,State,Lower
B001306,Troy Balderson,2011-2012,2011,1.235097,State,Upper
B001306,Troy Balderson,2013-2014,2013,1.514353,State,Upper
B001306,Troy Balderson,2015-2016,2015,0.583931,State,Upper
B001306,Troy Balderson,2017-2018,2017,0.003851,State,Upper
B001306,Troy Balderson,116,2019,0.069581,Federal,House
B001306,Troy Balderson,117,2021,0.238593,Federal,House
B001306,Troy Balderson,118,2023,0.890944,Federal,House
B001307,Jim Baird,2011-2012,2011,1.061966,State,Lower
B001307,Jim Baird,2013-2014,2013,0.93622,State,Lower
B001307,Jim Baird,2015-2016,2015,0.341428,State,Lower
B001307,Jim Baird,2017-2018,2017,1.239792,State,Lower
B001307,Jim Baird,116,2019,0.039761,Federal,House
B001307,Jim Baird,117,2021,0.056563,Federal,House
B001307,Jim Baird,118,2023,0.86922,Federal,House
B001309,Tim Burchett,1995-1996,1995,0.401951,State,Lower
B001309,Tim Burchett,1997-1998,1997,1.338923,State,Lower
B001309,Tim Burchett,1999-2000,1999,0.832555,State,Upper
B001309,Tim Burchett,2001-2002,2001,0.878291,State,Upper
B001309,Tim Burchett,2003-2004,2003,1.35087,State,Upper
B001309,Tim Burchett,2005-2006,2005,2.003666,State,Upper
B001309,Tim Burchett,2007-2008,2007,2.583776,State,Upper
B001309,Tim Burchett,2009-2010,2009,1.795496,State,Upper
B001309,Tim Burchett,116,2019,0.449887,Federal,House
B001309,Tim Burchett,117,2021,0.386835,Federal,House
B001309,Tim Burchett,118,2023,0.878938,Federal,House
B001310,Mike Braun,2015-2016,2015,0.556677,State,Lower
B001310,Mike Braun,2017-2018,2017,0.508686,State,Lower
B001310,Mike Braun,116,2018,1.056413,Federal,Senate
B001310,Mike Braun,117,2020,1.404941,Federal,Senate
B001310,Mike Braun,118,2022,2.037399,Federal,Senate
B001311,Dan Bishop,2015-2016,2015,1.416924,State,Lower
B001311,Dan Bishop,2017-2018,2017,0.672937,State,Upper
B001311,Dan Bishop,116,2019,0.540376,Federal,House
B001311,Dan Bishop,2019-2020,2019,1.306662,State,Upper
B001311,Dan Bishop,117,2021,0.610666,Federal,House
B001311,Dan Bishop,118,2023,0.893786,Federal,House
B001314,Aaron Bean,2001-2002,2001,0.710731,State,Lower
B001314,Aaron Bean,2003-2004,2003,0.751899,State,Lower
B001314,Aaron Bean,2005-2006,2005,1.665782,State,Lower
B001314,Aaron Bean,2007-2008,2007,1.731006,State,Lower
B001314,Aaron Bean,2013-2014,2013,1.531569,State,Upper
B001314,Aaron Bean,2015-2016,2015,1.296216,State,Upper
B001314,Aaron Bean,2017-2018,2017,1.633089,State,Upper
B001314,Aaron Bean,2019-2020,2019,1.618587,State,Upper
B001314,Aaron Bean,2021-2022,2021,1.300511,State,Upper
B001314,Aaron Bean,118,2023,0.882802,Federal,House
B001316,Eric Burlison,2009-2010,2009,0.37579,State,Lower
B001316,Eric Burlison,2011-2012,2011,2.381483,State,Lower
B001316,Eric Burlison,2013-2014,2013,3.598807,State,Lower
B001316,Eric Burlison,2015-2016,2015,2.713661,State,Lower
B001316,Eric Burlison,2019-2020,2019,1.20426,State,Upper
B001316,Eric Burlison,2021-2022,2021,1.662345,State,Upper
B001316,Eric Burlison,118,2023,0.405037,Federal,House
B001317,Josh Brecheen,2011-2012,2011,1.42988,State,Upper
B001317,Josh Brecheen,2013-2014,2013,0.979177,State,Upper
B001317,Josh Brecheen,2015-2016,2015,0.614195,State,Upper
B001317,Josh Brecheen,2017-2018,2017,1.530446,State,Upper
B001317,Josh Brecheen,118,2023,0.949133,Federal,House
B001318,Becca Balint,2015-2016,2015,0.069984,State,Upper
B001318,Becca Balint,2017-2018,2017,0.041751,State,Upper
B001318,Becca Balint,2019-2020,2019,0.575319,State,Upper
B001318,Becca Balint,2021-2022,2021,0.341979,State,Upper
B001318,Becca Balint,118,2023,0.496401,Federal,House
B001321,Tom Barrett,2015-2016,2015,2.773021,State,Lower
B001321,Tom Barrett,2017-2018,2017,2.161386,State,Lower
B001321,Tom Barrett,2019-2020,2019,1.879372,State,Upper
B001321,Tom Barrett,2021-2022,2021,1.281233,State,Upper
B001322,Michael Baumgartner,2011-2012,2011,0.147266,State,Upper
B001322,Michael Baumgartner,2013-2014,2013,0.702281,State,Upper
B001322,Michael Baumgartner,2015-2016,2015,0.880484,State,Upper
B001322,Michael Baumgartner,2017-2018,2017,0.638558,State,Upper
B001326,Janelle Bynum,2017-2018,2017,0.766962,State,Lower
B001326,Janelle Bynum,2019-2020,2019,0.889875,State,Lower
B001326,Janelle Bynum,2021-2022,2021,1.990184,State,Lower
B001326,Janelle Bynum,2023-2024,2023,0.856872,State,Lower
C000052,Sonny Callahan,99,1985,0.068324,Federal,House
C000052,Sonny Callahan,100,1987,0.116405,Federal,House
C000052,Sonny Callahan,101,1989,0.10133,Federal,House
C000052,Sonny Callahan,102,1991,0.112052,Federal,House
C000052,Sonny Callahan,103,1993,0.047005,Federal,House
C000052,Sonny Callahan,104,1995,1.951882,Federal,House
C000052,Sonny Callahan,105,1997,2.14203,Federal,House
C000052,Sonny Callahan,106,1999,2.167572,Federal,House
C000052,Sonny Callahan,107,2001,1.981466,Federal,House
C000071,Dave Camp,102,1991,0.067912,Federal,House
C000071,Dave Camp,103,1993,0.125347,Federal,House
C000071,Dave Camp,104,1995,0.345514,Federal,House
C000071,Dave Camp,105,1997,1.535234,Federal,House
C000071,Dave Camp,106,1999,0.262159,Federal,House
C000071,Dave Camp,107,2001,0.921741,Federal,House
C000071,Dave Camp,108,2003,1.931446,Federal,House
C000071,Dave Camp,109,2005,0.644037,Federal,House
C000071,Dave Camp,110,2007,0.125336,Federal,House
C000071,Dave Camp,111,2009,0.097907,Federal,House
C000071,Dave Camp,112,2011,11.18284,Federal,House
C000071,Dave Camp,113,2013,7.917977,Federal,House
C000077,Ben Nighthorse Campbell,100,1987,1.157533,Federal,House
C000077,Ben Nighthorse Campbell,101,1989,0.924136,Federal,House
C000077,Ben Nighthorse Campbell,102,1991,2.022551,Federal,House
C000077,Ben Nighthorse Campbell,103,1992,0.684845,Federal,Senate
C000077,Ben Nighthorse Campbell,104,1994,0.546544,Federal,Senate
C000077,Ben Nighthorse Campbell,105,1996,3.993352,Federal,Senate
C000077,Ben Nighthorse Campbell,106,1998,4.731163,Federal,Senate
C000077,Ben Nighthorse Campbell,107,2000,4.650811,Federal,Senate
C000077,Ben Nighthorse Campbell,108,2002,4.118094,Federal,Senate
C000079,Carroll Campbell Jr.,96,1979,0.045329,Federal,House
C000079,Carroll Campbell Jr.,97,1981,0.445132,Federal,House
C000079,Carroll Campbell Jr.,98,1983,0.268568,Federal,House
C000079,Carroll Campbell Jr.,99,1985,0.138323,Federal,House
C000100,Tom Campbell,101,1989,0.388166,Federal,House
C000100,Tom Campbell,102,1991,0.580641,Federal,House
C000100,Tom Campbell,1993-1994,1993,0.924049,State,Upper
C000100,Tom Campbell,104,1995,0.114784,Federal,House
C000100,Tom Campbell,1995-1996,1995,0.94649,State,Upper
C000100,Tom Campbell,105,1997,1.029788,Federal,House
C000100,Tom Campbell,106,1999,2.069986,Federal,House
C000107,Charles Canady,103,1993,0.062673,Federal,House
C000107,Charles Canady,104,1995,3.572012,Federal,House
C000107,Charles Canady,105,1997,1.561872,Federal,House
C000107,Charles Canady,106,1999,2.119138,Federal,House
C000127,Maria Cantwell,1991-1992,1991,0.72935,State,Lower
C000127,Maria Cantwell,103,1993,0.237053,Federal,House
C000127,Maria Cantwell,107,2000,0.485449,Federal,Senate
C000127,Maria Cantwell,108,2002,0.645894,Federal,Senate
C000127,Maria Cantwell,109,2004,0.973016,Federal,Senate
C000127,Maria Cantwell,110,2006,0.913035,Federal,Senate
C000127,Maria Cantwell,111,2008,1.641469,Federal,Senate
C000127,Maria Cantwell,112,2010,0.97321,Federal,Senate
C000127,Maria Cantwell,113,2012,0.640829,Federal,Senate
C000127,Maria Cantwell,114,2014,1.25993,Federal,Senate
C000127,Maria Cantwell,115,2016,1.082403,Federal,Senate
C000127,Maria Cantwell,116,2018,1.08859,Federal,Senate
C000127,Maria Cantwell,117,2020,1.225056,Federal,Senate
C000127,Maria Cantwell,118,2022,1.663584,Federal,Senate
C000141,Ben Cardin,100,1987,0.48151,Federal,House
C000141,Ben Cardin,101,1989,0.25909,Federal,House
C000141,Ben Cardin,102,1991,0.820398,Federal,House
C000141,Ben Cardin,103,1993,0.219357,Federal,House
C000141,Ben Cardin,104,1995,0.402519,Federal,House
C000141,Ben Cardin,105,1997,0.180808,Federal,House
C000141,Ben Cardin,106,1999,0.300945,Federal,House
C000141,Ben Cardin,107,2001,0.36869,Federal,House
C000141,Ben Cardin,108,2003,0.215832,Federal,House
C000141,Ben Cardin,109,2005,0.23829,Federal,House
C000141,Ben Cardin,110,2006,1.045911,Federal,Senate
C000141,Ben Cardin,111,2008,1.18207,Federal,Senate
C000141,Ben Cardin,112,2010,0.962778,Federal,Senate
C000141,Ben Cardin,113,2012,1.573322,Federal,Senate
C000141,Ben Cardin,114,2014,2.032797,Federal,Senate
C000141,Ben Cardin,115,2016,1.419213,Federal,Senate
C000141,Ben Cardin,116,2018,1.516244,Federal,Senate
C000141,Ben Cardin,117,2020,1.477871,Federal,Senate
C000141,Ben Cardin,118,2022,0.636955,Federal,Senate
C000191,Julia Carson,105,1997,0.021697,Federal,House
C000191,Julia Carson,106,1999,0.110042,Federal,House
C000191,Julia Carson,107,2001,0.142117,Federal,House
C000191,Julia Carson,108,2003,0.183402,Federal,House
C000191,Julia Carson,109,2005,0.072889,Federal,House
C000191,Julia Carson,110,2007,0.23403,Federal,House
C000243,Michael N. Castle,103,1993,0.156684,Federal,House
C000243,Michael N. Castle,104,1995,2.995121,Federal,House
C000243,Michael N. Castle,105,1997,4.013665,Federal,House
C000243,Michael N. Castle,106,1999,2.252618,Federal,House
C000243,Michael N. Castle,107,2001,1.647343,Federal,House
C000243,Michael N. Castle,108,2003,4.720539,Federal,House
C000243,Michael N. Castle,109,2005,3.595807,Federal,House
C000243,Michael N. Castle,110,2007,1.286839,Federal,House
C000243,Michael N. Castle,111,2009,0.265747,Federal,House
C000261,John Cavanaugh,95,1977,0.336079,Federal,House
C000261,John Cavanaugh,96,1979,0.265498,Federal,House
C000293,Rod Chandler,98,1983,0.016372,Federal,House
C000293,Rod Chandler,99,1985,0.076846,Federal,House
C000293,Rod Chandler,100,1987,0.622373,Federal,House
C000293,Rod Chandler,101,1989,0.24668,Federal,House
C000293,Rod Chandler,102,1991,0.275042,Federal,House
C000321,Bill Chappell,93,1973,2.083651,Federal,House
C000321,Bill Chappell,94,1975,1.614993,Federal,House
C000321,Bill Chappell,95,1977,0.314188,Federal,House
C000321,Bill Chappell,96,1979,1.058302,Federal,House
C000321,Bill Chappell,97,1981,0.614715,Federal,House
C000321,Bill Chappell,98,1983,0.445145,Federal,House
C000321,Bill Chappell,99,1985,0.913645,Federal,House
C000321,Bill Chappell,100,1987,2.25135,Federal,House
C000322,Eugene Chappie,97,1981,0.688548,Federal,House
C000322,Eugene Chappie,98,1983,0.549177,Federal,House
C000322,Eugene Chappie,99,1985,0.055329,Federal,House
C000356,Lawton Chiles,93,1972,1.123005,Federal,Senate
C000356,Lawton Chiles,94,1974,1.251194,Federal,Senate
C000356,Lawton Chiles,95,1976,0.869385,Federal,Senate
C000356,Lawton Chiles,96,1978,0.621144,Federal,Senate
C000356,Lawton Chiles,97,1980,0.341057,Federal,Senate
C000356,Lawton Chiles,98,1982,0.298666,Federal,Senate
C000356,Lawton Chiles,99,1984,1.048771,Federal,Senate
C000356,Lawton Chiles,100,1986,1.326656,Federal,Senate
C000371,Shirley Chisholm,93,1973,0.01964,Federal,House
C000371,Shirley Chisholm,94,1975,0.077294,Federal,House
C000371,Shirley Chisholm,95,1977,0.099828,Federal,House
C000371,Shirley Chisholm,96,1979,0.036695,Federal,House
C000371,Shirley Chisholm,97,1981,0.061455,Federal,House
C000462,James McClure Clarke,98,1983,0.940093,Federal,House
C000462,James McClure Clarke,100,1987,0.544864,Federal,House
C000462,James McClure Clarke,101,1989,0.495241,Federal,House
C000512,James Cleveland,93,1973,0.23422,Federal,House
C000512,James Cleveland,94,1975,0.715009,Federal,House
C000512,James Cleveland,95,1977,0.056742,Federal,House
C000512,James Cleveland,96,1979,0.329118,Federal,House
C000556,Howard Coble,99,1985,0.061477,Federal,House
C000556,Howard Coble,100,1987,0.183112,Federal,House
C000556,Howard Coble,101,1989,0.057367,Federal,House
C000556,Howard Coble,102,1991,0.582907,Federal,House
C000556,Howard Coble,103,1993,0.156684,Federal,House
C000556,Howard Coble,104,1995,0.792682,Federal,House
C000556,Howard Coble,105,1997,10.604637,Federal,House
C000556,Howard Coble,106,1999,6.492959,Federal,House
C000556,Howard Coble,107,2001,5.577304,Federal,House
C000556,Howard Coble,108,2003,0.335922,Federal,House
C000556,Howard Coble,109,2005,0.675501,Federal,House
C000556,Howard Coble,110,2007,0.614147,Federal,House
C000556,Howard Coble,111,2009,0.04196,Federal,House
C000556,Howard Coble,112,2011,1.171456,Federal,House
C000556,Howard Coble,113,2013,2.659276,Federal,House
C000618,E. Thomas Coleman,95,1977,0.006305,Federal,House
C000618,E. Thomas Coleman,96,1979,0.032378,Federal,House
C000618,E. Thomas Coleman,97,1981,0.271774,Federal,House
C000618,E. Thomas Coleman,98,1983,0.154748,Federal,House
C000618,E. Thomas Coleman,99,1985,0.076846,Federal,House
C000618,E. Thomas Coleman,100,1987,1.421967,Federal,House
C000618,E. Thomas Coleman,101,1989,0.581292,Federal,House
C000618,E. Thomas Coleman,102,1991,0.139217,Federal,House
C000621,Ronald D. Coleman,98,1983,0.141105,Federal,House
C000621,Ronald D. Coleman,99,1985,0.339486,Federal,House
C000621,Ronald D. Coleman,100,1987,1.79909,Federal,House
C000621,Ronald D. Coleman,101,1989,0.76749,Federal,House
C000621,Ronald D. Coleman,102,1991,0.151896,Federal,House
C000621,Ronald D. Coleman,103,1993,0.457539,Federal,House
C000621,Ronald D. Coleman,104,1995,0.320836,Federal,House
C000633,Barbara-Rose Collins,102,1991,0.05433,Federal,House
C000633,Barbara-Rose Collins,103,1993,0.569322,Federal,House
C000633,Barbara-Rose Collins,104,1995,0.038261,Federal,House
C000640,Mac Collins,103,1993,0.062673,Federal,House
C000640,Mac Collins,104,1995,0.038261,Federal,House
C000640,Mac Collins,105,1997,0.857045,Federal,House
C000640,Mac Collins,106,1999,0.702522,Federal,House
C000640,Mac Collins,107,2001,0.362082,Federal,House
C000640,Mac Collins,108,2003,0.288883,Federal,House
C000666,Barber Conable,93,1973,0.17676,Federal,House
C000666,Barber Conable,94,1975,2.87174,Federal,House
C000666,Barber Conable,95,1977,1.78905,Federal,House
C000666,Barber Conable,96,1979,0.485667,Federal,House
C000666,Barber Conable,97,1981,3.286427,Federal,House
C000666,Barber Conable,98,1983,0.75386,Federal,House
C000670,Gary Condit,101,1989,0.295263,Federal,House
C000670,Gary Condit,102,1991,1.016407,Federal,House
C000670,Gary Condit,103,1993,1.022904,Federal,House
C000670,Gary Condit,104,1995,2.090427,Federal,House
C000670,Gary Condit,105,1997,1.821554,Federal,House
C000670,Gary Condit,106,1999,1.495208,Federal,House
C000670,Gary Condit,107,2001,0.358773,Federal,House
C000709,Silvio Conte,93,1973,1.456035,Federal,House
C000709,Silvio Conte,94,1975,0.729898,Federal,House
C000709,Silvio Conte,95,1977,1.46883,Federal,House
C000709,Silvio Conte,96,1979,0.472716,Federal,House
C000709,Silvio Conte,97,1981,0.402744,Federal,House
C000709,Silvio Conte,98,1983,0.940368,Federal,House
C000709,Silvio Conte,99,1985,1.361305,Federal,House
C000709,Silvio Conte,100,1987,0.502581,Federal,House
C000709,Silvio Conte,101,1989,3.254427,Federal,House
C000709,Silvio Conte,102,1991,0.766264,Federal,House
C000737,Wes Cooley,104,1995,2.004414,Federal,House
C000813,Paul Coverdell,103,1992,0.043021,Federal,Senate
C000813,Paul Coverdell,104,1994,0.224329,Federal,Senate
C000813,Paul Coverdell,105,1996,2.684686,Federal,Senate
C000813,Paul Coverdell,106,1998,0.875624,Federal,Senate
C000846,William Coyne,97,1981,0.024582,Federal,House
C000846,William Coyne,98,1983,0.182035,Federal,House
C000846,William Coyne,99,1985,0.163851,Federal,House
C000846,William Coyne,100,1987,0.201522,Federal,House
C000846,William Coyne,101,1989,0.345141,Federal,House
C000846,William Coyne,102,1991,0.367778,Federal,House
C000846,William Coyne,103,1993,0.339329,Federal,House
C000846,William Coyne,104,1995,0.076523,Federal,House
C000846,William Coyne,105,1997,0.108485,Federal,House
C000846,William Coyne,106,1999,0.123369,Federal,House
C000846,William Coyne,107,2001,0.299654,Federal,House
C000858,Larry Craig,97,1981,0.110619,Federal,House
C000858,Larry Craig,98,1983,0.127462,Federal,House
C000858,Larry Craig,99,1985,0.046108,Federal,House
C000858,Larry Craig,100,1987,0.298111,Federal,House
C000858,Larry Craig,101,1989,1.700851,Federal,House
C000858,Larry Craig,102,1990,0.559455,Federal,Senate
C000858,Larry Craig,103,1992,0.839604,Federal,Senate
C000858,Larry Craig,104,1994,1.102504,Federal,Senate
C000858,Larry Craig,105,1996,1.26334,Federal,Senate
C000858,Larry Craig,106,1998,1.828483,Federal,Senate
C000858,Larry Craig,107,2000,0.431487,Federal,Senate
C000858,Larry Craig,108,2002,1.613235,Federal,Senate
C000858,Larry Craig,109,2004,2.903519,Federal,Senate
C000858,Larry Craig,110,2006,0.420971,Federal,Senate
C000880,Mike Crapo,103,1993,0.278751,Federal,House
C000880,Mike Crapo,104,1995,1.071746,Federal,House
C000880,Mike Crapo,105,1997,0.925466,Federal,House
C000880,Mike Crapo,106,1998,0.307976,Federal,Senate
C000880,Mike Crapo,107,2000,0.701416,Federal,Senate
C000880,Mike Crapo,108,2002,0.642397,Federal,Senate
C000880,Mike Crapo,109,2004,0.945748,Federal,Senate
C000880,Mike Crapo,110,2006,0.221901,Federal,Senate
C000880,Mike Crapo,111,2008,0.241804,Federal,Senate
C000880,Mike Crapo,112,2010,0.175573,Federal,Senate
C000880,Mike Crapo,113,2012,0.615835,Federal,Senate
C000880,Mike Crapo,114,2014,0.388521,Federal,Senate
C000880,Mike Crapo,115,2016,1.398204,Federal,Senate
C000880,Mike Crapo,116,2018,0.265079,Federal,Senate
C000880,Mike Crapo,117,2020,0.305422,Federal,Senate
C000880,Mike Crapo,118,2022,0.310139,Federal,Senate
C000962,Barbara Cubin,104,1995,0.513619,Federal,House
C000962,Barbara Cubin,105,1997,2.651202,Federal,House
C000962,Barbara Cubin,106,1999,2.663934,Federal,House
C000962,Barbara Cubin,107,2001,1.297358,Federal,House
C000962,Barbara Cubin,108,2003,1.250991,Federal,House
C000962,Barbara Cubin,109,2005,1.591885,Federal,House
C000962,Barbara Cubin,110,2007,0.544735,Federal,House
C000984,Elijah Cummings,104,1995,0.0,Federal,House
C000984,Elijah Cummings,1995-1998,1995,0.437455,State,Lower
C000984,Elijah Cummings,105,1997,0.514943,Federal,House
C000984,Elijah Cummings,106,1999,1.649957,Federal,House
C000984,Elijah Cummings,107,2001,0.031214,Federal,House
C000984,Elijah Cummings,108,2003,0.293933,Federal,House
C000984,Elijah Cummings,109,2005,0.569717,Federal,House
C000984,Elijah Cummings,110,2007,0.98865,Federal,House
C000984,Elijah Cummings,111,2009,1.739485,Federal,House
C000984,Elijah Cummings,112,2011,0.442648,Federal,House
C000984,Elijah Cummings,113,2013,2.198918,Federal,House
C000984,Elijah Cummings,114,2015,1.244962,Federal,House
C000984,Elijah Cummings,115,2017,2.220573,Federal,House
C000984,Elijah Cummings,116,2019,3.022745,Federal,House
C001034,Max Cleland,105,1996,0.125029,Federal,Senate
C001034,Max Cleland,106,1998,0.511573,Federal,Senate
C001034,Max Cleland,107,2000,0.53848,Federal,Senate
C001038,Joseph Crowley,106,1999,0.169632,Federal,House
C001038,Joseph Crowley,107,2001,0.278169,Federal,House
C001038,Joseph Crowley,108,2003,0.177999,Federal,House
C001038,Joseph Crowley,109,2005,0.201005,Federal,House
C001038,Joseph Crowley,110,2007,0.310597,Federal,House
C001038,Joseph Crowley,111,2009,1.13518,Federal,House
C001038,Joseph Crowley,112,2011,0.281852,Federal,House
C001038,Joseph Crowley,113,2013,0.213241,Federal,House
C001038,Joseph Crowley,114,2015,0.655832,Federal,House
C001038,Joseph Crowley,115,2017,0.590449,Federal,House
C001045,Ander Crenshaw,107,2001,0.606624,Federal,House
C001045,Ander Crenshaw,108,2003,0.712294,Federal,House
C001045,Ander Crenshaw,109,2005,0.084102,Federal,House
C001045,Ander Crenshaw,110,2007,0.012534,Federal,House
C001045,Ander Crenshaw,111,2009,0.164343,Federal,House
C001045,Ander Crenshaw,112,2011,1.280738,Federal,House
C001045,Ander Crenshaw,113,2013,1.907377,Federal,House
C001045,Ander Crenshaw,114,2015,0.586585,Federal,House
C001046,Eric Cantor,1994-1995,1994,1.203123,State,Lower
C001046,Eric Cantor,1996-1997,1996,1.922487,State,Lower
C001046,Eric Cantor,1998-1999,1998,2.531264,State,Lower
C001046,Eric Cantor,2000-2001,2000,1.992302,State,Lower
C001046,Eric Cantor,107,2001,0.497917,Federal,House
C001046,Eric Cantor,108,2003,0.992908,Federal,House
C001046,Eric Cantor,109,2005,0.623459,Federal,House
C001046,Eric Cantor,110,2007,0.087735,Federal,House
C001046,Eric Cantor,111,2009,0.069933,Federal,House
C001046,Eric Cantor,112,2011,8.585738,Federal,House
C001046,Eric Cantor,113,2013,0.0,Federal,House
C001047,Shelley Moore Capito,1997-1998,1997,0.209024,State,Lower
C001047,Shelley Moore Capito,1999-2000,1999,0.205773,State,Lower
C001047,Shelley Moore Capito,107,2001,0.327559,Federal,House
C001047,Shelley Moore Capito,108,2003,0.541342,Federal,House
C001047,Shelley Moore Capito,109,2005,0.210256,Federal,House
C001047,Shelley Moore Capito,110,2007,0.380463,Federal,House
C001047,Shelley Moore Capito,111,2009,0.442518,Federal,House
C001047,Shelley Moore Capito,112,2011,0.982674,Federal,House
C001047,Shelley Moore Capito,113,2013,1.057961,Federal,House
C001047,Shelley Moore Capito,114,2014,0.261925,Federal,Senate
C001047,Shelley Moore Capito,115,2016,0.523104,Federal,Senate
C001047,Shelley Moore Capito,2017-2018,2017,0.232903,State,Lower
C001047,Shelley Moore Capito,116,2018,0.890127,Federal,Senate
C001047,Shelley Moore Capito,117,2020,0.319558,Federal,Senate
C001047,Shelley Moore Capito,118,2022,0.68243,Federal,Senate
C001048,John Culberson,1989-1990,1989,0.927452,State,Lower
C001048,John Culberson,1991-1992,1991,0.988921,State,Lower
C001048,John Culberson,1993-1994,1993,0.659241,State,Lower
C001048,John Culberson,1995-1996,1995,0.529842,State,Lower
C001048,John Culberson,1997-1998,1997,0.367697,State,Lower
C001048,John Culberson,1999-2000,1999,0.677239,State,Lower
C001048,John Culberson,107,2001,0.015607,Federal,House
C001048,John Culberson,108,2003,0.053128,Federal,House
C001048,John Culberson,109,2005,0.482065,Federal,House
C001048,John Culberson,110,2007,0.13787,Federal,House
C001048,John Culberson,111,2009,0.013987,Federal,House
C001048,John Culberson,112,2011,2.78283,Federal,House
C001048,John Culberson,113,2013,1.552134,Federal,House
C001048,John Culberson,114,2015,0.696442,Federal,House
C001048,John Culberson,115,2017,0.377939,Federal,House
C001049,Lacy Clay,1995-1996,1995,0.868119,State,Upper
C001049,Lacy Clay,1997-1998,1997,0.682549,State,Upper
C001049,Lacy Clay,1999-2000,1999,1.138722,State,Upper
C001049,Lacy Clay,107,2001,0.062428,Federal,House
C001049,Lacy Clay,108,2003,0.2859,Federal,House
C001049,Lacy Clay,109,2005,1.36805,Federal,House
C001049,Lacy Clay,110,2007,1.927944,Federal,House
C001049,Lacy Clay,111,2009,2.177965,Federal,House
C001049,Lacy Clay,112,2011,0.617121,Federal,House
C001049,Lacy Clay,113,2013,0.291858,Federal,House
C001049,Lacy Clay,114,2015,1.319659,Federal,House
C001049,Lacy Clay,115,2017,1.178201,Federal,House
C001049,Lacy Clay,116,2019,1.646186,Federal,House
C001050,Dennis Cardoza,1997-1998,1997,1.248369,State,Lower
C001050,Dennis Cardoza,1999-2000,1999,1.152905,State,Lower
C001050,Dennis Cardoza,2001-2002,2001,0.893779,State,Lower
C001050,Dennis Cardoza,108,2003,0.269512,Federal,House
C001050,Dennis Cardoza,109,2005,0.100923,Federal,House
C001050,Dennis Cardoza,110,2007,0.887145,Federal,House
C001050,Dennis Cardoza,111,2009,0.16784,Federal,House
C001050,Dennis Cardoza,112,2011,0.053684,Federal,House
C001053,Tom Cole,108,2003,0.849182,Federal,House
C001053,Tom Cole,109,2005,0.234188,Federal,House
C001053,Tom Cole,110,2007,0.317016,Federal,House
C001053,Tom Cole,111,2009,0.255478,Federal,House
C001053,Tom Cole,112,2011,2.887724,Federal,House
C001053,Tom Cole,113,2013,1.260778,Federal,House
C001053,Tom Cole,114,2015,0.859491,Federal,House
C001053,Tom Cole,115,2017,1.218547,Federal,House
C001053,Tom Cole,116,2019,0.348498,Federal,House
C001053,Tom Cole,117,2021,0.084844,Federal,House
C001053,Tom Cole,118,2023,4.425794,Federal,House
C001055,Ed Case,1999-2000,1999,0.578072,State,Lower
C001055,Ed Case,2001-2002,2001,0.653212,State,Lower
C001055,Ed Case,108,2003,1.185212,Federal,House
C001055,Ed Case,109,2005,0.346325,Federal,House
C001055,Ed Case,116,2019,0.629837,Federal,House
C001055,Ed Case,117,2021,0.638947,Federal,House
C001055,Ed Case,118,2023,0.463181,Federal,House
C001059,Jim Costa,1993-1994,1993,1.673766,State,Lower
C001059,Jim Costa,1995-1996,1995,1.391357,State,Upper
C001059,Jim Costa,1997-1998,1997,1.2919,State,Upper
C001059,Jim Costa,1999-2000,1999,1.290009,State,Upper
C001059,Jim Costa,2001-2002,2001,1.401318,State,Upper
C001059,Jim Costa,109,2005,0.084102,Federal,House
C001059,Jim Costa,110,2007,0.904621,Federal,House
C001059,Jim Costa,111,2009,0.241491,Federal,House
C001059,Jim Costa,112,2011,0.418746,Federal,House
C001059,Jim Costa,113,2013,0.239917,Federal,House
C001059,Jim Costa,114,2015,0.122529,Federal,House
C001059,Jim Costa,115,2017,0.049265,Federal,House
C001059,Jim Costa,116,2019,0.059641,Federal,House
C001059,Jim Costa,117,2021,0.976139,Federal,House
C001059,Jim Costa,118,2023,0.155766,Federal,House
C001060,Russ Carnahan,2001-2002,2001,0.810966,State,Lower
C001060,Russ Carnahan,2003-2004,2003,0.063561,State,Lower
C001060,Russ Carnahan,109,2005,0.776651,Federal,House
C001060,Russ Carnahan,110,2007,0.862849,Federal,House
C001060,Russ Carnahan,111,2009,0.458195,Federal,House
C001060,Russ Carnahan,112,2011,0.348946,Federal,House
C001063,Henry Cuellar,1989-1990,1989,2.623737,State,Lower
C001063,Henry Cuellar,1991-1992,1991,3.505695,State,Lower
C001063,Henry Cuellar,1993-1994,1993,1.762536,State,Lower
C001063,Henry Cuellar,1995-1996,1995,1.795407,State,Lower
C001063,Henry Cuellar,1997-1998,1997,1.758403,State,Lower
C001063,Henry Cuellar,1999-2000,1999,2.414582,State,Lower
C001063,Henry Cuellar,109,2005,0.002803,Federal,House
C001063,Henry Cuellar,110,2007,0.624328,Federal,House
C001063,Henry Cuellar,111,2009,1.998642,Federal,House
C001063,Henry Cuellar,112,2011,1.537192,Federal,House
C001063,Henry Cuellar,113,2013,0.391841,Federal,House
C001063,Henry Cuellar,114,2015,1.093207,Federal,House
C001063,Henry Cuellar,115,2017,0.931929,Federal,House
C001063,Henry Cuellar,116,2019,1.249012,Federal,House
C001063,Henry Cuellar,117,2021,0.189569,Federal,House
C001063,Henry Cuellar,118,2023,0.362535,Federal,House
C001064,John Campbell,2001-2002,2001,0.582875,State,Lower
C001064,John Campbell,2003-2004,2003,0.561584,State,Lower
C001064,John Campbell,109,2005,0.042051,Federal,House
C001064,John Campbell,2005-2006,2005,0.422441,State,Upper
C001064,John Campbell,110,2007,0.319259,Federal,House
C001064,John Campbell,111,2009,0.83416,Federal,House
C001064,John Campbell,112,2011,0.60586,Federal,House
C001064,John Campbell,113,2013,0.9821,Federal,House
C001068,Steve Cohen,1995-1996,1995,1.310594,State,Upper
C001068,Steve Cohen,1997-1998,1997,0.945985,State,Upper
C001068,Steve Cohen,1999-2000,1999,1.543515,State,Upper
C001068,Steve Cohen,2001-2002,2001,1.076456,State,Upper
C001068,Steve Cohen,2003-2004,2003,1.023899,State,Upper
C001068,Steve Cohen,2005-2006,2005,1.134356,State,Upper
C001068,Steve Cohen,110,2007,0.605283,Federal,House
C001068,Steve Cohen,111,2009,2.390722,Federal,House
C001068,Steve Cohen,112,2011,1.452953,Federal,House
C001068,Steve Cohen,113,2013,0.533103,Federal,House
C001068,Steve Cohen,114,2015,1.068364,Federal,House
C001068,Steve Cohen,115,2017,1.11738,Federal,House
C001068,Steve Cohen,116,2019,1.298998,Federal,House
C001068,Steve Cohen,117,2021,1.921663,Federal,House
C001068,Steve Cohen,118,2023,1.758507,Federal,House
C001069,Joe Courtney,110,2007,0.767055,Federal,House
C001069,Joe Courtney,111,2009,0.181827,Federal,House
C001069,Joe Courtney,112,2011,0.297946,Federal,House
C001069,Joe Courtney,113,2013,0.124898,Federal,House
C001069,Joe Courtney,114,2015,0.109857,Federal,House
C001069,Joe Courtney,115,2017,0.123162,Federal,House
C001069,Joe Courtney,116,2019,2.663268,Federal,House
C001069,Joe Courtney,117,2021,1.054232,Federal,House
C001069,Joe Courtney,118,2023,0.255784,Federal,House
C001073,Donald Cazayoux,2000-2003,2000,0.991592,State,Lower
C001073,Donald Cazayoux,2004-2007,2004,1.638337,State,Lower
C001073,Donald Cazayoux,110,2007,0.752069,Federal,House
C001073,Donald Cazayoux,2008-2011,2008,0.018268,State,Lower
C001075,Bill Cassidy,2004-2007,2004,0.151013,State,Upper
C001075,Bill Cassidy,2008-2011,2008,0.402012,State,Upper
C001075,Bill Cassidy,111,2009,0.08392,Federal,House
C001075,Bill Cassidy,112,2011,0.389956,Federal,House
C001075,Bill Cassidy,113,2013,2.165198,Federal,House
C001075,Bill Cassidy,114,2014,0.689606,Federal,Senate
C001075,Bill Cassidy,115,2016,1.296044,Federal,Senate
C001075,Bill Cassidy,116,2018,1.084002,Federal,Senate
C001075,Bill Cassidy,117,2020,0.730609,Federal,Senate
C001075,Bill Cassidy,118,2022,0.623188,Federal,Senate
C001077,Mike Coffman,111,2009,0.460222,Federal,House
C001077,Mike Coffman,112,2011,0.898472,Federal,House
C001077,Mike Coffman,113,2013,4.367919,Federal,House
C001077,Mike Coffman,114,2015,1.050824,Federal,House
C001077,Mike Coffman,115,2017,1.966274,Federal,House
C001080,Judy Chu,2001-2002,2001,0.931637,State,Lower
C001080,Judy Chu,2003-2004,2003,1.158901,State,Lower
C001080,Judy Chu,2005-2006,2005,1.49014,State,Lower
C001080,Judy Chu,111,2009,0.111893,Federal,House
C001080,Judy Chu,112,2011,0.093947,Federal,House
C001080,Judy Chu,113,2013,0.137084,Federal,House
C001080,Judy Chu,114,2015,0.341994,Federal,House
C001080,Judy Chu,115,2017,0.7356,Federal,House
C001080,Judy Chu,116,2019,1.731267,Federal,House
C001080,Judy Chu,117,2021,2.107978,Federal,House
C001080,Judy Chu,118,2023,0.400546,Federal,House
C001084,David Cicilline,112,2011,0.375543,Federal,House
C001084,David Cicilline,113,2013,0.647688,Federal,House
C001084,David Cicilline,114,2015,1.3681,Federal,House
C001084,David Cicilline,115,2017,1.141227,Federal,House
C001084,David Cicilline,116,2019,3.157809,Federal,House
C001084,David Cicilline,117,2021,3.138148,Federal,House
C001084,David Cicilline,118,2023,0.019038,Federal,House
C001085,Hansen Clarke,1999-2000,1999,0.019807,State,Lower
C001085,Hansen Clarke,2001-2002,2001,0.110157,State,Lower
C001085,Hansen Clarke,2003-2004,2003,0.307273,State,Upper
C001085,Hansen Clarke,2005-2006,2005,0.547327,State,Upper
C001085,Hansen Clarke,2007-2008,2007,0.578355,State,Upper
C001085,Hansen Clarke,2009-2010,2009,0.453736,State,Upper
C001085,Hansen Clarke,112,2011,0.348946,Federal,House
C001091,Joaquin Castro,2003-2004,2003,0.398734,State,Lower
C001091,Joaquin Castro,2005-2006,2005,0.389075,State,Lower
C001091,Joaquin Castro,2007-2008,2007,0.473235,State,Lower
C001091,Joaquin Castro,2009-2010,2009,1.097152,State,Lower
C001091,Joaquin Castro,2011-2012,2011,1.184923,State,Lower
C001091,Joaquin Castro,113,2013,0.121852,Federal,House
C001091,Joaquin Castro,114,2015,0.732041,Federal,House
C001091,Joaquin Castro,115,2017,0.637071,Federal,House
C001091,Joaquin Castro,116,2019,1.187753,Federal,House
C001091,Joaquin Castro,117,2021,1.252929,Federal,House
C001091,Joaquin Castro,118,2023,0.600245,Federal,House
C001093,Doug Collins,2007-2008,2007,1.036928,State,Lower
C001093,Doug Collins,2009-2010,2009,1.495952,State,Lower
C001093,Doug Collins,2011-2012,2011,1.746081,State,Lower
C001093,Doug Collins,113,2013,0.744625,Federal,House
C001093,Doug Collins,114,2015,2.227501,Federal,House
C001093,Doug Collins,115,2017,1.756103,Federal,House
C001093,Doug Collins,116,2019,1.318593,Federal,House
C001094,Paul Cook,2007-2008,2007,0.844664,State,Lower
C001094,Paul Cook,2009-2010,2009,1.281913,State,Lower
C001094,Paul Cook,2011-2012,2011,1.106071,State,Lower
C001094,Paul Cook,113,2013,1.101775,Federal,House
C001094,Paul Cook,114,2015,1.1443,Federal,House
C001094,Paul Cook,115,2017,1.994635,Federal,House
C001094,Paul Cook,116,2019,0.447899,Federal,House
C001097,Tony Cardenas,1997-1998,1997,1.337969,State,Lower
C001097,Tony Cardenas,1999-2000,1999,1.238557,State,Lower
C001097,Tony Cardenas,2001-2002,2001,0.890632,State,Lower
C001097,Tony Cardenas,113,2013,0.261982,Federal,House
C001097,Tony Cardenas,114,2015,0.249926,Federal,House
C001097,Tony Cardenas,115,2017,0.353539,Federal,House
C001097,Tony Cardenas,116,2019,1.336906,Federal,House
C001097,Tony Cardenas,117,2021,2.394905,Federal,House
C001097,Tony Cardenas,118,2023,0.147112,Federal,House
C001101,Katherine Clark,2009-2010,2009,0.576682,State,Lower
C001101,Katherine Clark,2011-2012,2011,1.70653,State,Upper
C001101,Katherine Clark,113,2013,0.045695,Federal,House
C001101,Katherine Clark,2013-2014,2013,0.570124,State,Upper
C001101,Katherine Clark,114,2015,0.869362,Federal,House
C001101,Katherine Clark,115,2017,0.59202,Federal,House
C001101,Katherine Clark,116,2019,0.159042,Federal,House
C001101,Katherine Clark,117,2021,0.103698,Federal,House
C001101,Katherine Clark,118,2023,0.051922,Federal,House
C001103,Buddy Carter,2005-2006,2005,1.223769,State,Lower
C001103,Buddy Carter,2007-2008,2007,2.341663,State,Lower
C001103,Buddy Carter,2009-2010,2009,0.717674,State,Lower
C001103,Buddy Carter,2009-2010,2009,0.802089,State,Upper
C001103,Buddy Carter,2011-2012,2011,3.690157,State,Upper
C001103,Buddy Carter,2013-2014,2013,2.747705,State,Upper
C001103,Buddy Carter,114,2015,1.833045,Federal,House
C001103,Buddy Carter,115,2017,2.450134,Federal,House
C001103,Buddy Carter,116,2019,1.999534,Federal,House
C001103,Buddy Carter,117,2021,1.087205,Federal,House
C001103,Buddy Carter,118,2023,3.527372,Federal,House
C001105,Barbara Comstock,2010-2011,2010,0.669488,State,Lower
C001105,Barbara Comstock,2012-2013,2012,1.503929,State,Lower
C001105,Barbara Comstock,2014-2015,2014,0.588397,State,Lower
C001105,Barbara Comstock,114,2015,0.582048,Federal,House
C001105,Barbara Comstock,115,2017,3.706298,Federal,House
C001108,James Comer,2001-2002,2001,0.96098,State,Lower
C001108,James Comer,2003-2004,2003,0.442699,State,Lower
C001108,James Comer,2005-2006,2005,0.309207,State,Lower
C001108,James Comer,2007-2008,2007,0.050487,State,Lower
C001108,James Comer,2009-2010,2009,0.047902,State,Lower
C001108,James Comer,2011-2012,2011,0.064255,State,Lower
C001108,James Comer,115,2017,0.561076,Federal,House
C001108,James Comer,116,2019,0.267071,Federal,House
C001108,James Comer,117,2021,0.91015,Federal,House
C001108,James Comer,118,2023,3.969025,Federal,House
C001110,Lou Correa,1999-2000,1999,1.275351,State,Lower
C001110,Lou Correa,2001-2002,2001,1.596361,State,Lower
C001110,Lou Correa,2003-2004,2003,1.366999,State,Lower
C001110,Lou Correa,2007-2008,2007,1.21857,State,Upper
C001110,Lou Correa,2009-2010,2009,1.177113,State,Upper
C001110,Lou Correa,2011-2012,2011,1.273244,State,Upper
C001110,Lou Correa,2013-2014,2013,1.435429,State,Upper
C001110,Lou Correa,115,2017,1.259618,Federal,House
C001110,Lou Correa,116,2019,1.218954,Federal,House
C001110,Lou Correa,117,2021,0.767497,Federal,House
C001110,Lou Correa,118,2023,0.708363,Federal,House
C001111,Charlie Crist,115,2017,0.172426,Federal,House
C001111,Charlie Crist,116,2019,1.231241,Federal,House
C001111,Charlie Crist,117,2021,0.30458,Federal,House
C001118,Ben Cline,2002-2003,2002,0.609158,State,Lower
C001118,Ben Cline,2004-2005,2004,0.73289,State,Lower
C001118,Ben Cline,2006-2007,2006,1.261584,State,Lower
C001118,Ben Cline,2008-2009,2008,1.182808,State,Lower
C001118,Ben Cline,2010-2011,2010,1.869202,State,Lower
C001118,Ben Cline,2012-2013,2012,1.980274,State,Lower
C001118,Ben Cline,2014-2015,2014,1.714889,State,Lower
C001118,Ben Cline,2016-2017,2016,1.256658,State,Lower
C001118,Ben Cline,2018-2019,2018,0.913381,State,Lower
C001118,Ben Cline,116,2019,0.859644,Federal,House
C001118,Ben Cline,117,2021,0.075417,Federal,House
C001118,Ben Cline,118,2023,0.802422,Federal,House
C001125,Troy Carter,2016-2019,2016,1.475673,State,Upper
C001125,Troy Carter,2020-2023,2020,0.633799,State,Upper
C001125,Troy Carter,117,2021,0.154605,Federal,House
C001125,Troy Carter,118,2023,0.639498,Federal,House
C001128,Connie Conway,2009-2010,2009,0.637115,State,Lower
C001128,Connie Conway,2011-2012,2011,0.11139,State,Lower
C001128,Connie Conway,2013-2014,2013,0.504142,State,Lower
C001128,Connie Conway,117,2021,0.009427,Federal,House
C001130,Jasmine Crockett,2021-2022,2021,0.825832,State,Lower
C001130,Jasmine Crockett,118,2023,0.240207,Federal,House
C001134,Yadira Caraveo,2019-2020,2019,0.869432,State,Lower
C001134,Yadira Caraveo,2021-2022,2021,0.49962,State,Lower
C001134,Yadira Caraveo,118,2023,0.572143,Federal,House
C001136,Herb Conaway,1998-1999,1998,0.209816,State,Lower
C001136,Herb Conaway,2000-2001,2000,0.408758,State,Lower
C001136,Herb Conaway,2002-2003,2002,1.436045,State,Lower
C001136,Herb Conaway,2004-2005,2004,1.185372,State,Lower
C001136,Herb Conaway,2006-2007,2006,2.294631,State,Lower
C001136,Herb Conaway,2008-2009,2008,2.264762,State,Lower
C001136,Herb Conaway,2010-2011,2010,2.412885,State,Lower
C001136,Herb Conaway,2012-2013,2012,2.80249,State,Lower
C001136,Herb Conaway,2014-2015,2014,1.900961,State,Lower
C001136,Herb Conaway,2016-2017,2016,2.097616,State,Lower
C001136,Herb Conaway,2018-2019,2018,1.980588,State,Lower
C001136,Herb Conaway,2020-2021,2020,1.973832,State,Lower
C001136,Herb Conaway,2022-2023,2022,3.008947,State,Lower
C001136,Herb Conaway,2024-2025,2024,1.406413,State,Lower
D000032,Byron Donalds,2017-2018,2017,1.185513,State,Lower
D000032,Byron Donalds,2019-2020,2019,0.909803,State,Lower
D000032,Byron Donalds,117,2021,0.409522,Federal,House
D000032,Byron Donalds,118,2023,2.636724,Federal,House
D000038,"W.C. ""Dan"" Daniel",93,1973,0.038246,Federal,House
D000038,"W.C. ""Dan"" Daniel",94,1975,0.05847,Federal,House
D000038,"W.C. ""Dan"" Daniel",95,1977,0.036567,Federal,House
D000038,"W.C. ""Dan"" Daniel",96,1979,0.475569,Federal,House
D000038,"W.C. ""Dan"" Daniel",97,1981,0.190653,Federal,House
D000038,"W.C. ""Dan"" Daniel",98,1983,0.043658,Federal,House
D000038,"W.C. ""Dan"" Daniel",99,1985,0.311822,Federal,House
D000038,"W.C. ""Dan"" Daniel",100,1987,0.701318,Federal,House
D000043,George Danielson,93,1973,1.605674,Federal,House
D000043,George Danielson,94,1975,2.069527,Federal,House
D000043,George Danielson,95,1977,2.512514,Federal,House
D000043,George Danielson,96,1979,3.298267,Federal,House
D000043,George Danielson,97,1981,6.477122,Federal,House
D000044,William Dannemeyer,96,1979,0.151096,Federal,House
D000044,William Dannemeyer,97,1981,0.12291,Federal,House
D000044,William Dannemeyer,98,1983,0.180088,Federal,House
D000044,William Dannemeyer,99,1985,0.4977,Federal,House
D000044,William Dannemeyer,100,1987,0.637054,Federal,House
D000044,William Dannemeyer,101,1989,0.161565,Federal,House
D000044,William Dannemeyer,102,1991,0.2635,Federal,House
D000046,Pat Danner,103,1993,0.96089,Federal,House
D000046,Pat Danner,104,1995,1.272047,Federal,House
D000046,Pat Danner,105,1997,0.036162,Federal,House
D000046,Pat Danner,106,1999,0.046263,Federal,House
D000051,Buddy Darden,98,1983,0.030421,Federal,House
D000051,Buddy Darden,99,1985,0.321123,Federal,House
D000051,Buddy Darden,100,1987,0.711621,Federal,House
D000051,Buddy Darden,101,1989,0.231343,Federal,House
D000051,Buddy Darden,102,1991,0.363321,Federal,House
D000051,Buddy Darden,103,1993,0.156684,Federal,House
D000106,Jack Davis,100,1987,0.062007,Federal,House
D000114,James Davis,105,1997,0.054242,Federal,House
D000114,James Davis,106,1999,0.577307,Federal,House
D000114,James Davis,107,2001,0.0,Federal,House
D000114,James Davis,108,2003,0.210921,Federal,House
D000114,James Davis,109,2005,0.663849,Federal,House
D000131,Bob Davis,96,1979,0.110084,Federal,House
D000131,Bob Davis,97,1981,0.217008,Federal,House
D000131,Bob Davis,98,1983,0.46892,Federal,House
D000131,Bob Davis,99,1985,0.681698,Federal,House
D000131,Bob Davis,100,1987,1.183671,Federal,House
D000131,Bob Davis,101,1989,0.764801,Federal,House
D000131,Bob Davis,102,1991,1.542896,Federal,House
D000168,Nathan Deal,103,1993,0.30941,Federal,House
D000168,Nathan Deal,104,1995,0.432496,Federal,House
D000168,Nathan Deal,105,1997,0.072323,Federal,House
D000168,Nathan Deal,106,1999,1.200878,Federal,House
D000168,Nathan Deal,107,2001,0.124856,Federal,House
D000168,Nathan Deal,108,2003,0.099615,Federal,House
D000168,Nathan Deal,109,2005,2.029433,Federal,House
D000168,Nathan Deal,110,2007,0.482775,Federal,House
D000168,Nathan Deal,111,2009,0.139867,Federal,House
D000183,Joel Deckard,96,1979,0.034536,Federal,House
D000183,Joel Deckard,97,1981,0.014749,Federal,House
D000197,Diana DeGette,105,1997,0.126565,Federal,House
D000197,Diana DeGette,106,1999,0.262159,Federal,House
D000197,Diana DeGette,107,2001,0.187284,Federal,House
D000197,Diana DeGette,108,2003,0.13282,Federal,House
D000197,Diana DeGette,109,2005,0.112137,Federal,House
D000197,Diana DeGette,110,2007,1.369781,Federal,House
D000197,Diana DeGette,111,2009,1.443129,Federal,House
D000197,Diana DeGette,112,2011,0.177157,Federal,House
D000197,Diana DeGette,113,2013,0.182778,Federal,House
D000197,Diana DeGette,114,2015,0.12359,Federal,House
D000197,Diana DeGette,115,2017,0.844821,Federal,House
D000197,Diana DeGette,116,2019,0.771702,Federal,House
D000197,Diana DeGette,117,2021,0.483378,Federal,House
D000197,Diana DeGette,118,2023,0.211478,Federal,House
D000203,Kika de la Garza,93,1973,0.18813,Federal,House
D000203,Kika de la Garza,94,1975,0.541876,Federal,House
D000203,Kika de la Garza,95,1977,2.017545,Federal,House
D000203,Kika de la Garza,96,1979,4.035125,Federal,House
D000203,Kika de la Garza,97,1981,6.158191,Federal,House
D000203,Kika de la Garza,98,1983,4.443217,Federal,House
D000203,Kika de la Garza,99,1985,5.728364,Federal,House
D000203,Kika de la Garza,100,1987,6.53269,Federal,House
D000203,Kika de la Garza,101,1989,4.481686,Federal,House
D000203,Kika de la Garza,102,1991,6.370296,Federal,House
D000203,Kika de la Garza,103,1993,8.332636,Federal,House
D000203,Kika de la Garza,104,1995,0.114784,Federal,House
D000210,Bill Delahunt,105,1997,1.018614,Federal,House
D000210,Bill Delahunt,106,1999,0.149818,Federal,House
D000210,Bill Delahunt,107,2001,0.200134,Federal,House
D000210,Bill Delahunt,108,2003,0.06641,Federal,House
D000210,Bill Delahunt,109,2005,0.542786,Federal,House
D000210,Bill Delahunt,110,2007,1.384086,Federal,House
D000210,Bill Delahunt,111,2009,1.365856,Federal,House
D000217,Tom DeLay,99,1985,0.061477,Federal,House
D000217,Tom DeLay,100,1987,0.09301,Federal,House
D000217,Tom DeLay,101,1989,0.028684,Federal,House
D000217,Tom DeLay,102,1991,0.027165,Federal,House
D000217,Tom DeLay,103,1993,0.18802,Federal,House
D000217,Tom DeLay,104,1995,1.818128,Federal,House
D000217,Tom DeLay,105,1997,0.841846,Federal,House
D000217,Tom DeLay,106,1999,0.365159,Federal,House
D000217,Tom DeLay,107,2001,0.637838,Federal,House
D000217,Tom DeLay,108,2003,4.801805,Federal,House
D000217,Tom DeLay,109,2005,1.997647,Federal,House
D000230,Don Davis,2009-2010,2009,1.739322,State,Upper
D000230,Don Davis,2013-2014,2013,0.238617,State,Upper
D000230,Don Davis,2015-2016,2015,0.599047,State,Upper
D000230,Don Davis,2017-2018,2017,1.798061,State,Upper
D000230,Don Davis,2019-2020,2019,2.392498,State,Upper
D000230,Don Davis,2021-2022,2021,0.430202,State,Upper
D000230,Don Davis,118,2023,0.749564,Federal,House
D000231,Lawrence J. DeNardis,97,1981,0.024582,Federal,House
D000267,Butler Derrick,94,1975,0.308508,Federal,House
D000267,Butler Derrick,95,1977,0.152574,Federal,House
D000267,Butler Derrick,96,1979,0.075548,Federal,House
D000267,Butler Derrick,97,1981,0.153094,Federal,House
D000267,Butler Derrick,98,1983,0.157477,Federal,House
D000267,Butler Derrick,99,1985,1.038477,Federal,House
D000267,Butler Derrick,100,1987,0.628573,Federal,House
D000267,Butler Derrick,101,1989,0.392976,Federal,House
D000267,Butler Derrick,102,1991,0.125635,Federal,House
D000267,Butler Derrick,103,1993,1.095571,Federal,House
D000269,Edward Derwinski,93,1973,0.08993,Federal,House
D000269,Edward Derwinski,94,1975,0.12038,Federal,House
D000269,Edward Derwinski,95,1977,0.103397,Federal,House
D000269,Edward Derwinski,96,1979,0.082024,Federal,House
D000269,Edward Derwinski,97,1981,0.775777,Federal,House
D000275,Peter Deutsch,103,1993,0.142029,Federal,House
D000275,Peter Deutsch,104,1995,0.191694,Federal,House
D000275,Peter Deutsch,105,1997,0.490646,Federal,House
D000275,Peter Deutsch,106,1999,0.349738,Federal,House
D000275,Peter Deutsch,107,2001,0.124856,Federal,House
D000275,Peter Deutsch,108,2003,0.149422,Federal,House
D000294,Mike DeWine,98,1983,0.0,Federal,House
D000294,Mike DeWine,99,1985,0.07471,Federal,House
D000294,Mike DeWine,100,1987,0.068208,Federal,House
D000294,Mike DeWine,101,1989,0.028684,Federal,House
D000294,Mike DeWine,104,1994,0.183372,Federal,Senate
D000294,Mike DeWine,105,1996,1.405921,Federal,Senate
D000294,Mike DeWine,106,1998,1.95411,Federal,Senate
D000294,Mike DeWine,107,2000,0.411522,Federal,Senate
D000294,Mike DeWine,108,2002,2.416116,Federal,Senate
D000294,Mike DeWine,109,2004,1.819195,Federal,Senate
D000299,Lincoln Diaz-Balart,103,1993,0.09401,Federal,House
D000299,Lincoln Diaz-Balart,104,1995,0.095654,Federal,House
D000299,Lincoln Diaz-Balart,105,1997,0.457085,Federal,House
D000299,Lincoln Diaz-Balart,106,1999,0.077106,Federal,House
D000299,Lincoln Diaz-Balart,107,2001,0.046821,Federal,House
D000299,Lincoln Diaz-Balart,108,2003,0.033205,Federal,House
D000299,Lincoln Diaz-Balart,109,2005,0.147627,Federal,House
D000299,Lincoln Diaz-Balart,110,2007,0.017547,Federal,House
D000299,Lincoln Diaz-Balart,111,2009,0.3791,Federal,House
D000366,Alan J. Dixon,97,1980,0.154263,Federal,Senate
D000366,Alan J. Dixon,98,1982,0.143363,Federal,Senate
D000366,Alan J. Dixon,99,1984,0.58302,Federal,Senate
D000366,Alan J. Dixon,100,1986,0.248286,Federal,Senate
D000366,Alan J. Dixon,101,1988,0.53767,Federal,Senate
D000366,Alan J. Dixon,102,1990,0.210088,Federal,Senate
D000373,Julian Dixon,96,1979,0.890699,Federal,House
D000373,Julian Dixon,97,1981,2.187148,Federal,House
D000373,Julian Dixon,98,1983,1.437366,Federal,House
D000373,Julian Dixon,99,1985,1.176588,Federal,House
D000373,Julian Dixon,100,1987,1.452078,Federal,House
D000373,Julian Dixon,101,1989,2.916333,Federal,House
D000373,Julian Dixon,102,1991,2.682116,Federal,House
D000373,Julian Dixon,103,1993,2.128468,Federal,House
D000373,Julian Dixon,104,1995,0.019131,Federal,House
D000373,Julian Dixon,105,1997,0.0,Federal,House
D000373,Julian Dixon,106,1999,0.0,Federal,House
D000399,Lloyd Doggett,104,1995,0.0,Federal,House
D000399,Lloyd Doggett,105,1997,0.16374,Federal,House
D000399,Lloyd Doggett,106,1999,0.184064,Federal,House
D000399,Lloyd Doggett,107,2001,0.389987,Federal,House
D000399,Lloyd Doggett,108,2003,0.169345,Federal,House
D000399,Lloyd Doggett,109,2005,0.729908,Federal,House
D000399,Lloyd Doggett,110,2007,0.879455,Federal,House
D000399,Lloyd Doggett,111,2009,1.413029,Federal,House
D000399,Lloyd Doggett,112,2011,0.965619,Federal,House
D000399,Lloyd Doggett,113,2013,0.528925,Federal,House
D000399,Lloyd Doggett,114,2015,1.049764,Federal,House
D000399,Lloyd Doggett,115,2017,0.221691,Federal,House
D000399,Lloyd Doggett,116,2019,1.233229,Federal,House
D000399,Lloyd Doggett,117,2021,2.136411,Federal,House
D000399,Lloyd Doggett,118,2023,0.299052,Federal,House
D000401,Bob Dole,93,1972,0.843063,Federal,Senate
D000401,Bob Dole,94,1974,1.651513,Federal,Senate
D000401,Bob Dole,95,1976,1.523125,Federal,Senate
D000401,Bob Dole,96,1978,0.74387,Federal,Senate
D000401,Bob Dole,97,1980,2.271739,Federal,Senate
D000401,Bob Dole,98,1982,1.761215,Federal,Senate
D000401,Bob Dole,99,1984,2.435919,Federal,Senate
D000401,Bob Dole,100,1986,1.262066,Federal,Senate
D000401,Bob Dole,101,1988,1.31368,Federal,Senate
D000401,Bob Dole,102,1990,0.778107,Federal,Senate
D000401,Bob Dole,103,1992,0.399353,Federal,Senate
D000401,Bob Dole,104,1994,4.866227,Federal,Senate
D000416,Brian Donnelly,96,1979,1.024527,Federal,House
D000416,Brian Donnelly,97,1981,0.55456,Federal,House
D000416,Brian Donnelly,98,1983,0.346435,Federal,House
D000416,Brian Donnelly,99,1985,0.202873,Federal,House
D000416,Brian Donnelly,100,1987,0.588257,Federal,House
D000416,Brian Donnelly,101,1989,2.698815,Federal,House
D000416,Brian Donnelly,102,1991,0.790502,Federal,House
D000429,John Doolittle,102,1991,0.655202,Federal,House
D000429,John Doolittle,103,1993,0.59479,Federal,House
D000429,John Doolittle,104,1995,1.332594,Federal,House
D000429,John Doolittle,105,1997,3.92565,Federal,House
D000429,John Doolittle,106,1999,2.607989,Federal,House
D000429,John Doolittle,107,2001,1.128295,Federal,House
D000429,John Doolittle,108,2003,1.966156,Federal,House
D000429,John Doolittle,109,2005,1.828696,Federal,House
D000429,John Doolittle,110,2007,0.317795,Federal,House
D000446,Charles Dougherty,96,1979,0.032378,Federal,House
D000446,Charles Dougherty,97,1981,0.049164,Federal,House
D000537,Robert Duncan,94,1975,0.09793,Federal,House
D000537,Robert Duncan,95,1977,0.837332,Federal,House
D000537,Robert Duncan,96,1979,1.905004,Federal,House
D000586,Bernard J. Dwyer,97,1981,0.012291,Federal,House
D000586,Bernard J. Dwyer,98,1983,0.040929,Federal,House
D000586,Bernard J. Dwyer,99,1985,0.592557,Federal,House
D000586,Bernard J. Dwyer,100,1987,0.566522,Federal,House
D000586,Bernard J. Dwyer,101,1989,0.15776,Federal,House
D000586,Bernard J. Dwyer,102,1991,0.305599,Federal,House
D000592,Mervyn Dymally,97,1981,0.787561,Federal,House
D000592,Mervyn Dymally,98,1983,0.946321,Federal,House
D000592,Mervyn Dymally,99,1985,2.626728,Federal,House
D000592,Mervyn Dymally,100,1987,1.834704,Federal,House
D000592,Mervyn Dymally,101,1989,2.331731,Federal,House
D000592,Mervyn Dymally,102,1991,0.808002,Federal,House
D000592,Mervyn Dymally,2003-2004,2003,0.981652,State,Lower
D000592,Mervyn Dymally,2005-2006,2005,0.935247,State,Lower
D000592,Mervyn Dymally,2007-2008,2007,0.0,State,Lower
D000593,Roy Dyson,97,1981,0.210318,Federal,House
D000593,Roy Dyson,98,1983,0.629294,Federal,House
D000593,Roy Dyson,99,1985,0.646948,Federal,House
D000593,Roy Dyson,100,1987,0.632124,Federal,House
D000593,Roy Dyson,101,1989,1.146816,Federal,House
D000593,Roy Dyson,1995-1998,1995,0.554742,State,Upper
D000593,Roy Dyson,1999-2002,1999,0.665397,State,Upper
D000593,Roy Dyson,2003-2006,2003,1.092798,State,Upper
D000593,Roy Dyson,2007-2010,2007,1.134122,State,Upper
D000593,Roy Dyson,2011-2014,2011,0.61272,State,Upper
D000597,Jo Ann Davis,1998-1999,1998,0.798259,State,Lower
D000597,Jo Ann Davis,2000-2001,2000,0.390454,State,Lower
D000597,Jo Ann Davis,107,2001,0.934325,Federal,House
D000597,Jo Ann Davis,108,2003,2.314812,Federal,House
D000597,Jo Ann Davis,109,2005,1.679456,Federal,House
D000597,Jo Ann Davis,110,2007,0.47472,Federal,House
D000598,Susan Davis,1995-1996,1995,0.782913,State,Lower
D000598,Susan Davis,1997-1998,1997,1.207862,State,Lower
D000598,Susan Davis,1999-2000,1999,1.31413,State,Lower
D000598,Susan Davis,107,2001,0.221619,Federal,House
D000598,Susan Davis,108,2003,0.504854,Federal,House
D000598,Susan Davis,109,2005,0.171008,Federal,House
D000598,Susan Davis,110,2007,1.326167,Federal,House
D000598,Susan Davis,111,2009,1.461993,Federal,House
D000598,Susan Davis,112,2011,0.236443,Federal,House
D000598,Susan Davis,113,2013,0.322908,Federal,House
D000598,Susan Davis,114,2015,0.457344,Federal,House
D000598,Susan Davis,115,2017,0.177353,Federal,House
D000598,Susan Davis,116,2019,0.575808,Federal,House
D000599,Lincoln Davis,1997-1998,1997,0.662745,State,Upper
D000599,Lincoln Davis,1999-2000,1999,0.885288,State,Upper
D000599,Lincoln Davis,2001-2002,2001,0.569136,State,Upper
D000599,Lincoln Davis,108,2003,0.0,Federal,House
D000599,Lincoln Davis,109,2005,0.070085,Federal,House
D000599,Lincoln Davis,110,2007,0.100269,Federal,House
D000599,Lincoln Davis,111,2009,0.069933,Federal,House
D000600,Mario Diaz-Balart,2001-2002,2001,0.653918,State,Lower
D000600,Mario Diaz-Balart,108,2003,0.662487,Federal,House
D000600,Mario Diaz-Balart,109,2005,0.042051,Federal,House
D000600,Mario Diaz-Balart,110,2007,0.075202,Federal,House
D000600,Mario Diaz-Balart,111,2009,0.08392,Federal,House
D000600,Mario Diaz-Balart,112,2011,0.013421,Federal,House
D000600,Mario Diaz-Balart,113,2013,0.030463,Federal,House
D000600,Mario Diaz-Balart,114,2015,0.753786,Federal,House
D000600,Mario Diaz-Balart,115,2017,0.383397,Federal,House
D000600,Mario Diaz-Balart,116,2019,0.069581,Federal,House
D000600,Mario Diaz-Balart,117,2021,0.105584,Federal,House
D000600,Mario Diaz-Balart,118,2023,1.11388,Federal,House
D000604,Charlie Dent,1991-1992,1991,0.094872,State,Lower
D000604,Charlie Dent,1993-1994,1993,0.2298,State,Lower
D000604,Charlie Dent,1995-1996,1995,2.250528,State,Lower
D000604,Charlie Dent,1997-1998,1997,1.002045,State,Lower
D000604,Charlie Dent,1999-2000,1999,1.668044,State,Upper
D000604,Charlie Dent,2001-2002,2001,1.465788,State,Upper
D000604,Charlie Dent,2003-2004,2003,2.111221,State,Upper
D000604,Charlie Dent,109,2005,0.349908,Federal,House
D000604,Charlie Dent,110,2007,0.404752,Federal,House
D000604,Charlie Dent,111,2009,0.558129,Federal,House
D000604,Charlie Dent,112,2011,1.410427,Federal,House
D000604,Charlie Dent,113,2013,0.239917,Federal,House
D000604,Charlie Dent,114,2015,2.311362,Federal,House
D000604,Charlie Dent,115,2017,0.313713,Federal,House
D000605,Thelma Drake,1996-1997,1996,0.421161,State,Lower
D000605,Thelma Drake,1998-1999,1998,1.091761,State,Lower
D000605,Thelma Drake,2000-2001,2000,1.322564,State,Lower
D000605,Thelma Drake,2002-2003,2002,2.267119,State,Lower
D000605,Thelma Drake,2004-2005,2004,1.279123,State,Lower
D000605,Thelma Drake,109,2005,0.559262,Federal,House
D000605,Thelma Drake,110,2007,0.175471,Federal,House
D000606,David Davis,1999-2000,1999,0.424583,State,Lower
D000606,David Davis,2001-2002,2001,0.31762,State,Lower
D000606,David Davis,2003-2004,2003,0.48116,State,Lower
D000606,David Davis,2005-2006,2005,0.104875,State,Lower
D000606,David Davis,110,2007,0.200538,Federal,House
D000609,Steve Driehaus,2001-2002,2001,0.119885,State,Lower
D000609,Steve Driehaus,2003-2004,2003,0.550468,State,Lower
D000609,Steve Driehaus,2005-2006,2005,0.144068,State,Lower
D000609,Steve Driehaus,2007-2008,2007,0.12735,State,Lower
D000609,Steve Driehaus,111,2009,0.709724,Federal,House
D000610,Ted Deutch,2007-2008,2007,0.68696,State,Upper
D000610,Ted Deutch,111,2009,0.04196,Federal,House
D000610,Ted Deutch,2009-2010,2009,0.292256,State,Upper
D000610,Ted Deutch,112,2011,0.201315,Federal,House
D000610,Ted Deutch,113,2013,1.659485,Federal,House
D000610,Ted Deutch,114,2015,0.288376,Federal,House
D000610,Ted Deutch,115,2017,0.234007,Federal,House
D000610,Ted Deutch,116,2019,2.82804,Federal,House
D000610,Ted Deutch,117,2021,1.024345,Federal,House
D000611,Charles Djou,2001-2002,2001,0.203513,State,Lower
D000611,Charles Djou,111,2009,0.089515,Federal,House
D000612,Jeff Denham,2003-2004,2003,0.700873,State,Upper
D000612,Jeff Denham,2005-2006,2005,0.677018,State,Upper
D000612,Jeff Denham,2007-2008,2007,0.449439,State,Upper
D000612,Jeff Denham,2009-2010,2009,0.632114,State,Upper
D000612,Jeff Denham,112,2011,2.679563,Federal,House
D000612,Jeff Denham,113,2013,2.2113,Federal,House
D000612,Jeff Denham,114,2015,2.305298,Federal,House
D000612,Jeff Denham,115,2017,0.954102,Federal,House
D000615,Jeff Duncan,2003-2004,2003,1.660956,State,Lower
D000615,Jeff Duncan,2005-2006,2005,2.53602,State,Lower
D000615,Jeff Duncan,2007-2008,2007,1.257303,State,Lower
D000615,Jeff Duncan,2009-2010,2009,2.52533,State,Lower
D000615,Jeff Duncan,112,2011,1.046892,Federal,House
D000615,Jeff Duncan,113,2013,1.190756,Federal,House
D000615,Jeff Duncan,114,2015,0.068661,Federal,House
D000615,Jeff Duncan,115,2017,0.25501,Federal,House
D000615,Jeff Duncan,116,2019,0.145126,Federal,House
D000615,Jeff Duncan,117,2021,0.722676,Federal,House
D000615,Jeff Duncan,118,2023,1.819582,Federal,House
D000623,Mark DeSaulnier,2007-2008,2007,1.317064,State,Lower
D000623,Mark DeSaulnier,2009-2010,2009,1.16835,State,Upper
D000623,Mark DeSaulnier,2011-2012,2011,1.280093,State,Upper
D000623,Mark DeSaulnier,2013-2014,2013,1.459404,State,Upper
D000623,Mark DeSaulnier,114,2015,0.492356,Federal,House
D000623,Mark DeSaulnier,115,2017,1.53276,Federal,House
D000623,Mark DeSaulnier,116,2019,0.395736,Federal,House
D000623,Mark DeSaulnier,117,2021,1.274674,Federal,House
D000623,Mark DeSaulnier,118,2023,0.320185,Federal,House
D000631,Madeleine Dean,2011-2012,2011,0.015487,State,Lower
D000631,Madeleine Dean,2013-2014,2013,0.082198,State,Lower
D000631,Madeleine Dean,2015-2016,2015,0.572945,State,Lower
D000631,Madeleine Dean,2017-2018,2017,0.470835,State,Lower
D000631,Madeleine Dean,116,2019,1.678347,Federal,House
D000631,Madeleine Dean,117,2021,1.959733,Federal,House
D000631,Madeleine Dean,118,2023,0.550054,Federal,House
D000635,Maxine Dexter,2019-2020,2019,0.0,State,Lower
D000635,Maxine Dexter,2021-2022,2021,0.656303,State,Lower
D000635,Maxine Dexter,2023-2024,2023,1.421135,State,Lower
E000013,Joseph D. Early,94,1975,0.036687,Federal,House
E000013,Joseph D. Early,95,1977,0.01387,Federal,House
E000013,Joseph D. Early,96,1979,0.006476,Federal,House
E000013,Joseph D. Early,97,1981,0.004916,Federal,House
E000013,Joseph D. Early,98,1983,0.016372,Federal,House
E000013,Joseph D. Early,99,1985,0.130192,Federal,House
E000013,Joseph D. Early,100,1987,0.0031,Federal,House
E000013,Joseph D. Early,101,1989,0.043026,Federal,House
E000013,Joseph D. Early,102,1991,0.0,Federal,House
E000031,Dennis Eckart,97,1981,0.118679,Federal,House
E000031,Dennis Eckart,98,1983,0.100176,Federal,House
E000031,Dennis Eckart,99,1985,0.74446,Federal,House
E000031,Dennis Eckart,100,1987,0.331871,Federal,House
E000031,Dennis Eckart,101,1989,0.85149,Federal,House
E000031,Dennis Eckart,102,1991,1.002824,Federal,House
E000033,Fred Eckert,99,1985,0.046108,Federal,House
E000035,Bob Eckhardt,93,1973,1.023219,Federal,House
E000035,Bob Eckhardt,94,1975,0.686951,Federal,House
E000035,Bob Eckhardt,95,1977,3.539976,Federal,House
E000035,Bob Eckhardt,96,1979,0.494078,Federal,House
E000063,Thomas Edwards,1989-1990,1989,0.669107,State,Upper
E000063,Thomas Edwards,102,1991,0.314901,Federal,House
E000063,Thomas Edwards,103,1993,0.08375,Federal,House
E000063,Thomas Edwards,104,1995,0.045914,Federal,House
E000063,Thomas Edwards,105,1997,0.018081,Federal,House
E000063,Thomas Edwards,106,1999,0.015421,Federal,House
E000063,Thomas Edwards,107,2001,0.725602,Federal,House
E000063,Thomas Edwards,108,2003,0.149422,Federal,House
E000063,Thomas Edwards,109,2005,0.479262,Federal,House
E000063,Thomas Edwards,110,2007,2.978816,Federal,House
E000063,Thomas Edwards,111,2009,2.921132,Federal,House
E000071,Jake Ellzey,117,2021,0.312445,Federal,House
E000071,Jake Ellzey,2021-2022,2021,0.710627,State,Lower
E000071,Jake Ellzey,118,2023,0.240618,Federal,House
E000092,Vernon Ehlers,103,1993,0.031337,Federal,House
E000092,Vernon Ehlers,104,1995,0.355973,Federal,House
E000092,Vernon Ehlers,105,1997,0.614057,Federal,House
E000092,Vernon Ehlers,106,1999,0.976069,Federal,House
E000092,Vernon Ehlers,107,2001,2.532678,Federal,House
E000092,Vernon Ehlers,108,2003,1.803297,Federal,House
E000092,Vernon Ehlers,109,2005,1.714597,Federal,House
E000092,Vernon Ehlers,110,2007,0.925131,Federal,House
E000092,Vernon Ehlers,111,2009,0.139867,Federal,House
E000093,Bob Ehrlich,104,1995,0.983462,Federal,House
E000093,Bob Ehrlich,105,1997,0.925466,Federal,House
E000093,Bob Ehrlich,106,1999,0.70862,Federal,House
E000093,Bob Ehrlich,107,2001,0.031214,Federal,House
E000175,David F. Emery,94,1975,0.069935,Federal,House
E000175,David F. Emery,95,1977,0.164136,Federal,House
E000175,David F. Emery,96,1979,1.433182,Federal,House
E000175,David F. Emery,97,1981,0.24965,Federal,House
E000179,Eliot Engel,101,1989,0.086051,Federal,House
E000179,Eliot Engel,102,1991,0.247877,Federal,House
E000179,Eliot Engel,103,1993,1.248329,Federal,House
E000179,Eliot Engel,104,1995,0.239545,Federal,House
E000179,Eliot Engel,105,1997,0.318402,Federal,House
E000179,Eliot Engel,106,1999,0.372201,Federal,House
E000179,Eliot Engel,107,2001,0.422925,Federal,House
E000179,Eliot Engel,108,2003,1.792519,Federal,House
E000179,Eliot Engel,109,2005,0.354909,Federal,House
E000179,Eliot Engel,110,2007,2.23091,Federal,House
E000179,Eliot Engel,111,2009,2.522736,Federal,House
E000179,Eliot Engel,112,2011,0.254999,Federal,House
E000179,Eliot Engel,113,2013,0.997426,Federal,House
E000179,Eliot Engel,114,2015,2.794908,Federal,House
E000179,Eliot Engel,115,2017,1.718367,Federal,House
E000179,Eliot Engel,116,2019,3.336191,Federal,House
E000186,Karan English,103,1993,0.699162,Federal,House
E000198,Arlen Erdahl,96,1979,0.120877,Federal,House
E000198,Arlen Erdahl,97,1981,0.315229,Federal,House
E000201,Ben Erdreich,98,1983,0.122788,Federal,House
E000201,Ben Erdreich,99,1985,0.303111,Federal,House
E000201,Ben Erdreich,100,1987,0.264889,Federal,House
E000201,Ben Erdreich,101,1989,1.491553,Federal,House
E000201,Ben Erdreich,102,1991,1.274804,Federal,House
E000226,Bob Etheridge,105,1997,0.149275,Federal,House
E000226,Bob Etheridge,106,1999,0.172473,Federal,House
E000226,Bob Etheridge,107,2001,1.264462,Federal,House
E000226,Bob Etheridge,108,2003,0.29029,Federal,House
E000226,Bob Etheridge,109,2005,0.222612,Federal,House
E000226,Bob Etheridge,110,2007,0.812722,Federal,House
E000226,Bob Etheridge,111,2009,0.069933,Federal,House
E000233,Billy Lee Evans,95,1977,0.094571,Federal,House
E000233,Billy Lee Evans,96,1979,0.140304,Federal,House
E000233,Billy Lee Evans,97,1981,1.029258,Federal,House
E000236,Daniel J. Evans,98,1982,0.012958,Federal,Senate
E000236,Daniel J. Evans,99,1984,0.6127,Federal,Senate
E000236,Daniel J. Evans,100,1986,1.417549,Federal,Senate
E000246,Chuck Edwards,2017-2018,2017,1.446294,State,Upper
E000246,Chuck Edwards,2019-2020,2019,2.810508,State,Upper
E000246,Chuck Edwards,2021-2022,2021,2.029424,State,Upper
E000246,Chuck Edwards,118,2023,1.079049,Federal,House
E000259,T. Cooper Evans,97,1981,0.787475,Federal,House
E000259,T. Cooper Evans,98,1983,0.448656,Federal,House
E000259,T. Cooper Evans,99,1985,0.819254,Federal,House
E000282,Tom Ewing,102,1991,0.027165,Federal,House
E000282,Tom Ewing,103,1993,0.213312,Federal,House
E000282,Tom Ewing,104,1995,1.984594,Federal,House
E000282,Tom Ewing,105,1997,0.926314,Federal,House
E000282,Tom Ewing,106,1999,1.4254,Federal,House
E000285,Mike Enzi,105,1996,1.120304,Federal,Senate
E000285,Mike Enzi,106,1998,1.028512,Federal,Senate
E000285,Mike Enzi,107,2000,0.445515,Federal,Senate
E000285,Mike Enzi,108,2002,1.058392,Federal,Senate
E000285,Mike Enzi,109,2004,3.375285,Federal,Senate
E000285,Mike Enzi,110,2006,0.618959,Federal,Senate
E000285,Mike Enzi,111,2008,0.02193,Federal,Senate
E000285,Mike Enzi,112,2010,0.337611,Federal,Senate
E000285,Mike Enzi,113,2012,1.102024,Federal,Senate
E000285,Mike Enzi,114,2014,0.327232,Federal,Senate
E000285,Mike Enzi,115,2016,0.62498,Federal,Senate
E000285,Mike Enzi,116,2018,0.642409,Federal,Senate
E000288,Keith Ellison,2003-2004,2003,0.328423,State,Lower
E000288,Keith Ellison,2005-2006,2005,0.541048,State,Lower
E000288,Keith Ellison,110,2007,0.70478,Federal,House
E000288,Keith Ellison,111,2009,0.37764,Federal,House
E000288,Keith Ellison,112,2011,0.469735,Federal,House
E000288,Keith Ellison,113,2013,1.138202,Federal,House
E000288,Keith Ellison,114,2015,0.466894,Federal,House
E000288,Keith Ellison,115,2017,0.706494,Federal,House
E000293,Elizabeth Esty,2009-2010,2009,1.010861,State,Lower
E000293,Elizabeth Esty,113,2013,1.046813,Federal,House
E000293,Elizabeth Esty,114,2015,0.435742,Federal,House
E000293,Elizabeth Esty,115,2017,1.723781,Federal,House
E000294,Tom Emmer,2005-2006,2005,4.020154,State,Lower
E000294,Tom Emmer,2007-2008,2007,0.691148,State,Lower
E000294,Tom Emmer,2009-2010,2009,1.123884,State,Lower
E000294,Tom Emmer,114,2015,0.861484,Federal,House
E000294,Tom Emmer,115,2017,1.924367,Federal,House
E000294,Tom Emmer,116,2019,0.28023,Federal,House
E000294,Tom Emmer,117,2021,0.627375,Federal,House
E000294,Tom Emmer,118,2023,0.676443,Federal,House
E000295,Joni Ernst,2011-2012,2011,0.688631,State,Upper
E000295,Joni Ernst,2013-2014,2013,0.236704,State,Upper
E000295,Joni Ernst,114,2014,0.851205,Federal,Senate
E000295,Joni Ernst,115,2016,0.58171,Federal,Senate
E000295,Joni Ernst,116,2018,0.722751,Federal,Senate
E000295,Joni Ernst,117,2020,0.673595,Federal,Senate
E000295,Joni Ernst,118,2022,0.557861,Federal,Senate
E000296,Dwight Evans,1989-1990,1989,1.966249,State,Lower
E000296,Dwight Evans,1991-1992,1991,33.247059,State,Lower
E000296,Dwight Evans,1993-1994,1993,23.524265,State,Lower
E000296,Dwight Evans,1995-1996,1995,0.116411,State,Lower
E000296,Dwight Evans,1997-1998,1997,0.374396,State,Lower
E000296,Dwight Evans,1999-2000,1999,0.534404,State,Lower
E000296,Dwight Evans,2001-2002,2001,0.149773,State,Lower
E000296,Dwight Evans,2003-2004,2003,1.330198,State,Lower
E000296,Dwight Evans,2005-2006,2005,0.736612,State,Lower
E000296,Dwight Evans,2007-2008,2007,22.93084,State,Lower
E000296,Dwight Evans,2009-2010,2009,22.013329,State,Lower
E000296,Dwight Evans,2011-2012,2011,0.124488,State,Lower
E000296,Dwight Evans,2013-2014,2013,0.098638,State,Lower
E000296,Dwight Evans,2015-2016,2015,0.0,State,Lower
E000296,Dwight Evans,115,2017,1.140669,Federal,House
E000296,Dwight Evans,116,2019,0.14115,Federal,House
E000296,Dwight Evans,117,2021,0.452994,Federal,House
E000296,Dwight Evans,118,2023,0.069229,Federal,House
E000297,Adriano Espaillat,1999-2000,1999,0.248816,State,Lower
E000297,Adriano Espaillat,2001-2002,2001,0.346089,State,Lower
E000297,Adriano Espaillat,2003-2004,2003,0.455469,State,Lower
E000297,Adriano Espaillat,2005-2006,2005,1.057365,State,Lower
E000297,Adriano Espaillat,2007-2008,2007,1.205212,State,Lower
E000297,Adriano Espaillat,2009-2010,2009,1.634263,State,Lower
E000297,Adriano Espaillat,2011-2012,2011,0.312358,State,Upper
E000297,Adriano Espaillat,2013-2014,2013,0.496711,State,Upper
E000297,Adriano Espaillat,2015-2016,2015,0.453936,State,Upper
E000297,Adriano Espaillat,115,2017,0.609958,Federal,House
E000297,Adriano Espaillat,116,2019,1.318812,Federal,House
E000297,Adriano Espaillat,117,2021,0.759676,Federal,House
E000297,Adriano Espaillat,118,2023,1.289104,Federal,House
E000300,Gabe Evans,2023-2024,2023,0.523982,State,Lower
E000301,Sarah Elfreth,2019-2022,2019,1.880132,State,Upper
F000030,Sam Farr,103,1993,0.142029,Federal,House
F000030,Sam Farr,1993-1994,1993,0.505664,State,Lower
F000030,Sam Farr,104,1995,0.249086,Federal,House
F000030,Sam Farr,105,1997,0.221132,Federal,House
F000030,Sam Farr,106,1999,0.278046,Federal,House
F000030,Sam Farr,107,2001,0.640959,Federal,House
F000030,Sam Farr,108,2003,0.667398,Federal,House
F000030,Sam Farr,109,2005,0.493279,Federal,House
F000030,Sam Farr,110,2007,0.859544,Federal,House
F000030,Sam Farr,111,2009,1.137681,Federal,House
F000030,Sam Farr,112,2011,1.452183,Federal,House
F000030,Sam Farr,113,2013,0.309907,Federal,House
F000030,Sam Farr,114,2015,0.338556,Federal,House
F000040,John G. Fary,94,1975,0.028662,Federal,House
F000040,John G. Fary,95,1977,0.031524,Federal,House
F000040,John G. Fary,96,1979,0.142462,Federal,House
F000040,John G. Fary,97,1981,1.227653,Federal,House
F000041,Dante Fascell,93,1973,0.731913,Federal,House
F000041,Dante Fascell,94,1975,2.134663,Federal,House
F000041,Dante Fascell,95,1977,3.41747,Federal,House
F000041,Dante Fascell,96,1979,4.445044,Federal,House
F000041,Dante Fascell,97,1981,1.484579,Federal,House
F000041,Dante Fascell,98,1983,3.670866,Federal,House
F000041,Dante Fascell,99,1985,2.857196,Federal,House
F000041,Dante Fascell,100,1987,5.057872,Federal,House
F000041,Dante Fascell,101,1989,11.087298,Federal,House
F000041,Dante Fascell,102,1991,6.37187,Federal,House
F000043,Chaka Fattah,1989-1990,1989,0.033872,State,Upper
F000043,Chaka Fattah,1991-1992,1991,0.154351,State,Upper
F000043,Chaka Fattah,1993-1994,1993,0.627946,State,Upper
F000043,Chaka Fattah,104,1995,0.057392,Federal,House
F000043,Chaka Fattah,105,1997,0.566582,Federal,House
F000043,Chaka Fattah,106,1999,0.669834,Federal,House
F000043,Chaka Fattah,107,2001,0.089053,Federal,House
F000043,Chaka Fattah,108,2003,0.083012,Federal,House
F000043,Chaka Fattah,109,2005,0.084102,Federal,House
F000043,Chaka Fattah,110,2007,0.112803,Federal,House
F000043,Chaka Fattah,111,2009,0.181827,Federal,House
F000043,Chaka Fattah,112,2011,0.147631,Federal,House
F000043,Chaka Fattah,113,2013,0.377667,Federal,House
F000043,Chaka Fattah,114,2015,0.096125,Federal,House
F000049,Harris Fawell,99,1985,0.123653,Federal,House
F000049,Harris Fawell,100,1987,0.186212,Federal,House
F000049,Harris Fawell,101,1989,0.071709,Federal,House
F000049,Harris Fawell,102,1991,1.41258,Federal,House
F000049,Harris Fawell,103,1993,0.141015,Federal,House
F000049,Harris Fawell,104,1995,2.341274,Federal,House
F000049,Harris Fawell,105,1997,2.026994,Federal,House
F000053,Vic Fazio,96,1979,1.385694,Federal,House
F000053,Vic Fazio,97,1981,1.475312,Federal,House
F000053,Vic Fazio,98,1983,1.997038,Federal,House
F000053,Vic Fazio,99,1985,1.938454,Federal,House
F000053,Vic Fazio,100,1987,1.476881,Federal,House
F000053,Vic Fazio,101,1989,3.087119,Federal,House
F000053,Vic Fazio,102,1991,2.134675,Federal,House
F000053,Vic Fazio,103,1993,2.407219,Federal,House
F000053,Vic Fazio,104,1995,0.057392,Federal,House
F000053,Vic Fazio,105,1997,0.334059,Federal,House
F000059,Edward Feighan,98,1983,0.230367,Federal,House
F000059,Edward Feighan,99,1985,0.238818,Federal,House
F000059,Edward Feighan,100,1987,0.443035,Federal,House
F000059,Edward Feighan,101,1989,0.465622,Federal,House
F000059,Edward Feighan,102,1991,0.790366,Federal,House
F000061,Russ Feingold,103,1992,0.159405,Federal,Senate
F000061,Russ Feingold,104,1994,0.294305,Federal,Senate
F000061,Russ Feingold,105,1996,0.286084,Federal,Senate
F000061,Russ Feingold,106,1998,0.941352,Federal,Senate
F000061,Russ Feingold,107,2000,0.718741,Federal,Senate
F000061,Russ Feingold,108,2002,0.688569,Federal,Senate
F000061,Russ Feingold,109,2004,0.308853,Federal,Senate
F000061,Russ Feingold,110,2006,0.806631,Federal,Senate
F000061,Russ Feingold,111,2008,1.098288,Federal,Senate
F000078,Millicent Fenwick,94,1975,0.269421,Federal,House
F000078,Millicent Fenwick,95,1977,0.201751,Federal,House
F000078,Millicent Fenwick,96,1979,0.146779,Federal,House
F000078,Millicent Fenwick,97,1981,0.113077,Federal,House
F000110,Cleo Fields,103,1993,0.110692,Federal,House
F000110,Cleo Fields,104,1995,0.095654,Federal,House
F000110,Cleo Fields,1996-1999,1996,0.181085,State,Upper
F000110,Cleo Fields,2000-2003,2000,1.230772,State,Upper
F000110,Cleo Fields,2004-2007,2004,1.33874,State,Upper
F000110,Cleo Fields,2020-2023,2020,1.661615,State,Upper
F000128,Eric Fingerhut,103,1993,0.09401,Federal,House
F000128,Eric Fingerhut,1999-2000,1999,0.295901,State,Upper
F000128,Eric Fingerhut,2001-2002,2001,0.389851,State,Upper
F000128,Eric Fingerhut,2003-2004,2003,0.28552,State,Upper
F000128,Eric Fingerhut,2005-2006,2005,0.361271,State,Upper
F000208,Ronnie Flippo,95,1977,0.564978,Federal,House
F000208,Ronnie Flippo,96,1979,0.859399,Federal,House
F000208,Ronnie Flippo,97,1981,0.620912,Federal,House
F000208,Ronnie Flippo,98,1983,0.527287,Federal,House
F000208,Ronnie Flippo,99,1985,0.81917,Federal,House
F000208,Ronnie Flippo,100,1987,1.329738,Federal,House
F000208,Ronnie Flippo,101,1989,0.15776,Federal,House
F000215,James Florio,94,1975,0.675486,Federal,House
F000215,James Florio,95,1977,0.659549,Federal,House
F000215,James Florio,96,1979,6.578836,Federal,House
F000215,James Florio,97,1981,7.675884,Federal,House
F000215,James Florio,98,1983,6.341523,Federal,House
F000215,James Florio,99,1985,3.982846,Federal,House
F000215,James Florio,100,1987,0.826757,Federal,House
F000215,James Florio,101,1989,0.477965,Federal,House
F000238,Mark Foley,104,1995,0.134302,Federal,House
F000238,Mark Foley,105,1997,0.18497,Federal,House
F000238,Mark Foley,106,1999,0.408892,Federal,House
F000238,Mark Foley,107,2001,1.265968,Federal,House
F000238,Mark Foley,108,2003,0.464869,Federal,House
F000238,Mark Foley,109,2005,1.425589,Federal,House
F000246,Pat Fallon,2013-2014,2013,0.409638,State,Lower
F000246,Pat Fallon,2015-2016,2015,0.720092,State,Lower
F000246,Pat Fallon,2017-2018,2017,0.938176,State,Lower
F000246,Pat Fallon,2019-2020,2019,0.938414,State,Upper
F000246,Pat Fallon,117,2021,0.122552,Federal,House
F000246,Pat Fallon,118,2023,0.745673,Federal,House
F000261,Harold Ford Sr.,94,1975,0.063056,Federal,House
F000261,Harold Ford Sr.,95,1977,0.176532,Federal,House
F000261,Harold Ford Sr.,96,1979,0.957613,Federal,House
F000261,Harold Ford Sr.,97,1981,0.795936,Federal,House
F000261,Harold Ford Sr.,98,1983,1.910882,Federal,House
F000261,Harold Ford Sr.,99,1985,1.342817,Federal,House
F000261,Harold Ford Sr.,100,1987,0.994024,Federal,House
F000261,Harold Ford Sr.,101,1989,0.15776,Federal,House
F000261,Harold Ford Sr.,102,1991,0.792572,Federal,House
F000261,Harold Ford Sr.,103,1993,0.0,Federal,House
F000261,Harold Ford Sr.,104,1995,0.0,Federal,House
F000268,Wendell Ford,94,1974,0.028547,Federal,Senate
F000268,Wendell Ford,95,1976,1.447207,Federal,Senate
F000268,Wendell Ford,96,1978,0.943205,Federal,Senate
F000268,Wendell Ford,97,1980,0.366113,Federal,Senate
F000268,Wendell Ford,98,1982,0.108415,Federal,Senate
F000268,Wendell Ford,99,1984,0.153445,Federal,Senate
F000268,Wendell Ford,100,1986,1.867923,Federal,Senate
F000268,Wendell Ford,101,1988,1.349956,Federal,Senate
F000268,Wendell Ford,102,1990,1.712325,Federal,Senate
F000268,Wendell Ford,103,1992,1.346329,Federal,Senate
F000268,Wendell Ford,104,1994,0.132454,Federal,Senate
F000268,Wendell Ford,105,1996,0.194799,Federal,Senate
F000270,William D. Ford,93,1973,1.125369,Federal,House
F000270,William D. Ford,94,1975,0.257956,Federal,House
F000270,William D. Ford,95,1977,2.086222,Federal,House
F000270,William D. Ford,96,1979,2.87163,Federal,House
F000270,William D. Ford,97,1981,2.019634,Federal,House
F000270,William D. Ford,98,1983,1.065434,Federal,House
F000270,William D. Ford,99,1985,2.16397,Federal,House
F000270,William D. Ford,100,1987,2.627501,Federal,House
F000270,William D. Ford,101,1989,2.27623,Federal,House
F000270,William D. Ford,102,1991,2.090189,Federal,House
F000270,William D. Ford,103,1993,3.562874,Federal,House
F000286,Edwin B. Forsythe,93,1973,0.416755,Federal,House
F000286,Edwin B. Forsythe,94,1975,0.332477,Federal,House
F000286,Edwin B. Forsythe,95,1977,0.49942,Federal,House
F000286,Edwin B. Forsythe,96,1979,1.046112,Federal,House
F000286,Edwin B. Forsythe,97,1981,0.161154,Federal,House
F000286,Edwin B. Forsythe,98,1983,0.808018,Federal,House
F000319,L. H. Fountain,93,1973,0.24935,Federal,House
F000319,L. H. Fountain,94,1975,1.078632,Federal,House
F000319,L. H. Fountain,95,1977,1.351425,Federal,House
F000319,L. H. Fountain,96,1979,0.940345,Federal,House
F000319,L. H. Fountain,97,1981,0.249544,Federal,House
F000332,Jon Fox,1989-1990,1989,1.531433,State,Lower
F000332,Jon Fox,1991-1992,1991,0.37949,State,Lower
F000332,Jon Fox,104,1995,2.000562,Federal,House
F000332,Jon Fox,105,1997,0.880721,Federal,House
F000339,Barney Frank,97,1981,1.598933,Federal,House
F000339,Barney Frank,98,1983,1.975128,Federal,House
F000339,Barney Frank,99,1985,2.574917,Federal,House
F000339,Barney Frank,100,1987,5.466211,Federal,House
F000339,Barney Frank,101,1989,2.576532,Federal,House
F000339,Barney Frank,102,1991,5.4693,Federal,House
F000339,Barney Frank,103,1993,3.928191,Federal,House
F000339,Barney Frank,104,1995,0.768238,Federal,House
F000339,Barney Frank,105,1997,0.74909,Federal,House
F000339,Barney Frank,106,1999,0.333096,Federal,House
F000339,Barney Frank,107,2001,0.630335,Federal,House
F000339,Barney Frank,108,2003,1.356572,Federal,House
F000339,Barney Frank,109,2005,1.106743,Federal,House
F000339,Barney Frank,110,2007,5.351451,Federal,House
F000339,Barney Frank,111,2009,7.994784,Federal,House
F000339,Barney Frank,112,2011,0.726974,Federal,House
F000349,Bob Franks,103,1993,0.18802,Federal,House
F000349,Bob Franks,104,1995,0.440394,Federal,House
F000349,Bob Franks,105,1997,0.790973,Federal,House
F000349,Bob Franks,106,1999,2.066364,Federal,House
F000372,Rodney Frelinghuysen,104,1995,0.636024,Federal,House
F000372,Rodney Frelinghuysen,105,1997,0.478705,Federal,House
F000372,Rodney Frelinghuysen,106,1999,1.065835,Federal,House
F000372,Rodney Frelinghuysen,107,2001,0.657883,Federal,House
F000372,Rodney Frelinghuysen,108,2003,2.937325,Federal,House
F000372,Rodney Frelinghuysen,109,2005,0.23829,Federal,House
F000372,Rodney Frelinghuysen,110,2007,0.112803,Federal,House
F000372,Rodney Frelinghuysen,111,2009,0.502182,Federal,House
F000372,Rodney Frelinghuysen,112,2011,3.650728,Federal,House
F000372,Rodney Frelinghuysen,113,2013,1.691677,Federal,House
F000372,Rodney Frelinghuysen,114,2015,1.072507,Federal,House
F000372,Rodney Frelinghuysen,115,2017,0.788698,Federal,House
F000380,Bill Frenzel,93,1973,0.295633,Federal,House
F000380,Bill Frenzel,94,1975,0.316744,Federal,House
F000380,Bill Frenzel,95,1977,2.125719,Federal,House
F000380,Bill Frenzel,96,1979,1.169846,Federal,House
F000380,Bill Frenzel,97,1981,1.422177,Federal,House
F000380,Bill Frenzel,98,1983,1.798781,Federal,House
F000380,Bill Frenzel,99,1985,0.421115,Federal,House
F000380,Bill Frenzel,100,1987,0.494752,Federal,House
F000380,Bill Frenzel,101,1989,0.616699,Federal,House
F000387,Dan Frisa,104,1995,0.375104,Federal,House
F000430,Don Fuqua,93,1973,0.41554,Federal,House
F000430,Don Fuqua,94,1975,0.209804,Federal,House
F000430,Don Fuqua,95,1977,0.250927,Federal,House
F000430,Don Fuqua,96,1979,7.03711,Federal,House
F000430,Don Fuqua,97,1981,5.991225,Federal,House
F000430,Don Fuqua,98,1983,6.221148,Federal,House
F000430,Don Fuqua,99,1985,9.012317,Federal,House
F000441,Ernie Fletcher,106,1999,1.916457,Federal,House
F000441,Ernie Fletcher,107,2001,0.171677,Federal,House
F000441,Ernie Fletcher,108,2003,0.425125,Federal,House
F000442,Peter Fitzgerald,1997-1998,1997,1.200449,State,Upper
F000442,Peter Fitzgerald,106,1998,0.544999,Federal,Senate
F000442,Peter Fitzgerald,107,2000,0.582085,Federal,Senate
F000442,Peter Fitzgerald,108,2002,0.87519,Federal,Senate
F000445,J. Randy Forbes,1994-1995,1994,1.225723,State,Lower
F000445,J. Randy Forbes,1996-1997,1996,0.620544,State,Lower
F000445,J. Randy Forbes,1998-1999,1998,1.243208,State,Upper
F000445,J. Randy Forbes,2000-2001,2000,1.32486,State,Upper
F000445,J. Randy Forbes,107,2001,0.161903,Federal,House
F000445,J. Randy Forbes,108,2003,0.683535,Federal,House
F000445,J. Randy Forbes,109,2005,0.842957,Federal,House
F000445,J. Randy Forbes,110,2007,0.165444,Federal,House
F000445,J. Randy Forbes,111,2009,0.600089,Federal,House
F000445,J. Randy Forbes,112,2011,0.120789,Federal,House
F000445,J. Randy Forbes,113,2013,0.152315,Federal,House
F000445,J. Randy Forbes,114,2015,0.680123,Federal,House
F000446,Randy Feenstra,2009-2010,2009,0.024151,State,Upper
F000446,Randy Feenstra,2011-2012,2011,0.675332,State,Upper
F000446,Randy Feenstra,2013-2014,2013,0.133184,State,Upper
F000446,Randy Feenstra,2015-2016,2015,0.358924,State,Upper
F000446,Randy Feenstra,2017-2018,2017,2.493491,State,Upper
F000446,Randy Feenstra,2019-2020,2019,1.453278,State,Upper
F000446,Randy Feenstra,117,2021,0.442539,Federal,House
F000446,Randy Feenstra,118,2023,1.534757,Federal,House
F000447,Tom Feeney,2001-2002,2001,0.0,State,Lower
F000447,Tom Feeney,108,2003,0.019923,Federal,House
F000447,Tom Feeney,109,2005,0.229039,Federal,House
F000447,Tom Feeney,110,2007,0.132856,Federal,House
F000448,Trent Franks,108,2003,0.06641,Federal,House
F000448,Trent Franks,109,2005,0.014017,Federal,House
F000448,Trent Franks,110,2007,0.050134,Federal,House
F000448,Trent Franks,111,2009,0.269465,Federal,House
F000448,Trent Franks,112,2011,1.197387,Federal,House
F000448,Trent Franks,113,2013,1.494995,Federal,House
F000448,Trent Franks,114,2015,1.129002,Federal,House
F000448,Trent Franks,115,2017,0.250615,Federal,House
F000450,Virginia Foxx,1995-1996,1995,1.266499,State,Upper
F000450,Virginia Foxx,1997-1998,1997,1.371579,State,Upper
F000450,Virginia Foxx,1999-2000,1999,0.62014,State,Upper
F000450,Virginia Foxx,2001-2002,2001,0.996633,State,Upper
F000450,Virginia Foxx,2003-2004,2003,0.739729,State,Upper
F000450,Virginia Foxx,109,2005,0.612549,Federal,House
F000450,Virginia Foxx,110,2007,0.712453,Federal,House
F000450,Virginia Foxx,111,2009,0.87766,Federal,House
F000450,Virginia Foxx,112,2011,1.345764,Federal,House
F000450,Virginia Foxx,113,2013,3.861476,Federal,House
F000450,Virginia Foxx,114,2015,1.001936,Federal,House
F000450,Virginia Foxx,115,2017,1.780969,Federal,House
F000450,Virginia Foxx,116,2019,1.166475,Federal,House
F000450,Virginia Foxx,117,2021,1.148537,Federal,House
F000450,Virginia Foxx,118,2023,1.022196,Federal,House
F000453,Mary Fallin,1993-1994,1993,2.119275,State,Lower
F000453,Mary Fallin,110,2007,0.596432,Federal,House
F000453,Mary Fallin,111,2009,0.407073,Federal,House
F000462,Lois Frankel,2001-2002,2001,0.222244,State,Lower
F000462,Lois Frankel,113,2013,0.076158,Federal,House
F000462,Lois Frankel,114,2015,0.109857,Federal,House
F000462,Lois Frankel,115,2017,0.361642,Federal,House
F000462,Lois Frankel,116,2019,0.398199,Federal,House
F000462,Lois Frankel,117,2021,0.464273,Federal,House
F000462,Lois Frankel,118,2023,0.193288,Federal,House
F000463,Deb Fischer,2007-2008,2007,1.131106,State,Upper
F000463,Deb Fischer,2009-2010,2009,2.514437,State,Upper
F000463,Deb Fischer,2011-2012,2011,2.372814,State,Upper
F000463,Deb Fischer,113,2012,0.625599,Federal,Senate
F000463,Deb Fischer,114,2014,1.896919,Federal,Senate
F000463,Deb Fischer,115,2016,0.854815,Federal,Senate
F000463,Deb Fischer,116,2018,0.882118,Federal,Senate
F000463,Deb Fischer,117,2020,0.17167,Federal,Senate
F000463,Deb Fischer,118,2022,1.982142,Federal,Senate
F000464,John Faso,1999-2000,1999,0.784835,State,Lower
F000464,John Faso,2001-2002,2001,0.444772,State,Lower
F000464,John Faso,115,2017,1.826547,Federal,House
F000467,Abby Finkenauer,2015-2016,2015,0.129159,State,Lower
F000467,Abby Finkenauer,2017-2018,2017,0.064444,State,Lower
F000467,Abby Finkenauer,116,2019,1.402026,Federal,House
F000469,Russ Fulcher,2005-2006,2005,0.015524,State,Upper
F000469,Russ Fulcher,2007-2008,2007,1.062241,State,Upper
F000469,Russ Fulcher,2009-2010,2009,0.225623,State,Upper
F000469,Russ Fulcher,2011-2012,2011,0.491033,State,Upper
F000469,Russ Fulcher,2013-2014,2013,0.018519,State,Upper
F000469,Russ Fulcher,116,2019,0.232435,Federal,House
F000469,Russ Fulcher,117,2021,0.402149,Federal,House
F000469,Russ Fulcher,118,2023,1.335834,Federal,House
F000470,Michelle Fischbach,1995-1996,1995,0.004746,State,Upper
F000470,Michelle Fischbach,1997-1998,1997,0.269822,State,Upper
F000470,Michelle Fischbach,1999-2000,1999,0.507833,State,Upper
F000470,Michelle Fischbach,2001-2002,2001,0.439234,State,Upper
F000470,Michelle Fischbach,2003-2004,2003,0.325709,State,Upper
F000470,Michelle Fischbach,2005-2006,2005,0.760354,State,Upper
F000470,Michelle Fischbach,2007-2008,2007,0.319848,State,Upper
F000470,Michelle Fischbach,2009-2010,2009,0.388371,State,Upper
F000470,Michelle Fischbach,2011-2012,2011,0.98596,State,Upper
F000470,Michelle Fischbach,2013-2014,2013,0.246642,State,Upper
F000470,Michelle Fischbach,2015-2016,2015,0.10123,State,Upper
F000470,Michelle Fischbach,2017-2018,2017,1.62148,State,Upper
F000470,Michelle Fischbach,117,2021,0.951752,Federal,House
F000470,Michelle Fischbach,118,2023,1.162526,Federal,House
F000471,Scott Fitzgerald,1995-1996,1995,0.758142,State,Upper
F000471,Scott Fitzgerald,1997-1998,1997,0.069553,State,Upper
F000471,Scott Fitzgerald,1999-2000,1999,0.013189,State,Upper
F000471,Scott Fitzgerald,2003-2004,2003,1.398941,State,Upper
F000471,Scott Fitzgerald,2005-2006,2005,0.805202,State,Upper
F000471,Scott Fitzgerald,2007-2008,2007,0.075878,State,Upper
F000471,Scott Fitzgerald,2009-2010,2009,0.066696,State,Upper
F000471,Scott Fitzgerald,2011-2012,2011,0.358966,State,Upper
F000471,Scott Fitzgerald,2013-2014,2013,0.203265,State,Upper
F000471,Scott Fitzgerald,2015-2016,2015,0.354237,State,Upper
F000471,Scott Fitzgerald,2017-2018,2017,0.581361,State,Upper
F000471,Scott Fitzgerald,2019-2020,2019,0.399207,State,Upper
F000471,Scott Fitzgerald,117,2021,0.578676,Federal,House
F000471,Scott Fitzgerald,118,2023,2.14499,Federal,House
F000474,Mike Flood,2007-2008,2007,2.316191,State,Upper
F000474,Mike Flood,2009-2010,2009,1.904561,State,Upper
F000474,Mike Flood,2011-2012,2011,1.537365,State,Upper
F000474,Mike Flood,117,2021,0.009427,Federal,House
F000474,Mike Flood,2021-2022,2021,1.107371,State,Upper
F000474,Mike Flood,118,2023,0.817043,Federal,House
F000475,Brad Finstad,2003-2004,2003,0.963976,State,Lower
F000475,Brad Finstad,2005-2006,2005,1.177501,State,Lower
F000475,Brad Finstad,2007-2008,2007,0.09076,State,Lower
F000475,Brad Finstad,117,2021,0.0,Federal,House
F000475,Brad Finstad,118,2023,0.701038,Federal,House
F000478,Russell Fry,2015-2016,2015,0.857945,State,Lower
F000478,Russell Fry,2017-2018,2017,2.591534,State,Lower
F000478,Russell Fry,2019-2020,2019,3.378966,State,Lower
F000478,Russell Fry,2021-2022,2021,3.0872,State,Lower
F000478,Russell Fry,118,2023,1.702541,Federal,House
F000480,Vince Fong,2017-2018,2017,0.457789,State,Lower
F000480,Vince Fong,2019-2020,2019,0.562694,State,Lower
F000480,Vince Fong,2021-2022,2021,0.769909,State,Lower
F000480,Vince Fong,118,2023,0.20143,Federal,House
F000480,Vince Fong,2023-2024,2023,0.71661,State,Lower
F000483,Laura Friedman,2017-2018,2017,1.459606,State,Lower
F000483,Laura Friedman,2019-2020,2019,1.340855,State,Lower
F000483,Laura Friedman,2021-2022,2021,1.287036,State,Lower
F000483,Laura Friedman,2023-2024,2023,1.414927,State,Lower
F000484,Randy Fine,2017-2018,2017,1.270848,State,Lower
F000484,Randy Fine,2019-2020,2019,2.022865,State,Lower
F000484,Randy Fine,2021-2022,2021,1.793815,State,Lower
F000484,Randy Fine,2023-2024,2023,1.708755,State,Lower
G000025,Dean A. Gallo,99,1985,0.07992,Federal,House
G000025,Dean A. Gallo,100,1987,0.166116,Federal,House
G000025,Dean A. Gallo,101,1989,0.274368,Federal,House
G000025,Dean A. Gallo,102,1991,0.149407,Federal,House
G000025,Dean A. Gallo,103,1993,0.125347,Federal,House
G000047,Robert Garcia,95,1977,0.0,Federal,House
G000047,Robert Garcia,96,1979,0.529532,Federal,House
G000047,Robert Garcia,97,1981,0.640471,Federal,House
G000047,Robert Garcia,98,1983,0.187492,Federal,House
G000047,Robert Garcia,99,1985,1.845296,Federal,House
G000047,Robert Garcia,100,1987,0.602407,Federal,House
G000047,Robert Garcia,101,1989,0.071709,Federal,House
G000105,Joseph M. Gaydos,93,1973,0.223275,Federal,House
G000105,Joseph M. Gaydos,94,1975,0.280886,Federal,House
G000105,Joseph M. Gaydos,95,1977,1.050528,Federal,House
G000105,Joseph M. Gaydos,96,1979,0.374463,Federal,House
G000105,Joseph M. Gaydos,97,1981,0.339831,Federal,House
G000105,Joseph M. Gaydos,98,1983,0.409673,Federal,House
G000105,Joseph M. Gaydos,99,1985,0.466575,Federal,House
G000105,Joseph M. Gaydos,100,1987,0.653376,Federal,House
G000105,Joseph M. Gaydos,101,1989,0.28871,Federal,House
G000105,Joseph M. Gaydos,102,1991,0.43569,Federal,House
G000120,Sam Gejdenson,97,1981,2.170153,Federal,House
G000120,Sam Gejdenson,98,1983,0.536389,Federal,House
G000120,Sam Gejdenson,99,1985,0.972048,Federal,House
G000120,Sam Gejdenson,100,1987,1.593917,Federal,House
G000120,Sam Gejdenson,101,1989,1.378159,Federal,House
G000120,Sam Gejdenson,102,1991,2.364526,Federal,House
G000120,Sam Gejdenson,103,1993,5.235903,Federal,House
G000120,Sam Gejdenson,104,1995,0.191307,Federal,House
G000120,Sam Gejdenson,105,1997,0.221132,Federal,House
G000120,Sam Gejdenson,106,1999,2.157564,Federal,House
G000121,George Gekas,98,1983,0.203864,Federal,House
G000121,George Gekas,99,1985,1.278438,Federal,House
G000121,George Gekas,100,1987,0.204623,Federal,House
G000121,George Gekas,101,1989,0.40725,Federal,House
G000121,George Gekas,102,1991,0.342955,Federal,House
G000121,George Gekas,103,1993,1.205249,Federal,House
G000121,George Gekas,104,1995,2.246541,Federal,House
G000121,George Gekas,105,1997,5.292471,Federal,House
G000121,George Gekas,106,1999,2.879901,Federal,House
G000121,George Gekas,107,2001,5.958059,Federal,House
G000152,Jim Gibbons,105,1997,0.347697,Federal,House
G000152,Jim Gibbons,106,1999,2.909322,Federal,House
G000152,Jim Gibbons,107,2001,3.803162,Federal,House
G000152,Jim Gibbons,108,2003,4.082835,Federal,House
G000152,Jim Gibbons,109,2005,2.035627,Federal,House
G000153,Sam Gibbons,93,1973,0.590169,Federal,House
G000153,Sam Gibbons,94,1975,0.437393,Federal,House
G000153,Sam Gibbons,95,1977,0.681778,Federal,House
G000153,Sam Gibbons,96,1979,0.33457,Federal,House
G000153,Sam Gibbons,97,1981,4.174196,Federal,House
G000153,Sam Gibbons,98,1983,3.703639,Federal,House
G000153,Sam Gibbons,99,1985,1.055246,Federal,House
G000153,Sam Gibbons,100,1987,0.194019,Federal,House
G000153,Sam Gibbons,101,1989,2.942829,Federal,House
G000153,Sam Gibbons,102,1991,3.181562,Federal,House
G000153,Sam Gibbons,103,1993,1.841106,Federal,House
G000153,Sam Gibbons,104,1995,0.249086,Federal,House
G000210,Paul Gillmor,101,1989,0.043026,Federal,House
G000210,Paul Gillmor,102,1991,0.095077,Federal,House
G000210,Paul Gillmor,103,1993,0.062673,Federal,House
G000210,Paul Gillmor,104,1995,0.306479,Federal,House
G000210,Paul Gillmor,105,1997,0.736334,Federal,House
G000210,Paul Gillmor,106,1999,0.496471,Federal,House
G000210,Paul Gillmor,107,2001,2.103036,Federal,House
G000210,Paul Gillmor,108,2003,0.45944,Federal,House
G000210,Paul Gillmor,109,2005,1.528395,Federal,House
G000210,Paul Gillmor,110,2007,0.369658,Federal,House
G000212,Benjamin Gilman,93,1973,0.198467,Federal,House
G000212,Benjamin Gilman,94,1975,0.171971,Federal,House
G000212,Benjamin Gilman,95,1977,0.245883,Federal,House
G000212,Benjamin Gilman,96,1979,0.215852,Federal,House
G000212,Benjamin Gilman,97,1981,0.570482,Federal,House
G000212,Benjamin Gilman,98,1983,0.212049,Federal,House
G000212,Benjamin Gilman,99,1985,0.853839,Federal,House
G000212,Benjamin Gilman,100,1987,0.256026,Federal,House
G000212,Benjamin Gilman,101,1989,0.766801,Federal,House
G000212,Benjamin Gilman,102,1991,0.581628,Federal,House
G000212,Benjamin Gilman,103,1993,0.956176,Federal,House
G000212,Benjamin Gilman,104,1995,11.420671,Federal,House
G000212,Benjamin Gilman,105,1997,5.523172,Federal,House
G000212,Benjamin Gilman,106,1999,9.992314,Federal,House
G000212,Benjamin Gilman,107,2001,2.956779,Federal,House
G000272,Henry B. Gonzalez,93,1973,2.085534,Federal,House
G000272,Henry B. Gonzalez,94,1975,1.509247,Federal,House
G000272,Henry B. Gonzalez,95,1977,0.139964,Federal,House
G000272,Henry B. Gonzalez,96,1979,1.182132,Federal,House
G000272,Henry B. Gonzalez,97,1981,1.74131,Federal,House
G000272,Henry B. Gonzalez,98,1983,1.691673,Federal,House
G000272,Henry B. Gonzalez,99,1985,1.074298,Federal,House
G000272,Henry B. Gonzalez,100,1987,2.792532,Federal,House
G000272,Henry B. Gonzalez,101,1989,6.683961,Federal,House
G000272,Henry B. Gonzalez,102,1991,6.578732,Federal,House
G000272,Henry B. Gonzalez,103,1993,6.679403,Federal,House
G000272,Henry B. Gonzalez,104,1995,0.133915,Federal,House
G000272,Henry B. Gonzalez,105,1997,0.036162,Federal,House
G000280,Virgil Goode,1994-1995,1994,1.378478,State,Upper
G000280,Virgil Goode,1996-1997,1996,0.782179,State,Upper
G000280,Virgil Goode,105,1997,0.036162,Federal,House
G000280,Virgil Goode,106,1999,0.705106,Federal,House
G000280,Virgil Goode,107,2001,0.775544,Federal,House
G000280,Virgil Goode,108,2003,0.249037,Federal,House
G000280,Virgil Goode,109,2005,0.145778,Federal,House
G000280,Virgil Goode,110,2007,0.262813,Federal,House
G000333,Slade Gorton,97,1980,2.110069,Federal,Senate
G000333,Slade Gorton,98,1982,2.816009,Federal,Senate
G000333,Slade Gorton,99,1984,2.400961,Federal,Senate
G000333,Slade Gorton,101,1988,0.60982,Federal,Senate
G000333,Slade Gorton,102,1990,0.725729,Federal,Senate
G000333,Slade Gorton,103,1992,0.587704,Federal,Senate
G000333,Slade Gorton,104,1994,0.903995,Federal,Senate
G000333,Slade Gorton,105,1996,1.414968,Federal,Senate
G000333,Slade Gorton,106,1998,1.352616,Federal,Senate
G000352,Bob Graham,100,1986,0.487609,Federal,Senate
G000352,Bob Graham,101,1988,1.095302,Federal,Senate
G000352,Bob Graham,102,1990,0.884174,Federal,Senate
G000352,Bob Graham,103,1992,0.647576,Federal,Senate
G000352,Bob Graham,104,1994,0.666549,Federal,Senate
G000352,Bob Graham,105,1996,1.163394,Federal,Senate
G000352,Bob Graham,106,1998,0.891019,Federal,Senate
G000352,Bob Graham,107,2000,1.215941,Federal,Senate
G000352,Bob Graham,108,2002,1.238324,Federal,Senate
G000359,Lindsey Graham,1993-1994,1993,0.0,State,Lower
G000359,Lindsey Graham,104,1995,0.674285,Federal,House
G000359,Lindsey Graham,105,1997,0.09402,Federal,House
G000359,Lindsey Graham,106,1999,1.154508,Federal,House
G000359,Lindsey Graham,107,2001,1.427405,Federal,House
G000359,Lindsey Graham,108,2002,0.215406,Federal,Senate
G000359,Lindsey Graham,109,2004,0.095218,Federal,Senate
G000359,Lindsey Graham,110,2006,0.139835,Federal,Senate
G000359,Lindsey Graham,111,2008,0.324772,Federal,Senate
G000359,Lindsey Graham,112,2010,0.660114,Federal,Senate
G000359,Lindsey Graham,113,2012,0.054358,Federal,Senate
G000359,Lindsey Graham,114,2014,0.419814,Federal,Senate
G000359,Lindsey Graham,115,2016,0.562259,Federal,Senate
G000359,Lindsey Graham,116,2018,1.978724,Federal,Senate
G000359,Lindsey Graham,117,2020,0.109864,Federal,Senate
G000359,Lindsey Graham,118,2022,0.518249,Federal,Senate
G000382,Bill Grant,100,1987,0.068208,Federal,House
G000382,Bill Grant,101,1989,0.120471,Federal,House
G000386,Chuck Grassley,94,1975,0.162133,Federal,House
G000386,Chuck Grassley,95,1977,0.244837,Federal,House
G000386,Chuck Grassley,96,1979,0.358314,Federal,House
G000386,Chuck Grassley,97,1980,1.198704,Federal,Senate
G000386,Chuck Grassley,98,1982,1.189232,Federal,Senate
G000386,Chuck Grassley,99,1984,1.792808,Federal,Senate
G000386,Chuck Grassley,100,1986,0.58247,Federal,Senate
G000386,Chuck Grassley,101,1988,0.461361,Federal,Senate
G000386,Chuck Grassley,102,1990,0.575268,Federal,Senate
G000386,Chuck Grassley,103,1992,0.18235,Federal,Senate
G000386,Chuck Grassley,104,1994,1.472898,Federal,Senate
G000386,Chuck Grassley,105,1996,2.124212,Federal,Senate
G000386,Chuck Grassley,106,1998,1.8307,Federal,Senate
G000386,Chuck Grassley,107,2000,1.355144,Federal,Senate
G000386,Chuck Grassley,108,2002,5.155231,Federal,Senate
G000386,Chuck Grassley,109,2004,4.452135,Federal,Senate
G000386,Chuck Grassley,110,2006,0.701034,Federal,Senate
G000386,Chuck Grassley,111,2008,0.560604,Federal,Senate
G000386,Chuck Grassley,112,2010,0.898283,Federal,Senate
G000386,Chuck Grassley,113,2012,0.207668,Federal,Senate
G000386,Chuck Grassley,114,2014,2.778181,Federal,Senate
G000386,Chuck Grassley,115,2016,3.601145,Federal,Senate
G000386,Chuck Grassley,116,2018,2.214279,Federal,Senate
G000386,Chuck Grassley,117,2020,2.712338,Federal,Senate
G000386,Chuck Grassley,118,2022,1.280771,Federal,Senate
G000388,Mike Gravel,93,1972,0.487627,Federal,Senate
G000388,Mike Gravel,94,1974,1.265925,Federal,Senate
G000388,Mike Gravel,95,1976,1.401767,Federal,Senate
G000388,Mike Gravel,96,1978,0.643611,Federal,Senate
G000410,Gene Green,1989-1990,1989,1.818881,State,Upper
G000410,Gene Green,1991-1992,1991,2.894244,State,Upper
G000410,Gene Green,103,1993,0.065807,Federal,House
G000410,Gene Green,104,1995,0.019131,Federal,House
G000410,Gene Green,105,1997,0.072323,Federal,House
G000410,Gene Green,106,1999,0.316366,Federal,House
G000410,Gene Green,107,2001,0.978435,Federal,House
G000410,Gene Green,108,2003,0.371895,Federal,House
G000410,Gene Green,109,2005,0.545367,Federal,House
G000410,Gene Green,110,2007,2.772335,Federal,House
G000410,Gene Green,111,2009,0.921782,Federal,House
G000410,Gene Green,112,2011,0.311368,Federal,House
G000410,Gene Green,113,2013,0.216288,Federal,House
G000410,Gene Green,114,2015,0.156547,Federal,House
G000410,Gene Green,115,2017,0.779662,Federal,House
G000417,Sedgwick Green,95,1977,0.113485,Federal,House
G000417,Sedgwick Green,96,1979,0.437559,Federal,House
G000417,Sedgwick Green,97,1981,0.48559,Federal,House
G000417,Sedgwick Green,98,1983,0.337566,Federal,House
G000417,Sedgwick Green,99,1985,0.286804,Federal,House
G000417,Sedgwick Green,100,1987,0.507648,Federal,House
G000417,Sedgwick Green,101,1989,0.369773,Federal,House
G000417,Sedgwick Green,102,1991,0.244485,Federal,House
G000439,Jim Greenwood,1989-1990,1989,1.22816,State,Upper
G000439,Jim Greenwood,1991-1992,1991,2.366417,State,Upper
G000439,Jim Greenwood,103,1993,0.112812,Federal,House
G000439,Jim Greenwood,104,1995,0.789069,Federal,House
G000439,Jim Greenwood,105,1997,1.477397,Federal,House
G000439,Jim Greenwood,106,1999,2.092489,Federal,House
G000439,Jim Greenwood,107,2001,4.622203,Federal,House
G000439,Jim Greenwood,108,2003,1.873129,Federal,House
G000480,Wayne Grisham,96,1979,0.021585,Federal,House
G000480,Wayne Grisham,97,1981,0.051622,Federal,House
G000499,John E. Grotberg,99,1985,0.092215,Federal,House
G000511,Frank J. Guarini,96,1979,0.317302,Federal,House
G000511,Frank J. Guarini,97,1981,2.166662,Federal,House
G000511,Frank J. Guarini,98,1983,1.967782,Federal,House
G000511,Frank J. Guarini,99,1985,1.706206,Federal,House
G000511,Frank J. Guarini,100,1987,0.686356,Federal,House
G000511,Frank J. Guarini,101,1989,0.484508,Federal,House
G000511,Frank J. Guarini,102,1991,1.006141,Federal,House
G000515,Vonno Gudger,95,1977,0.032784,Federal,House
G000515,Vonno Gudger,96,1979,0.071231,Federal,House
G000524,Steve Gunderson,97,1981,0.167843,Federal,House
G000524,Steve Gunderson,98,1983,0.163717,Federal,House
G000524,Steve Gunderson,99,1985,0.315664,Federal,House
G000524,Steve Gunderson,100,1987,1.739557,Federal,House
G000524,Steve Gunderson,101,1989,0.317394,Federal,House
G000524,Steve Gunderson,102,1991,0.285232,Federal,House
G000524,Steve Gunderson,103,1993,0.362399,Federal,House
G000524,Steve Gunderson,104,1995,0.865379,Federal,House
G000536,Gil Gutknecht,104,1995,0.712933,Federal,House
G000536,Gil Gutknecht,105,1997,0.072323,Federal,House
G000536,Gil Gutknecht,106,1999,0.233846,Federal,House
G000536,Gil Gutknecht,107,2001,0.031214,Federal,House
G000536,Gil Gutknecht,108,2003,0.544626,Federal,House
G000536,Gil Gutknecht,109,2005,0.09812,Federal,House
G000537,Tennyson Guyer,93,1973,0.077526,Federal,House
G000537,Tennyson Guyer,94,1975,0.068788,Federal,House
G000537,Tennyson Guyer,95,1977,0.291946,Federal,House
G000537,Tennyson Guyer,96,1979,1.186784,Federal,House
G000537,Tennyson Guyer,97,1981,0.491641,Federal,House
G000545,Mark Green,1995-1996,1995,1.95181,State,Lower
G000545,Mark Green,1997-1998,1997,3.994135,State,Lower
G000545,Mark Green,106,1999,1.516043,Federal,House
G000545,Mark Green,107,2001,1.427405,Federal,House
G000545,Mark Green,108,2003,1.512047,Federal,House
G000545,Mark Green,109,2005,1.952088,Federal,House
G000546,Sam Graves,1995-1996,1995,0.486667,State,Upper
G000546,Sam Graves,1997-1998,1997,0.525939,State,Upper
G000546,Sam Graves,1999-2000,1999,0.272667,State,Upper
G000546,Sam Graves,107,2001,0.109249,Federal,House
G000546,Sam Graves,108,2003,0.692408,Federal,House
G000546,Sam Graves,109,2005,0.210256,Federal,House
G000546,Sam Graves,110,2007,0.250672,Federal,House
G000546,Sam Graves,111,2009,0.283451,Federal,House
G000546,Sam Graves,112,2011,3.647454,Federal,House
G000546,Sam Graves,113,2013,0.9365,Federal,House
G000546,Sam Graves,114,2015,0.222461,Federal,House
G000546,Sam Graves,115,2017,0.226344,Federal,House
G000546,Sam Graves,116,2019,0.637355,Federal,House
G000546,Sam Graves,117,2021,2.328294,Federal,House
G000546,Sam Graves,118,2023,7.606567,Federal,House
G000548,Scott Garrett,1996-1997,1996,0.884888,State,Lower
G000548,Scott Garrett,1998-1999,1998,1.126745,State,Lower
G000548,Scott Garrett,2000-2001,2000,1.037852,State,Lower
G000548,Scott Garrett,2002-2003,2002,0.251953,State,Lower
G000548,Scott Garrett,108,2003,0.660558,Federal,House
G000548,Scott Garrett,109,2005,1.017395,Federal,House
G000548,Scott Garrett,110,2007,1.064631,Federal,House
G000548,Scott Garrett,111,2009,0.869242,Federal,House
G000548,Scott Garrett,112,2011,2.380927,Federal,House
G000548,Scott Garrett,113,2013,4.717138,Federal,House
G000548,Scott Garrett,114,2015,1.731632,Federal,House
G000549,Jim Gerlach,1991-1992,1991,1.221363,State,Lower
G000549,Jim Gerlach,1993-1994,1993,1.306055,State,Lower
G000549,Jim Gerlach,1995-1996,1995,1.855657,State,Upper
G000549,Jim Gerlach,1997-1998,1997,1.194705,State,Upper
G000549,Jim Gerlach,1999-2000,1999,1.456688,State,Upper
G000549,Jim Gerlach,2001-2002,2001,2.131457,State,Upper
G000549,Jim Gerlach,108,2003,1.952612,Federal,House
G000549,Jim Gerlach,109,2005,1.60191,Federal,House
G000549,Jim Gerlach,110,2007,0.075202,Federal,House
G000549,Jim Gerlach,111,2009,0.318329,Federal,House
G000549,Jim Gerlach,112,2011,0.751577,Federal,House
G000549,Jim Gerlach,113,2013,2.121349,Federal,House
G000550,Phil Gingrey,2001-2002,2001,0.461952,State,Upper
G000550,Phil Gingrey,108,2003,1.710339,Federal,House
G000550,Phil Gingrey,109,2005,1.217615,Federal,House
G000550,Phil Gingrey,110,2007,0.554762,Federal,House
G000550,Phil Gingrey,111,2009,0.600089,Federal,House
G000550,Phil Gingrey,112,2011,1.367391,Federal,House
G000550,Phil Gingrey,113,2013,0.505099,Federal,House
G000554,Gabby Giffords,2001-2002,2001,0.438296,State,Lower
G000554,Gabby Giffords,2003-2004,2003,0.469186,State,Upper
G000554,Gabby Giffords,2005-2006,2005,0.129695,State,Upper
G000554,Gabby Giffords,110,2007,1.171503,Federal,House
G000554,Gabby Giffords,111,2009,1.276359,Federal,House
G000554,Gabby Giffords,112,2011,0.777725,Federal,House
G000557,Parker Griffith,2007-2010,2007,0.694538,State,Upper
G000557,Parker Griffith,111,2009,0.432249,Federal,House
G000558,Brett Guthrie,2001-2002,2001,1.559429,State,Upper
G000558,Brett Guthrie,2003-2004,2003,1.332117,State,Upper
G000558,Brett Guthrie,2005-2006,2005,0.728222,State,Upper
G000558,Brett Guthrie,2007-2008,2007,1.005384,State,Upper
G000558,Brett Guthrie,111,2009,0.069933,Federal,House
G000558,Brett Guthrie,112,2011,0.579018,Federal,House
G000558,Brett Guthrie,113,2013,1.878649,Federal,House
G000558,Brett Guthrie,114,2015,2.365537,Federal,House
G000558,Brett Guthrie,115,2017,2.838413,Federal,House
G000558,Brett Guthrie,116,2019,1.178322,Federal,House
G000558,Brett Guthrie,117,2021,0.509556,Federal,House
G000558,Brett Guthrie,118,2023,2.314107,Federal,House
G000559,John Garamendi,111,2009,0.097907,Federal,House
G000559,John Garamendi,112,2011,0.282588,Federal,House
G000559,John Garamendi,113,2013,0.060926,Federal,House
G000559,John Garamendi,114,2015,0.164786,Federal,House
G000559,John Garamendi,115,2017,0.389322,Federal,House
G000559,John Garamendi,116,2019,0.633445,Federal,House
G000559,John Garamendi,117,2021,1.505171,Federal,House
G000559,John Garamendi,118,2023,0.339223,Federal,House
G000560,Tom Graves,2003-2004,2003,0.199727,State,Lower
G000560,Tom Graves,2005-2006,2005,0.910068,State,Lower
G000560,Tom Graves,2007-2008,2007,0.82221,State,Lower
G000560,Tom Graves,111,2009,0.013987,Federal,House
G000560,Tom Graves,2009-2010,2009,1.64033,State,Lower
G000560,Tom Graves,112,2011,0.053684,Federal,House
G000560,Tom Graves,113,2013,0.076158,Federal,House
G000560,Tom Graves,114,2015,2.902984,Federal,House
G000560,Tom Graves,115,2017,0.172194,Federal,House
G000560,Tom Graves,116,2019,0.00994,Federal,House
G000562,Cory Gardner,2005-2006,2005,0.165246,State,Lower
G000562,Cory Gardner,2007-2008,2007,0.800765,State,Lower
G000562,Cory Gardner,2009-2010,2009,0.377984,State,Lower
G000562,Cory Gardner,112,2011,1.30758,Federal,House
G000562,Cory Gardner,113,2013,2.881819,Federal,House
G000562,Cory Gardner,114,2014,1.770188,Federal,Senate
G000562,Cory Gardner,115,2016,1.698957,Federal,Senate
G000562,Cory Gardner,116,2018,1.839766,Federal,Senate
G000563,Bob Gibbs,2003-2004,2003,2.595729,State,Lower
G000563,Bob Gibbs,2005-2006,2005,1.166835,State,Lower
G000563,Bob Gibbs,2007-2008,2007,4.175078,State,Lower
G000563,Bob Gibbs,2009-2010,2009,0.507514,State,Upper
G000563,Bob Gibbs,112,2011,0.431386,Federal,House
G000563,Bob Gibbs,113,2013,0.59231,Federal,House
G000563,Bob Gibbs,114,2015,0.368767,Federal,House
G000563,Bob Gibbs,115,2017,1.032996,Federal,House
G000563,Bob Gibbs,116,2019,0.159042,Federal,House
G000563,Bob Gibbs,117,2021,0.113125,Federal,House
G000568,Morgan Griffith,1994-1995,1994,0.583684,State,Lower
G000568,Morgan Griffith,1996-1997,1996,0.76353,State,Lower
G000568,Morgan Griffith,1998-1999,1998,0.879521,State,Lower
G000568,Morgan Griffith,2000-2001,2000,1.004048,State,Lower
G000568,Morgan Griffith,2002-2003,2002,1.897334,State,Lower
G000568,Morgan Griffith,2004-2005,2004,2.109573,State,Lower
G000568,Morgan Griffith,2006-2007,2006,2.072232,State,Lower
G000568,Morgan Griffith,2008-2009,2008,1.591748,State,Lower
G000568,Morgan Griffith,2010-2011,2010,1.326567,State,Lower
G000568,Morgan Griffith,112,2011,0.903036,Federal,House
G000568,Morgan Griffith,113,2013,0.228473,Federal,House
G000568,Morgan Griffith,114,2015,0.910559,Federal,House
G000568,Morgan Griffith,115,2017,2.589074,Federal,House
G000568,Morgan Griffith,116,2019,0.529408,Federal,House
G000568,Morgan Griffith,117,2021,0.9816,Federal,House
G000568,Morgan Griffith,118,2023,1.033639,Federal,House
G000570,Frank Guinta,2001-2002,2001,0.0,State,Lower
G000570,Frank Guinta,2003-2004,2003,0.0,State,Lower
G000570,Frank Guinta,112,2011,0.456816,Federal,House
G000570,Frank Guinta,114,2015,0.841898,Federal,House
G000571,Tulsi Gabbard,2003-2004,2003,0.229398,State,Lower
G000571,Tulsi Gabbard,113,2013,0.867822,Federal,House
G000571,Tulsi Gabbard,114,2015,0.369828,Federal,House
G000571,Tulsi Gabbard,115,2017,0.224154,Federal,House
G000571,Tulsi Gabbard,116,2019,0.561651,Federal,House
G000572,Pete Gallego,1991-1992,1991,2.845954,State,Lower
G000572,Pete Gallego,1993-1994,1993,2.707898,State,Lower
G000572,Pete Gallego,1995-1996,1995,1.331831,State,Lower
G000572,Pete Gallego,1997-1998,1997,2.393296,State,Lower
G000572,Pete Gallego,1999-2000,1999,3.474191,State,Lower
G000572,Pete Gallego,2001-2002,2001,4.192725,State,Lower
G000572,Pete Gallego,2003-2004,2003,1.58112,State,Lower
G000572,Pete Gallego,2005-2006,2005,0.975287,State,Lower
G000572,Pete Gallego,2007-2008,2007,0.874943,State,Lower
G000572,Pete Gallego,2009-2010,2009,2.408426,State,Lower
G000572,Pete Gallego,2011-2012,2011,3.387591,State,Lower
G000572,Pete Gallego,113,2013,0.121852,Federal,House
G000574,Ruben Gallego,2011-2012,2011,0.146524,State,Lower
G000574,Ruben Gallego,2013-2014,2013,0.033383,State,Lower
G000574,Ruben Gallego,114,2015,0.273333,Federal,House
G000574,Ruben Gallego,115,2017,0.110845,Federal,House
G000574,Ruben Gallego,116,2019,2.628042,Federal,House
G000574,Ruben Gallego,117,2021,1.4281,Federal,House
G000574,Ruben Gallego,118,2023,1.148168,Federal,House
G000576,Glenn Grothman,1995-1996,1995,1.764018,State,Lower
G000576,Glenn Grothman,1997-1998,1997,1.988165,State,Lower
G000576,Glenn Grothman,1999-2000,1999,1.359391,State,Lower
G000576,Glenn Grothman,2001-2002,2001,1.093064,State,Lower
G000576,Glenn Grothman,2003-2004,2003,0.875341,State,Lower
G000576,Glenn Grothman,2005-2006,2005,1.443108,State,Upper
G000576,Glenn Grothman,2007-2008,2007,0.448151,State,Upper
G000576,Glenn Grothman,2009-2010,2009,0.4076,State,Upper
G000576,Glenn Grothman,2011-2012,2011,3.847591,State,Upper
G000576,Glenn Grothman,2013-2014,2013,3.85581,State,Upper
G000576,Glenn Grothman,114,2015,0.087886,Federal,House
G000576,Glenn Grothman,115,2017,0.373776,Federal,House
G000576,Glenn Grothman,116,2019,0.17097,Federal,House
G000576,Glenn Grothman,117,2021,0.432148,Federal,House
G000576,Glenn Grothman,118,2023,0.704155,Federal,House
G000578,Matt Gaetz,2009-2010,2009,0.375485,State,Lower
G000578,Matt Gaetz,2011-2012,2011,2.466941,State,Lower
G000578,Matt Gaetz,2013-2014,2013,1.499305,State,Lower
G000578,Matt Gaetz,2015-2016,2015,2.238551,State,Lower
G000578,Matt Gaetz,115,2017,0.468858,Federal,House
G000578,Matt Gaetz,116,2019,0.069581,Federal,House
G000578,Matt Gaetz,117,2021,0.096156,Federal,House
G000578,Matt Gaetz,118,2023,0.310137,Federal,House
G000580,Tom Garrett,2012-2013,2012,1.0825,State,Upper
G000580,Tom Garrett,2014-2015,2014,1.170771,State,Upper
G000580,Tom Garrett,2016-2017,2016,0.425466,State,Upper
G000580,Tom Garrett,115,2017,0.924433,Federal,House
G000580,Tom Garrett,2024-2025,2024,0.700292,State,Lower
G000585,Jimmy Gomez,2013-2014,2013,1.482748,State,Lower
G000585,Jimmy Gomez,2015-2016,2015,1.389621,State,Lower
G000585,Jimmy Gomez,115,2017,0.036948,Federal,House
G000585,Jimmy Gomez,2017-2018,2017,0.359925,State,Lower
G000585,Jimmy Gomez,116,2019,0.25041,Federal,House
G000585,Jimmy Gomez,117,2021,0.359259,Federal,House
G000585,Jimmy Gomez,118,2023,0.326218,Federal,House
G000586,"Jesus ""Chuy"" Garcia",1997-1998,1997,0.718958,State,Upper
G000586,"Jesus ""Chuy"" Garcia",116,2019,0.557241,Federal,House
G000586,"Jesus ""Chuy"" Garcia",117,2021,1.026013,Federal,House
G000586,"Jesus ""Chuy"" Garcia",118,2023,0.09519,Federal,House
G000587,Sylvia Garcia,2013-2014,2013,0.137755,State,Upper
G000587,Sylvia Garcia,2015-2016,2015,0.724641,State,Upper
G000587,Sylvia Garcia,2017-2018,2017,0.484681,State,Upper
G000587,Sylvia Garcia,116,2019,0.768039,Federal,House
G000587,Sylvia Garcia,117,2021,1.615897,Federal,House
G000587,Sylvia Garcia,118,2023,0.370423,Federal,House
G000589,Lance Gooden,2011-2012,2011,0.306783,State,Lower
G000589,Lance Gooden,2013-2014,2013,0.75063,State,Lower
G000589,Lance Gooden,2017-2018,2017,0.892004,State,Lower
G000589,Lance Gooden,116,2019,0.069581,Federal,House
G000589,Lance Gooden,117,2021,0.245105,Federal,House
G000589,Lance Gooden,118,2023,1.157679,Federal,House
G000590,Mark Green,2013-2014,2013,1.463494,State,Upper
G000590,Mark Green,2015-2016,2015,1.161627,State,Upper
G000590,Mark Green,2017-2018,2017,0.892453,State,Upper
G000590,Mark Green,116,2019,0.457839,Federal,House
G000590,Mark Green,117,2021,0.207396,Federal,House
G000590,Mark Green,118,2023,1.934828,Federal,House
G000592,Jared Golden,2015-2016,2015,0.773714,State,Lower
G000592,Jared Golden,2017-2018,2017,2.926425,State,Lower
G000592,Jared Golden,116,2019,0.867885,Federal,House
G000592,Jared Golden,117,2021,0.625811,Federal,House
G000592,Jared Golden,118,2023,0.309436,Federal,House
G000597,Andrew Garbarino,2013-2014,2013,0.45493,State,Lower
G000597,Andrew Garbarino,2015-2016,2015,0.377307,State,Lower
G000597,Andrew Garbarino,2017-2018,2017,0.245587,State,Lower
G000597,Andrew Garbarino,2019-2020,2019,0.638569,State,Lower
G000597,Andrew Garbarino,117,2021,0.892944,Federal,House
G000597,Andrew Garbarino,118,2023,1.084167,Federal,House
G000601,Craig Goldman,2013-2014,2013,0.214208,State,Lower
G000601,Craig Goldman,2015-2016,2015,1.063188,State,Lower
G000601,Craig Goldman,2017-2018,2017,1.628229,State,Lower
G000601,Craig Goldman,2019-2020,2019,1.921004,State,Lower
G000601,Craig Goldman,2021-2022,2021,0.995842,State,Lower
G000601,Craig Goldman,2023-2024,2023,2.557827,State,Lower
G000605,Adam Gray,2013-2014,2013,0.730887,State,Lower
G000605,Adam Gray,2015-2016,2015,0.972934,State,Lower
G000605,Adam Gray,2017-2018,2017,0.865381,State,Lower
G000605,Adam Gray,2019-2020,2019,0.780038,State,Lower
G000605,Adam Gray,2021-2022,2021,0.526278,State,Lower
H000012,Tom Hagedorn,94,1975,0.083692,Federal,House
H000012,Tom Hagedorn,95,1977,0.248405,Federal,House
H000012,Tom Hagedorn,96,1979,0.15973,Federal,House
H000012,Tom Hagedorn,97,1981,0.261941,Federal,House
H000058,Katie Hall,97,1981,0.0,Federal,House
H000058,Katie Hall,98,1983,2.143468,Federal,House
H000067,Ralph Hall,97,1981,0.012291,Federal,House
H000067,Ralph Hall,98,1983,0.505458,Federal,House
H000067,Ralph Hall,99,1985,0.485832,Federal,House
H000067,Ralph Hall,100,1987,0.60164,Federal,House
H000067,Ralph Hall,101,1989,0.479964,Federal,House
H000067,Ralph Hall,102,1991,0.719062,Federal,House
H000067,Ralph Hall,103,1993,0.621954,Federal,House
H000067,Ralph Hall,104,1995,0.042088,Federal,House
H000067,Ralph Hall,105,1997,1.644622,Federal,House
H000067,Ralph Hall,106,1999,0.092527,Federal,House
H000067,Ralph Hall,107,2001,0.311952,Federal,House
H000067,Ralph Hall,108,2003,0.049807,Federal,House
H000067,Ralph Hall,109,2005,0.929178,Federal,House
H000067,Ralph Hall,110,2007,0.525979,Federal,House
H000067,Ralph Hall,111,2009,0.274678,Federal,House
H000067,Ralph Hall,112,2011,2.671943,Federal,House
H000067,Ralph Hall,113,2013,2.058543,Federal,House
H000074,Tony Hall,96,1979,0.023744,Federal,House
H000074,Tony Hall,97,1981,0.049164,Federal,House
H000074,Tony Hall,98,1983,0.070944,Federal,House
H000074,Tony Hall,99,1985,0.092215,Federal,House
H000074,Tony Hall,100,1987,0.077509,Federal,House
H000074,Tony Hall,101,1989,1.04785,Federal,House
H000074,Tony Hall,102,1991,1.479788,Federal,House
H000074,Tony Hall,103,1993,0.280871,Federal,House
H000074,Tony Hall,104,1995,0.355973,Federal,House
H000074,Tony Hall,105,1997,0.180808,Federal,House
H000074,Tony Hall,106,1999,0.770304,Federal,House
H000074,Tony Hall,107,2001,0.093642,Federal,House
H000144,Kent Hance,96,1979,0.118719,Federal,House
H000144,Kent Hance,97,1981,0.245821,Federal,House
H000144,Kent Hance,98,1983,0.291179,Federal,House
H000172,James V. Hansen,97,1981,0.106388,Federal,House
H000172,James V. Hansen,98,1983,0.162152,Federal,House
H000172,James V. Hansen,99,1985,0.620222,Federal,House
H000172,James V. Hansen,100,1987,0.531116,Federal,House
H000172,James V. Hansen,101,1989,0.117603,Federal,House
H000172,James V. Hansen,102,1991,0.687951,Federal,House
H000172,James V. Hansen,103,1993,0.356011,Federal,House
H000172,James V. Hansen,104,1995,5.788641,Federal,House
H000172,James V. Hansen,105,1997,2.984725,Federal,House
H000172,James V. Hansen,106,1999,5.902092,Federal,House
H000172,James V. Hansen,107,2001,8.508043,Federal,House
H000302,Thomas F. Hartnett,97,1981,0.170302,Federal,House
H000302,Thomas F. Hartnett,98,1983,0.146563,Federal,House
H000302,Thomas F. Hartnett,99,1985,0.095289,Federal,House
H000323,Dennis Hastert,100,1987,0.090101,Federal,House
H000323,Dennis Hastert,101,1989,0.225256,Federal,House
H000323,Dennis Hastert,102,1991,0.251269,Federal,House
H000323,Dennis Hastert,103,1993,0.078342,Federal,House
H000323,Dennis Hastert,104,1995,0.211212,Federal,House
H000323,Dennis Hastert,105,1997,0.751442,Federal,House
H000323,Dennis Hastert,106,1999,0.015421,Federal,House
H000323,Dennis Hastert,107,2001,1.301011,Federal,House
H000323,Dennis Hastert,108,2003,1.852997,Federal,House
H000323,Dennis Hastert,109,2005,0.194578,Federal,House
H000323,Dennis Hastert,110,2007,0.0,Federal,House
H000329,Doc Hastings,104,1995,1.772241,Federal,House
H000329,Doc Hastings,105,1997,1.884121,Federal,House
H000329,Doc Hastings,106,1999,0.839932,Federal,House
H000329,Doc Hastings,107,2001,0.672173,Federal,House
H000329,Doc Hastings,108,2003,0.46383,Federal,House
H000329,Doc Hastings,109,2005,1.255564,Federal,House
H000329,Doc Hastings,110,2007,1.188392,Federal,House
H000329,Doc Hastings,111,2009,1.056947,Federal,House
H000329,Doc Hastings,112,2011,7.346228,Federal,House
H000329,Doc Hastings,113,2013,6.642802,Federal,House
H000340,Charles Hatcher,97,1981,0.0,Federal,House
H000340,Charles Hatcher,98,1983,0.054979,Federal,House
H000340,Charles Hatcher,99,1985,0.0,Federal,House
H000340,Charles Hatcher,100,1987,0.11651,Federal,House
H000340,Charles Hatcher,101,1989,0.290647,Federal,House
H000340,Charles Hatcher,102,1991,0.122242,Federal,House
H000343,Mark Hatfield,93,1972,0.523818,Federal,Senate
H000343,Mark Hatfield,94,1974,0.704919,Federal,Senate
H000343,Mark Hatfield,95,1976,0.434978,Federal,Senate
H000343,Mark Hatfield,96,1978,1.610964,Federal,Senate
H000343,Mark Hatfield,97,1980,1.756221,Federal,Senate
H000343,Mark Hatfield,98,1982,1.445353,Federal,Senate
H000343,Mark Hatfield,99,1984,0.225645,Federal,Senate
H000343,Mark Hatfield,100,1986,1.031484,Federal,Senate
H000343,Mark Hatfield,101,1988,0.463509,Federal,Senate
H000343,Mark Hatfield,102,1990,0.191674,Federal,Senate
H000343,Mark Hatfield,103,1992,1.112294,Federal,Senate
H000343,Mark Hatfield,104,1994,1.913267,Federal,Senate
H000367,Augustus Hawkins,93,1973,1.728448,Federal,House
H000367,Augustus Hawkins,94,1975,2.293025,Federal,House
H000367,Augustus Hawkins,95,1977,3.500644,Federal,House
H000367,Augustus Hawkins,96,1979,1.118311,Federal,House
H000367,Augustus Hawkins,97,1981,2.421185,Federal,House
H000367,Augustus Hawkins,98,1983,0.81607,Federal,House
H000367,Augustus Hawkins,99,1985,2.958297,Federal,House
H000367,Augustus Hawkins,100,1987,3.562041,Federal,House
H000367,Augustus Hawkins,101,1989,8.3642,Federal,House
H000439,Chic Hecht,98,1982,0.022586,Federal,Senate
H000439,Chic Hecht,99,1984,0.570059,Federal,Senate
H000439,Chic Hecht,100,1986,0.920876,Federal,Senate
H000444,Joel Hefley,100,1987,0.111612,Federal,House
H000444,Joel Hefley,101,1989,0.144355,Federal,House
H000444,Joel Hefley,102,1991,0.61393,Federal,House
H000444,Joel Hefley,103,1993,1.329247,Federal,House
H000444,Joel Hefley,104,1995,2.768166,Federal,House
H000444,Joel Hefley,105,1997,1.63299,Federal,House
H000444,Joel Hefley,106,1999,1.645903,Federal,House
H000444,Joel Hefley,107,2001,2.980676,Federal,House
H000444,Joel Hefley,108,2003,1.042025,Federal,House
H000444,Joel Hefley,109,2005,0.346325,Federal,House
H000514,Paul B. Henry,99,1985,0.128907,Federal,House
H000514,Paul B. Henry,100,1987,0.124014,Federal,House
H000514,Paul B. Henry,101,1989,0.186444,Federal,House
H000514,Paul B. Henry,102,1991,0.26146,Federal,House
H000514,Paul B. Henry,103,1993,0.015668,Federal,House
H000528,Wally Herger,100,1987,0.124014,Federal,House
H000528,Wally Herger,101,1989,0.639596,Federal,House
H000528,Wally Herger,102,1991,0.10866,Federal,House
H000528,Wally Herger,103,1993,0.434757,Federal,House
H000528,Wally Herger,104,1995,1.005445,Federal,House
H000528,Wally Herger,105,1997,1.759862,Federal,House
H000528,Wally Herger,106,1999,2.385531,Federal,House
H000528,Wally Herger,107,2001,1.779163,Federal,House
H000528,Wally Herger,108,2003,2.403953,Federal,House
H000528,Wally Herger,109,2005,2.391019,Federal,House
H000528,Wally Herger,110,2007,0.912212,Federal,House
H000528,Wally Herger,111,2009,0.87766,Federal,House
H000528,Wally Herger,112,2011,3.746045,Federal,House
H000547,Dennis Hertel,97,1981,0.22684,Federal,House
H000547,Dennis Hertel,98,1983,0.414348,Federal,House
H000547,Dennis Hertel,99,1985,0.25914,Federal,House
H000547,Dennis Hertel,100,1987,0.155017,Federal,House
H000547,Dennis Hertel,101,1989,2.724331,Federal,House
H000547,Dennis Hertel,102,1991,2.417175,Federal,House
H000582,Jack Hightower,94,1975,0.035541,Federal,House
H000582,Jack Hightower,95,1977,0.051699,Federal,House
H000582,Jack Hightower,96,1979,0.155984,Federal,House
H000582,Jack Hightower,97,1981,0.183278,Federal,House
H000582,Jack Hightower,98,1983,0.0191,Federal,House
H000621,Earl Hilliard Sr.,103,1993,0.142029,Federal,House
H000621,Earl Hilliard Sr.,104,1995,0.394235,Federal,House
H000621,Earl Hilliard Sr.,105,1997,0.130728,Federal,House
H000621,Earl Hilliard Sr.,106,1999,0.030842,Federal,House
H000621,Earl Hilliard Sr.,107,2001,0.099885,Federal,House
H000624,Elwood Hillis,93,1973,0.211905,Federal,House
H000624,Elwood Hillis,94,1975,0.104329,Federal,House
H000624,Elwood Hillis,95,1977,0.308344,Federal,House
H000624,Elwood Hillis,96,1979,0.185633,Federal,House
H000624,Elwood Hillis,97,1981,0.225068,Federal,House
H000624,Elwood Hillis,98,1983,0.035472,Federal,House
H000624,Elwood Hillis,99,1985,0.091873,Federal,House
H000627,Maurice Hinchey,103,1993,0.204702,Federal,House
H000627,Maurice Hinchey,104,1995,0.325996,Federal,House
H000627,Maurice Hinchey,105,1997,0.311535,Federal,House
H000627,Maurice Hinchey,106,1999,0.403639,Federal,House
H000627,Maurice Hinchey,107,2001,0.187284,Federal,House
H000627,Maurice Hinchey,108,2003,0.759564,Federal,House
H000627,Maurice Hinchey,109,2005,0.266324,Federal,House
H000627,Maurice Hinchey,110,2007,0.771903,Federal,House
H000627,Maurice Hinchey,111,2009,0.93892,Federal,House
H000627,Maurice Hinchey,112,2011,0.163736,Federal,House
H000652,Peter Hoagland,101,1989,0.204591,Federal,House
H000652,Peter Hoagland,102,1991,0.485564,Federal,House
H000652,Peter Hoagland,103,1993,0.440741,Federal,House
H000666,David Hobson,102,1991,0.027165,Federal,House
H000666,David Hobson,103,1993,0.142029,Federal,House
H000666,David Hobson,104,1995,0.559114,Federal,House
H000666,David Hobson,105,1997,0.036162,Federal,House
H000666,David Hobson,106,1999,2.216702,Federal,House
H000666,David Hobson,107,2001,3.593376,Federal,House
H000666,David Hobson,108,2003,2.670501,Federal,House
H000666,David Hobson,109,2005,2.920134,Federal,House
H000666,David Hobson,110,2007,0.030081,Federal,House
H000670,George Hochbrueckner,100,1987,0.520954,Federal,House
H000670,George Hochbrueckner,101,1989,0.568695,Federal,House
H000670,George Hochbrueckner,102,1991,0.312397,Federal,House
H000670,George Hochbrueckner,103,1993,0.222491,Federal,House
H000722,Harold C. Hollenbeck,95,1977,0.078178,Federal,House
H000722,Harold C. Hollenbeck,96,1979,0.166206,Federal,House
H000722,Harold C. Hollenbeck,97,1981,0.183278,Federal,House
H000725,Fritz Hollings,93,1972,0.517857,Federal,Senate
H000725,Fritz Hollings,94,1974,0.962104,Federal,Senate
H000725,Fritz Hollings,95,1976,0.471166,Federal,Senate
H000725,Fritz Hollings,96,1978,0.803019,Federal,Senate
H000725,Fritz Hollings,97,1980,0.339766,Federal,Senate
H000725,Fritz Hollings,98,1982,0.319022,Federal,Senate
H000725,Fritz Hollings,99,1984,0.10927,Federal,Senate
H000725,Fritz Hollings,100,1986,1.925936,Federal,Senate
H000725,Fritz Hollings,101,1988,2.401475,Federal,Senate
H000725,Fritz Hollings,102,1990,1.913668,Federal,Senate
H000725,Fritz Hollings,103,1992,1.83334,Federal,Senate
H000725,Fritz Hollings,104,1994,1.421151,Federal,Senate
H000725,Fritz Hollings,105,1996,0.607845,Federal,Senate
H000725,Fritz Hollings,106,1998,0.829892,Federal,Senate
H000725,Fritz Hollings,107,2000,3.928717,Federal,Senate
H000725,Fritz Hollings,108,2002,0.989168,Federal,Senate
H000762,Darlene Hooley,105,1997,0.072323,Federal,House
H000762,Darlene Hooley,106,1999,0.266588,Federal,House
H000762,Darlene Hooley,107,2001,0.499236,Federal,House
H000762,Darlene Hooley,108,2003,1.01605,Federal,House
H000762,Darlene Hooley,109,2005,0.325196,Federal,House
H000762,Darlene Hooley,110,2007,0.982427,Federal,House
H000776,Larry Hopkins,96,1979,0.021585,Federal,House
H000776,Larry Hopkins,97,1981,0.049164,Federal,House
H000776,Larry Hopkins,98,1983,0.075619,Federal,House
H000776,Larry Hopkins,99,1985,0.1821,Federal,House
H000776,Larry Hopkins,100,1987,0.582519,Federal,House
H000776,Larry Hopkins,101,1989,0.522988,Federal,House
H000776,Larry Hopkins,102,1991,0.05433,Federal,House
H000874,Steny Hoyer,97,1981,0.906135,Federal,House
H000874,Steny Hoyer,98,1983,1.107642,Federal,House
H000874,Steny Hoyer,99,1985,0.72567,Federal,House
H000874,Steny Hoyer,100,1987,0.947518,Federal,House
H000874,Steny Hoyer,101,1989,0.071709,Federal,House
H000874,Steny Hoyer,102,1991,0.939035,Federal,House
H000874,Steny Hoyer,103,1993,2.301833,Federal,House
H000874,Steny Hoyer,104,1995,0.076523,Federal,House
H000874,Steny Hoyer,105,1997,0.424463,Federal,House
H000874,Steny Hoyer,106,1999,0.208418,Federal,House
H000874,Steny Hoyer,107,2001,0.203369,Federal,House
H000874,Steny Hoyer,108,2003,0.049807,Federal,House
H000874,Steny Hoyer,109,2005,0.09812,Federal,House
H000874,Steny Hoyer,110,2007,2.072332,Federal,House
H000874,Steny Hoyer,111,2009,1.042764,Federal,House
H000874,Steny Hoyer,112,2011,0.040263,Federal,House
H000874,Steny Hoyer,113,2013,0.864035,Federal,House
H000874,Steny Hoyer,114,2015,0.013732,Federal,House
H000874,Steny Hoyer,115,2017,0.061581,Federal,House
H000874,Steny Hoyer,116,2019,2.68696,Federal,House
H000874,Steny Hoyer,117,2021,0.712802,Federal,House
H000874,Steny Hoyer,118,2023,0.008654,Federal,House
H000878,Carroll Hubbard,94,1975,0.030955,Federal,House
H000878,Carroll Hubbard,95,1977,0.011348,Federal,House
H000878,Carroll Hubbard,96,1979,0.034536,Federal,House
H000878,Carroll Hubbard,97,1981,0.66516,Federal,House
H000878,Carroll Hubbard,98,1983,0.642108,Federal,House
H000878,Carroll Hubbard,99,1985,0.276384,Federal,House
H000878,Carroll Hubbard,100,1987,0.107209,Federal,House
H000878,Carroll Hubbard,101,1989,0.071709,Federal,House
H000878,Carroll Hubbard,102,1991,0.05433,Federal,House
H000905,Walter Huddleston,93,1972,0.014834,Federal,Senate
H000905,Walter Huddleston,94,1974,0.753227,Federal,Senate
H000905,Walter Huddleston,95,1976,1.784175,Federal,Senate
H000905,Walter Huddleston,96,1978,0.609817,Federal,Senate
H000905,Walter Huddleston,97,1980,0.630665,Federal,Senate
H000905,Walter Huddleston,98,1982,0.368239,Federal,Senate
H000951,Gordon Humphrey,96,1978,0.028762,Federal,Senate
H000951,Gordon Humphrey,97,1980,0.472631,Federal,Senate
H000951,Gordon Humphrey,98,1982,1.027223,Federal,Senate
H000951,Gordon Humphrey,99,1984,0.47602,Federal,Senate
H000951,Gordon Humphrey,100,1986,0.449662,Federal,Senate
H000951,Gordon Humphrey,101,1988,0.319625,Federal,Senate
H000951,Gordon Humphrey,1991-1992,1991,0.604172,State,Upper
H001015,Tim Hutchinson,103,1993,0.047005,Federal,House
H001015,Tim Hutchinson,104,1995,4.257744,Federal,House
H001015,Tim Hutchinson,105,1996,0.269172,Federal,Senate
H001015,Tim Hutchinson,106,1998,0.230476,Federal,Senate
H001015,Tim Hutchinson,107,2000,0.661221,Federal,Senate
H001016,Kay Bailey Hutchison,103,1992,0.364317,Federal,Senate
H001016,Kay Bailey Hutchison,104,1994,0.836899,Federal,Senate
H001016,Kay Bailey Hutchison,105,1996,1.453257,Federal,Senate
H001016,Kay Bailey Hutchison,106,1998,1.47172,Federal,Senate
H001016,Kay Bailey Hutchison,107,2000,1.668496,Federal,Senate
H001016,Kay Bailey Hutchison,108,2002,1.382952,Federal,Senate
H001016,Kay Bailey Hutchison,109,2004,1.574931,Federal,Senate
H001016,Kay Bailey Hutchison,110,2006,0.429212,Federal,Senate
H001016,Kay Bailey Hutchison,111,2008,1.192928,Federal,Senate
H001016,Kay Bailey Hutchison,112,2010,0.465034,Federal,Senate
H001018,Earl Hutto,96,1979,0.214835,Federal,House
H001018,Earl Hutto,97,1981,0.426013,Federal,House
H001018,Earl Hutto,98,1983,0.151856,Federal,House
H001018,Earl Hutto,99,1985,0.149677,Federal,House
H001018,Earl Hutto,100,1987,2.7622,Federal,House
H001018,Earl Hutto,101,1989,0.323947,Federal,House
H001018,Earl Hutto,102,1991,0.239067,Federal,House
H001018,Earl Hutto,103,1993,0.658477,Federal,House
H001022,Henry Hyde,94,1975,0.098597,Federal,House
H001022,Henry Hyde,95,1977,0.424276,Federal,House
H001022,Henry Hyde,96,1979,0.283337,Federal,House
H001022,Henry Hyde,97,1981,0.278463,Federal,House
H001022,Henry Hyde,98,1983,0.233096,Federal,House
H001022,Henry Hyde,99,1985,0.162913,Federal,House
H001022,Henry Hyde,100,1987,0.077509,Federal,House
H001022,Henry Hyde,101,1989,0.114735,Federal,House
H001022,Henry Hyde,102,1991,0.623459,Federal,House
H001022,Henry Hyde,103,1993,0.175486,Federal,House
H001022,Henry Hyde,104,1995,6.593078,Federal,House
H001022,Henry Hyde,105,1997,9.062207,Federal,House
H001022,Henry Hyde,106,1999,4.037277,Federal,House
H001022,Henry Hyde,107,2001,5.169982,Federal,House
H001022,Henry Hyde,108,2003,3.464883,Federal,House
H001022,Henry Hyde,109,2005,4.275532,Federal,House
H001029,Robin Hayes,1993-1994,1993,0.408994,State,Lower
H001029,Robin Hayes,1995-1996,1995,1.143724,State,Lower
H001029,Robin Hayes,106,1999,0.793347,Federal,House
H001029,Robin Hayes,107,2001,0.637838,Federal,House
H001029,Robin Hayes,108,2003,0.341366,Federal,House
H001029,Robin Hayes,109,2005,0.362783,Federal,House
H001029,Robin Hayes,110,2007,0.325095,Federal,House
H001030,Baron Hill,106,1999,0.015421,Federal,House
H001030,Baron Hill,107,2001,0.239938,Federal,House
H001030,Baron Hill,108,2003,0.206531,Federal,House
H001030,Baron Hill,110,2007,0.568075,Federal,House
H001030,Baron Hill,111,2009,0.647262,Federal,House
H001031,Joseph Hoeffel,106,1999,0.092527,Federal,House
H001031,Joseph Hoeffel,107,2001,0.078035,Federal,House
H001031,Joseph Hoeffel,108,2003,0.245394,Federal,House
H001033,Melissa Hart,1991-1992,1991,1.42465,State,Upper
H001033,Melissa Hart,1993-1994,1993,0.528941,State,Upper
H001033,Melissa Hart,1995-1996,1995,1.412205,State,Upper
H001033,Melissa Hart,1997-1998,1997,1.957278,State,Upper
H001033,Melissa Hart,1999-2000,1999,1.538993,State,Upper
H001033,Melissa Hart,107,2001,1.457081,Federal,House
H001033,Melissa Hart,108,2003,2.429188,Federal,House
H001033,Melissa Hart,109,2005,0.926147,Federal,House
H001034,Michael Honda,1997-1998,1997,1.147082,State,Lower
H001034,Michael Honda,1999-2000,1999,1.138955,State,Lower
H001034,Michael Honda,107,2001,0.046821,Federal,House
H001034,Michael Honda,108,2003,0.166025,Federal,House
H001034,Michael Honda,109,2005,0.154188,Federal,House
H001034,Michael Honda,110,2007,0.270489,Federal,House
H001034,Michael Honda,111,2009,0.153853,Federal,House
H001034,Michael Honda,112,2011,0.469735,Federal,House
H001034,Michael Honda,113,2013,0.472177,Federal,House
H001034,Michael Honda,114,2015,0.625856,Federal,House
H001035,Katherine Harris,108,2003,0.650274,Federal,House
H001035,Katherine Harris,109,2005,0.168205,Federal,House
H001038,Brian Higgins,1999-2000,1999,0.224006,State,Lower
H001038,Brian Higgins,2001-2002,2001,0.421523,State,Lower
H001038,Brian Higgins,2003-2004,2003,0.536902,State,Lower
H001038,Brian Higgins,109,2005,0.156151,Federal,House
H001038,Brian Higgins,110,2007,0.168686,Federal,House
H001038,Brian Higgins,111,2009,0.419821,Federal,House
H001038,Brian Higgins,112,2011,0.348957,Federal,House
H001038,Brian Higgins,113,2013,0.137084,Federal,House
H001038,Brian Higgins,114,2015,0.48961,Federal,House
H001038,Brian Higgins,115,2017,0.086213,Federal,House
H001038,Brian Higgins,116,2019,0.25041,Federal,House
H001038,Brian Higgins,117,2021,0.340405,Federal,House
H001038,Brian Higgins,118,2023,0.060576,Federal,House
H001041,Dean Heller,110,2007,1.012938,Federal,House
H001041,Dean Heller,111,2009,1.273829,Federal,House
H001041,Dean Heller,112,2010,0.349135,Federal,Senate
H001041,Dean Heller,112,2011,0.120789,Federal,House
H001041,Dean Heller,113,2012,0.697139,Federal,Senate
H001041,Dean Heller,114,2014,1.508152,Federal,Senate
H001041,Dean Heller,115,2016,1.647605,Federal,Senate
H001042,Mazie Hirono,110,2007,0.486651,Federal,House
H001042,Mazie Hirono,111,2009,0.297438,Federal,House
H001042,Mazie Hirono,112,2011,0.335525,Federal,House
H001042,Mazie Hirono,113,2012,0.556676,Federal,Senate
H001042,Mazie Hirono,114,2014,0.825504,Federal,Senate
H001042,Mazie Hirono,115,2016,1.289364,Federal,Senate
H001042,Mazie Hirono,116,2018,0.165784,Federal,Senate
H001042,Mazie Hirono,117,2020,1.060848,Federal,Senate
H001042,Mazie Hirono,118,2022,0.284616,Federal,Senate
H001044,Debbie Halvorson,1997-1998,1997,0.664238,State,Upper
H001044,Debbie Halvorson,1999-2000,1999,0.456032,State,Upper
H001044,Debbie Halvorson,2001-2002,2001,0.568504,State,Upper
H001044,Debbie Halvorson,2003-2004,2003,1.283908,State,Upper
H001044,Debbie Halvorson,2005-2006,2005,1.199735,State,Upper
H001044,Debbie Halvorson,2007-2008,2007,0.886967,State,Upper
H001044,Debbie Halvorson,111,2009,1.034561,Federal,House
H001049,Kay Hagan,1999-2000,1999,0.854756,State,Upper
H001049,Kay Hagan,2001-2002,2001,0.938273,State,Upper
H001049,Kay Hagan,2003-2004,2003,1.271743,State,Upper
H001049,Kay Hagan,2005-2006,2005,1.366547,State,Upper
H001049,Kay Hagan,2007-2008,2007,0.891078,State,Upper
H001049,Kay Hagan,111,2008,0.281957,Federal,Senate
H001049,Kay Hagan,112,2010,0.644346,Federal,Senate
H001049,Kay Hagan,113,2012,0.820708,Federal,Senate
H001050,Colleen Hanabusa,1999-2000,1999,0.714314,State,Upper
H001050,Colleen Hanabusa,2001-2002,2001,0.701538,State,Upper
H001050,Colleen Hanabusa,2003-2004,2003,1.82488,State,Upper
H001050,Colleen Hanabusa,2005-2006,2005,1.994951,State,Upper
H001050,Colleen Hanabusa,2007-2008,2007,6.170587,State,Upper
H001050,Colleen Hanabusa,2009-2010,2009,5.237549,State,Upper
H001050,Colleen Hanabusa,112,2011,0.201326,Federal,House
H001050,Colleen Hanabusa,113,2013,0.143176,Federal,House
H001050,Colleen Hanabusa,115,2017,0.981194,Federal,House
H001052,Andy Harris,1999-2002,1999,0.437322,State,Upper
H001052,Andy Harris,2003-2006,2003,0.64201,State,Upper
H001052,Andy Harris,2007-2010,2007,0.26737,State,Upper
H001052,Andy Harris,112,2011,0.321859,Federal,House
H001052,Andy Harris,113,2013,0.285612,Federal,House
H001052,Andy Harris,114,2015,0.096125,Federal,House
H001052,Andy Harris,115,2017,0.167756,Federal,House
H001052,Andy Harris,116,2019,0.00994,Federal,House
H001052,Andy Harris,117,2021,0.009427,Federal,House
H001052,Andy Harris,118,2023,0.203504,Federal,House
H001053,Vicky Hartzler,1995-1996,1995,0.351537,State,Lower
H001053,Vicky Hartzler,1997-1998,1997,0.89148,State,Lower
H001053,Vicky Hartzler,1999-2000,1999,0.393465,State,Lower
H001053,Vicky Hartzler,112,2011,0.579764,Federal,House
H001053,Vicky Hartzler,113,2013,0.091389,Federal,House
H001053,Vicky Hartzler,114,2015,0.068661,Federal,House
H001053,Vicky Hartzler,115,2017,1.309241,Federal,House
H001053,Vicky Hartzler,116,2019,1.090173,Federal,House
H001053,Vicky Hartzler,117,2021,0.527383,Federal,House
H001055,Joe Heck,2005-2006,2005,0.435353,State,Upper
H001055,Joe Heck,2007-2008,2007,1.543272,State,Upper
H001055,Joe Heck,112,2011,2.948404,Federal,House
H001055,Joe Heck,113,2013,2.725835,Federal,House
H001055,Joe Heck,114,2015,1.647114,Federal,House
H001056,Jaime Herrera Beutler,2007-2008,2007,0.214057,State,Lower
H001056,Jaime Herrera Beutler,2009-2010,2009,0.150645,State,Lower
H001056,Jaime Herrera Beutler,112,2011,0.496087,Federal,House
H001056,Jaime Herrera Beutler,113,2013,0.59516,Federal,House
H001056,Jaime Herrera Beutler,114,2015,1.391796,Federal,House
H001056,Jaime Herrera Beutler,115,2017,2.146036,Federal,House
H001056,Jaime Herrera Beutler,116,2019,0.089461,Federal,House
H001056,Jaime Herrera Beutler,117,2021,0.668255,Federal,House
H001057,Tim Huelskamp,112,2011,0.429472,Federal,House
H001057,Tim Huelskamp,113,2013,0.367275,Federal,House
H001057,Tim Huelskamp,114,2015,0.149993,Federal,House
H001058,Bill Huizenga,2003-2004,2003,1.45882,State,Lower
H001058,Bill Huizenga,2005-2006,2005,1.500683,State,Lower
H001058,Bill Huizenga,2007-2008,2007,0.714316,State,Lower
H001058,Bill Huizenga,112,2011,2.137478,Federal,House
H001058,Bill Huizenga,113,2013,1.877416,Federal,House
H001058,Bill Huizenga,114,2015,2.140517,Federal,House
H001058,Bill Huizenga,115,2017,1.415261,Federal,House
H001058,Bill Huizenga,116,2019,0.306831,Federal,House
H001058,Bill Huizenga,117,2021,0.423685,Federal,House
H001058,Bill Huizenga,118,2023,2.070693,Federal,House
H001059,Randy Hultgren,1999-2000,1999,0.450174,State,Lower
H001059,Randy Hultgren,2001-2002,2001,0.566956,State,Lower
H001059,Randy Hultgren,2003-2004,2003,0.316692,State,Lower
H001059,Randy Hultgren,2005-2006,2005,0.437288,State,Lower
H001059,Randy Hultgren,2007-2008,2007,0.542712,State,Upper
H001059,Randy Hultgren,2009-2010,2009,0.22333,State,Upper
H001059,Randy Hultgren,112,2011,0.402385,Federal,House
H001059,Randy Hultgren,113,2013,1.562167,Federal,House
H001059,Randy Hultgren,114,2015,1.303103,Federal,House
H001059,Randy Hultgren,115,2017,2.318469,Federal,House
H001060,Robert Hurt,2002-2003,2002,0.995143,State,Lower
H001060,Robert Hurt,2004-2005,2004,1.645695,State,Lower
H001060,Robert Hurt,2006-2007,2006,2.166657,State,Lower
H001060,Robert Hurt,2008-2009,2008,0.845555,State,Upper
H001060,Robert Hurt,2010-2011,2010,0.468471,State,Upper
H001060,Robert Hurt,112,2011,0.631043,Federal,House
H001060,Robert Hurt,113,2013,1.391225,Federal,House
H001060,Robert Hurt,114,2015,0.769084,Federal,House
H001064,Denny Heck,113,2013,0.837358,Federal,House
H001064,Denny Heck,114,2015,0.927235,Federal,House
H001064,Denny Heck,115,2017,0.314841,Federal,House
H001064,Denny Heck,116,2019,1.341708,Federal,House
H001066,Steven Horsford,2005-2006,2005,0.401467,State,Upper
H001066,Steven Horsford,2007-2008,2007,0.948561,State,Upper
H001066,Steven Horsford,2009-2010,2009,1.373642,State,Upper
H001066,Steven Horsford,2011-2012,2011,1.221852,State,Upper
H001066,Steven Horsford,113,2013,0.479094,Federal,House
H001066,Steven Horsford,116,2019,0.312038,Federal,House
H001066,Steven Horsford,117,2021,0.686082,Federal,House
H001066,Steven Horsford,118,2023,0.257178,Federal,House
H001068,Jared Huffman,2007-2008,2007,0.0,State,Lower
H001068,Jared Huffman,2009-2010,2009,0.0,State,Lower
H001068,Jared Huffman,2011-2012,2011,0.0,State,Lower
H001068,Jared Huffman,113,2013,0.890304,Federal,House
H001068,Jared Huffman,114,2015,0.609378,Federal,House
H001068,Jared Huffman,115,2017,0.754593,Federal,House
H001068,Jared Huffman,116,2019,1.820564,Federal,House
H001068,Jared Huffman,117,2021,1.709357,Federal,House
H001068,Jared Huffman,118,2023,1.904489,Federal,House
H001070,Cresent Hardy,2011-2012,2011,0.377782,State,Lower
H001070,Cresent Hardy,2013-2014,2013,1.230723,State,Lower
H001070,Cresent Hardy,114,2015,0.645826,Federal,House
H001076,Maggie Hassan,2005-2006,2005,0.794549,State,Upper
H001076,Maggie Hassan,2007-2008,2007,1.594178,State,Upper
H001076,Maggie Hassan,2009-2010,2009,2.011424,State,Upper
H001076,Maggie Hassan,115,2016,0.574681,Federal,Senate
H001076,Maggie Hassan,116,2018,0.720282,Federal,Senate
H001076,Maggie Hassan,117,2020,1.752995,Federal,Senate
H001076,Maggie Hassan,118,2022,1.287442,Federal,Senate
H001079,Cindy Hyde-Smith,2000-2003,2000,0.0,State,Upper
H001079,Cindy Hyde-Smith,2004-2007,2004,0.849284,State,Upper
H001079,Cindy Hyde-Smith,2008-2011,2008,1.307139,State,Upper
H001079,Cindy Hyde-Smith,115,2016,0.021988,Federal,Senate
H001079,Cindy Hyde-Smith,116,2018,0.119273,Federal,Senate
H001079,Cindy Hyde-Smith,117,2020,0.022469,Federal,Senate
H001079,Cindy Hyde-Smith,118,2022,0.118641,Federal,Senate
H001084,Yvette Herrell,2011-2012,2011,0.961052,State,Lower
H001084,Yvette Herrell,2013-2014,2013,1.639022,State,Lower
H001084,Yvette Herrell,2015-2016,2015,1.239684,State,Lower
H001084,Yvette Herrell,2017-2018,2017,0.655944,State,Lower
H001084,Yvette Herrell,117,2021,0.216823,Federal,House
H001091,Ashley Hinson,2017-2018,2017,2.84507,State,Lower
H001091,Ashley Hinson,2019-2020,2019,2.903529,State,Lower
H001091,Ashley Hinson,117,2021,0.390668,Federal,House
H001091,Ashley Hinson,118,2023,2.516276,Federal,House
H001093,Erin Houchin,2015-2016,2015,0.529147,State,Upper
H001093,Erin Houchin,2017-2018,2017,2.10103,State,Upper
H001093,Erin Houchin,2019-2020,2019,2.324032,State,Upper
H001093,Erin Houchin,2021-2022,2021,0.847111,State,Upper
H001093,Erin Houchin,118,2023,2.025247,Federal,House
H001094,Val Hoyle,2009-2010,2009,0.169232,State,Lower
H001094,Val Hoyle,2011-2012,2011,0.898709,State,Lower
H001094,Val Hoyle,2013-2014,2013,1.191482,State,Lower
H001094,Val Hoyle,2015-2016,2015,1.95288,State,Lower
H001094,Val Hoyle,118,2023,1.103215,Federal,House
H001099,Mike Haridopolos,2001-2002,2001,0.953691,State,Lower
H001099,Mike Haridopolos,2003-2004,2003,0.0,State,Lower
H001099,Mike Haridopolos,2003-2004,2003,0.515479,State,Upper
H001099,Mike Haridopolos,2005-2006,2005,1.089208,State,Upper
H001099,Mike Haridopolos,2007-2008,2007,1.079541,State,Upper
H001099,Mike Haridopolos,2009-2010,2009,1.116244,State,Upper
H001099,Mike Haridopolos,2011-2012,2011,0.209826,State,Upper
H001104,Jon Husted,2001-2002,2001,2.711057,State,Lower
H001104,Jon Husted,2003-2004,2003,0.034117,State,Lower
H001104,Jon Husted,2005-2006,2005,0.0,State,Lower
H001104,Jon Husted,2007-2008,2007,0.122917,State,Lower
H001104,Jon Husted,2009-2010,2009,0.630801,State,Upper
I000001,Richard Ichord,93,1973,0.985501,Federal,House
I000001,Richard Ichord,94,1975,2.852859,Federal,House
I000001,Richard Ichord,95,1977,0.36382,Federal,House
I000001,Richard Ichord,96,1979,0.066914,Federal,House
I000024,Jim Inhofe,100,1987,0.062007,Federal,House
I000024,Jim Inhofe,101,1989,0.121408,Federal,House
I000024,Jim Inhofe,102,1991,0.531098,Federal,House
I000024,Jim Inhofe,103,1993,0.015668,Federal,House
I000024,Jim Inhofe,104,1994,0.194403,Federal,Senate
I000024,Jim Inhofe,105,1996,0.266749,Federal,Senate
I000024,Jim Inhofe,106,1998,0.839808,Federal,Senate
I000024,Jim Inhofe,107,2000,0.309808,Federal,Senate
I000024,Jim Inhofe,108,2002,1.167607,Federal,Senate
I000024,Jim Inhofe,109,2004,3.067581,Federal,Senate
I000024,Jim Inhofe,110,2006,0.798686,Federal,Senate
I000024,Jim Inhofe,111,2008,0.198378,Federal,Senate
I000024,Jim Inhofe,112,2010,0.811788,Federal,Senate
I000024,Jim Inhofe,113,2012,0.441607,Federal,Senate
I000024,Jim Inhofe,114,2014,1.286567,Federal,Senate
I000024,Jim Inhofe,115,2016,0.680201,Federal,Senate
I000024,Jim Inhofe,116,2018,1.211936,Federal,Senate
I000024,Jim Inhofe,117,2020,0.170172,Federal,Senate
I000025,Daniel Inouye,93,1972,1.662034,Federal,Senate
I000025,Daniel Inouye,94,1974,1.235381,Federal,Senate
I000025,Daniel Inouye,95,1976,1.420542,Federal,Senate
I000025,Daniel Inouye,96,1978,2.748218,Federal,Senate
I000025,Daniel Inouye,97,1980,1.093764,Federal,Senate
I000025,Daniel Inouye,98,1982,1.352727,Federal,Senate
I000025,Daniel Inouye,99,1984,1.681105,Federal,Senate
I000025,Daniel Inouye,100,1986,3.489026,Federal,Senate
I000025,Daniel Inouye,101,1988,2.784231,Federal,Senate
I000025,Daniel Inouye,102,1990,3.393294,Federal,Senate
I000025,Daniel Inouye,103,1992,1.920404,Federal,Senate
I000025,Daniel Inouye,104,1994,0.857033,Federal,Senate
I000025,Daniel Inouye,105,1996,0.493211,Federal,Senate
I000025,Daniel Inouye,106,1998,0.955702,Federal,Senate
I000025,Daniel Inouye,107,2000,0.736532,Federal,Senate
I000025,Daniel Inouye,108,2002,0.840208,Federal,Senate
I000025,Daniel Inouye,109,2004,1.276066,Federal,Senate
I000025,Daniel Inouye,110,2006,2.528394,Federal,Senate
I000025,Daniel Inouye,111,2008,0.987771,Federal,Senate
I000025,Daniel Inouye,112,2010,0.727353,Federal,Senate
I000026,Jay Inslee,1991-1992,1991,0.538392,State,Lower
I000026,Jay Inslee,103,1993,0.555133,Federal,House
I000026,Jay Inslee,106,1999,0.13879,Federal,House
I000026,Jay Inslee,107,2001,0.850458,Federal,House
I000026,Jay Inslee,108,2003,0.182627,Federal,House
I000026,Jay Inslee,109,2005,0.234188,Federal,House
I000026,Jay Inslee,110,2007,1.121269,Federal,House
I000026,Jay Inslee,111,2009,3.223314,Federal,House
I000026,Jay Inslee,112,2011,0.202062,Federal,House
I000047,Ernest Istook,103,1993,0.062673,Federal,House
I000047,Ernest Istook,104,1995,0.019131,Federal,House
I000047,Ernest Istook,105,1997,0.134344,Federal,House
I000047,Ernest Istook,106,1999,4.21814,Federal,House
I000047,Ernest Istook,107,2001,2.35531,Federal,House
I000047,Ernest Istook,108,2003,2.372826,Federal,House
I000047,Ernest Istook,109,2005,0.028034,Federal,House
I000055,Johnny Isakson,106,1999,0.185053,Federal,House
I000055,Johnny Isakson,107,2001,0.51742,Federal,House
I000055,Johnny Isakson,108,2003,0.086333,Federal,House
I000055,Johnny Isakson,109,2004,0.512109,Federal,Senate
I000055,Johnny Isakson,110,2006,0.460243,Federal,Senate
I000055,Johnny Isakson,111,2008,0.161828,Federal,Senate
I000055,Johnny Isakson,112,2010,1.071195,Federal,Senate
I000055,Johnny Isakson,113,2012,0.160105,Federal,Senate
I000055,Johnny Isakson,114,2014,1.186708,Federal,Senate
I000055,Johnny Isakson,115,2016,1.048097,Federal,Senate
I000055,Johnny Isakson,116,2018,0.39156,Federal,Senate
J000020,Chris Jacobs,2017-2018,2017,0.699448,State,Upper
J000020,Chris Jacobs,116,2019,0.01988,Federal,House
J000020,Chris Jacobs,2019-2020,2019,0.31221,State,Upper
J000020,Chris Jacobs,117,2021,0.406395,Federal,House
J000033,Andrew Jacobs Jr.,94,1975,0.282829,Federal,House
J000033,Andrew Jacobs Jr.,95,1977,0.972904,Federal,House
J000033,Andrew Jacobs Jr.,96,1979,0.57042,Federal,House
J000033,Andrew Jacobs Jr.,97,1981,1.628919,Federal,House
J000033,Andrew Jacobs Jr.,98,1983,1.569621,Federal,House
J000033,Andrew Jacobs Jr.,99,1985,0.617841,Federal,House
J000033,Andrew Jacobs Jr.,100,1987,0.809684,Federal,House
J000033,Andrew Jacobs Jr.,101,1989,0.603294,Federal,House
J000033,Andrew Jacobs Jr.,102,1991,1.898864,Federal,House
J000033,Andrew Jacobs Jr.,103,1993,3.568665,Federal,House
J000033,Andrew Jacobs Jr.,104,1995,1.326555,Federal,House
J000070,William J. Jefferson,102,1991,0.596294,Federal,House
J000070,William J. Jefferson,103,1993,0.752488,Federal,House
J000070,William J. Jefferson,104,1995,0.210825,Federal,House
J000070,William J. Jefferson,105,1997,0.054242,Federal,House
J000070,William J. Jefferson,106,1999,0.064769,Federal,House
J000070,William J. Jefferson,107,2001,0.143584,Federal,House
J000070,William J. Jefferson,108,2003,0.116217,Federal,House
J000070,William J. Jefferson,109,2005,0.609518,Federal,House
J000070,William J. Jefferson,110,2007,0.826224,Federal,House
J000072,Jim Jeffords,94,1975,0.09745,Federal,House
J000072,Jim Jeffords,95,1977,0.927088,Federal,House
J000072,Jim Jeffords,96,1979,1.153121,Federal,House
J000072,Jim Jeffords,97,1981,0.408346,Federal,House
J000072,Jim Jeffords,98,1983,1.273365,Federal,House
J000072,Jim Jeffords,99,1985,0.940689,Federal,House
J000072,Jim Jeffords,100,1987,1.551575,Federal,House
J000072,Jim Jeffords,101,1988,0.562777,Federal,Senate
J000072,Jim Jeffords,102,1990,0.510693,Federal,Senate
J000072,Jim Jeffords,103,1992,0.554298,Federal,Senate
J000072,Jim Jeffords,104,1994,0.82498,Federal,Senate
J000072,Jim Jeffords,105,1996,2.666442,Federal,Senate
J000072,Jim Jeffords,106,1998,1.531247,Federal,Senate
J000072,Jim Jeffords,107,2000,1.396857,Federal,Senate
J000072,Jim Jeffords,108,2002,0.391645,Federal,Senate
J000072,Jim Jeffords,109,2004,1.098729,Federal,Senate
J000082,Bill Jenkins,105,1997,0.036162,Federal,House
J000082,Bill Jenkins,106,1999,0.248083,Federal,House
J000082,Bill Jenkins,107,2001,0.756816,Federal,House
J000082,Bill Jenkins,108,2003,0.551181,Federal,House
J000082,Bill Jenkins,109,2005,0.290256,Federal,House
J000099,John Jenrette,94,1975,0.138723,Federal,House
J000099,John Jenrette,95,1977,0.27682,Federal,House
J000099,John Jenrette,96,1979,0.110084,Federal,House
J000101,Roger Jepsen,96,1978,0.162986,Federal,Senate
J000101,Roger Jepsen,97,1980,1.138033,Federal,Senate
J000101,Roger Jepsen,98,1982,1.20459,Federal,Senate
J000110,Christopher John,105,1997,0.054242,Federal,House
J000110,Christopher John,106,1999,0.334317,Federal,House
J000110,Christopher John,107,2001,0.486206,Federal,House
J000110,Christopher John,108,2003,0.59115,Federal,House
J000120,Don Johnson Jr.,103,1993,0.079355,Federal,House
J000126,Eddie Bernice Johnson,1989-1990,1989,0.809346,State,Upper
J000126,Eddie Bernice Johnson,1991-1992,1991,1.029594,State,Upper
J000126,Eddie Bernice Johnson,103,1993,0.13776,Federal,House
J000126,Eddie Bernice Johnson,104,1995,0.022957,Federal,House
J000126,Eddie Bernice Johnson,105,1997,0.054242,Federal,House
J000126,Eddie Bernice Johnson,106,1999,0.033926,Federal,House
J000126,Eddie Bernice Johnson,107,2001,0.323522,Federal,House
J000126,Eddie Bernice Johnson,108,2003,0.209851,Federal,House
J000126,Eddie Bernice Johnson,109,2005,0.239433,Federal,House
J000126,Eddie Bernice Johnson,110,2007,0.650411,Federal,House
J000126,Eddie Bernice Johnson,111,2009,0.316099,Federal,House
J000126,Eddie Bernice Johnson,112,2011,0.260368,Federal,House
J000126,Eddie Bernice Johnson,113,2013,0.152315,Federal,House
J000126,Eddie Bernice Johnson,114,2015,0.1538,Federal,House
J000126,Eddie Bernice Johnson,115,2017,0.09114,Federal,House
J000126,Eddie Bernice Johnson,116,2019,2.725008,Federal,House
J000126,Eddie Bernice Johnson,117,2021,2.744288,Federal,House
J000135,Harold Johnson,93,1973,4.433406,Federal,House
J000135,Harold Johnson,94,1975,5.561498,Federal,House
J000135,Harold Johnson,95,1977,5.17052,Federal,House
J000135,Harold Johnson,96,1979,2.716275,Federal,House
J000163,Nancy Johnson,98,1983,0.128245,Federal,House
J000163,Nancy Johnson,99,1985,0.450394,Federal,House
J000163,Nancy Johnson,100,1987,0.240524,Federal,House
J000163,Nancy Johnson,101,1989,0.215128,Federal,House
J000163,Nancy Johnson,102,1991,0.31579,Federal,House
J000163,Nancy Johnson,103,1993,1.709677,Federal,House
J000163,Nancy Johnson,104,1995,4.988986,Federal,House
J000163,Nancy Johnson,105,1997,0.578585,Federal,House
J000163,Nancy Johnson,106,1999,4.187563,Federal,House
J000163,Nancy Johnson,107,2001,3.699603,Federal,House
J000163,Nancy Johnson,108,2003,1.040971,Federal,House
J000163,Nancy Johnson,109,2005,1.875967,Federal,House
J000174,Sam Johnson,1989-1990,1989,0.764526,State,Lower
J000174,Sam Johnson,102,1991,0.05433,Federal,House
J000174,Sam Johnson,1991-1992,1991,0.351231,State,Lower
J000174,Sam Johnson,103,1993,0.047005,Federal,House
J000174,Sam Johnson,104,1995,0.038261,Federal,House
J000174,Sam Johnson,105,1997,0.93225,Federal,House
J000174,Sam Johnson,106,1999,1.793606,Federal,House
J000174,Sam Johnson,107,2001,0.669074,Federal,House
J000174,Sam Johnson,108,2003,0.863569,Federal,House
J000174,Sam Johnson,109,2005,1.000575,Federal,House
J000174,Sam Johnson,110,2007,0.087735,Federal,House
J000174,Sam Johnson,111,2009,0.142664,Federal,House
J000174,Sam Johnson,112,2011,0.739323,Federal,House
J000174,Sam Johnson,113,2013,1.851328,Federal,House
J000174,Sam Johnson,114,2015,1.923663,Federal,House
J000174,Sam Johnson,115,2017,2.552877,Federal,House
J000177,Tim Johnson,100,1987,1.729402,Federal,House
J000177,Tim Johnson,101,1989,1.543087,Federal,House
J000177,Tim Johnson,102,1991,0.990172,Federal,House
J000177,Tim Johnson,103,1993,0.75487,Federal,House
J000177,Tim Johnson,104,1995,1.459419,Federal,House
J000177,Tim Johnson,105,1996,0.753569,Federal,Senate
J000177,Tim Johnson,106,1998,0.706123,Federal,Senate
J000177,Tim Johnson,107,2000,0.978506,Federal,Senate
J000177,Tim Johnson,108,2002,0.334399,Federal,Senate
J000177,Tim Johnson,109,2004,0.941713,Federal,Senate
J000177,Tim Johnson,110,2006,0.289183,Federal,Senate
J000177,Tim Johnson,111,2008,0.687202,Federal,Senate
J000177,Tim Johnson,112,2010,1.414774,Federal,Senate
J000177,Tim Johnson,113,2012,0.934691,Federal,Senate
J000187,Harry Johnston,101,1989,0.031552,Federal,House
J000187,Harry Johnston,102,1991,0.090869,Federal,House
J000187,Harry Johnston,103,1993,1.570944,Federal,House
J000187,Harry Johnston,104,1995,0.134302,Federal,House
J000189,J. Bennett Johnston,93,1972,0.69266,Federal,Senate
J000189,J. Bennett Johnston,94,1974,0.395678,Federal,Senate
J000189,J. Bennett Johnston,95,1976,0.743145,Federal,Senate
J000189,J. Bennett Johnston,96,1978,0.962238,Federal,Senate
J000189,J. Bennett Johnston,97,1980,0.489207,Federal,Senate
J000189,J. Bennett Johnston,98,1982,0.507118,Federal,Senate
J000189,J. Bennett Johnston,99,1984,0.881313,Federal,Senate
J000189,J. Bennett Johnston,100,1986,3.297034,Federal,Senate
J000189,J. Bennett Johnston,101,1988,3.18216,Federal,Senate
J000189,J. Bennett Johnston,102,1990,2.135659,Federal,Senate
J000189,J. Bennett Johnston,103,1992,3.450912,Federal,Senate
J000189,J. Bennett Johnston,104,1994,0.541217,Federal,Senate
J000255,Walter B. Jones Jr.,104,1995,1.387218,Federal,House
J000255,Walter B. Jones Jr.,105,1997,1.694989,Federal,House
J000255,Walter B. Jones Jr.,106,1999,0.94788,Federal,House
J000255,Walter B. Jones Jr.,107,2001,0.910529,Federal,House
J000255,Walter B. Jones Jr.,108,2003,0.784486,Federal,House
J000255,Walter B. Jones Jr.,109,2005,1.736667,Federal,House
J000255,Walter B. Jones Jr.,110,2007,0.682219,Federal,House
J000255,Walter B. Jones Jr.,111,2009,0.897436,Federal,House
J000255,Walter B. Jones Jr.,112,2011,1.537009,Federal,House
J000255,Walter B. Jones Jr.,113,2013,1.017311,Federal,House
J000255,Walter B. Jones Jr.,114,2015,0.650726,Federal,House
J000255,Walter B. Jones Jr.,115,2017,0.401054,Federal,House
J000255,Walter B. Jones Jr.,116,2019,0.021868,Federal,House
J000256,Walter Jones,93,1973,0.783702,Federal,House
J000256,Walter Jones,94,1975,0.729567,Federal,House
J000256,Walter Jones,95,1977,0.410877,Federal,House
J000256,Walter Jones,96,1979,0.086074,Federal,House
J000256,Walter Jones,97,1981,4.971344,Federal,House
J000256,Walter Jones,98,1983,4.327332,Federal,House
J000256,Walter Jones,99,1985,2.446717,Federal,House
J000256,Walter Jones,100,1987,5.675133,Federal,House
J000256,Walter Jones,101,1989,6.488161,Federal,House
J000256,Walter Jones,102,1991,4.854353,Federal,House
J000265,Jim Jontz,100,1987,0.220619,Federal,House
J000265,Jim Jontz,101,1989,1.176374,Federal,House
J000265,Jim Jontz,102,1991,0.642281,Federal,House
J000285,Tim Johnson,1997-1998,1997,0.246329,State,Lower
J000285,Tim Johnson,1999-2000,1999,1.067316,State,Lower
J000285,Tim Johnson,107,2001,0.172042,Federal,House
J000285,Tim Johnson,108,2003,0.016602,Federal,House
J000285,Tim Johnson,109,2005,0.250646,Federal,House
J000285,Tim Johnson,110,2007,0.090242,Federal,House
J000285,Tim Johnson,111,2009,0.069933,Federal,House
J000285,Tim Johnson,112,2011,0.174473,Federal,House
J000289,Jim Jordan,1997-1998,1997,0.485132,State,Lower
J000289,Jim Jordan,1999-2000,1999,0.408056,State,Lower
J000289,Jim Jordan,2001-2002,2001,1.483135,State,Upper
J000289,Jim Jordan,2003-2004,2003,1.037455,State,Upper
J000289,Jim Jordan,2005-2006,2005,0.731314,State,Upper
J000289,Jim Jordan,110,2007,0.062668,Federal,House
J000289,Jim Jordan,111,2009,0.097907,Federal,House
J000289,Jim Jordan,112,2011,0.080526,Federal,House
J000289,Jim Jordan,113,2013,0.076158,Federal,House
J000289,Jim Jordan,114,2015,0.027464,Federal,House
J000289,Jim Jordan,115,2017,0.024632,Federal,House
J000289,Jim Jordan,116,2019,0.00994,Federal,House
J000289,Jim Jordan,117,2021,0.009427,Federal,House
J000289,Jim Jordan,118,2023,0.008654,Federal,House
J000290,Lynn Jenkins,111,2009,0.330624,Federal,House
J000290,Lynn Jenkins,112,2011,0.456069,Federal,House
J000290,Lynn Jenkins,113,2013,2.353831,Federal,House
J000290,Lynn Jenkins,114,2015,1.922074,Federal,House
J000290,Lynn Jenkins,115,2017,1.673834,Federal,House
J000294,Hakeem Jeffries,2007-2008,2007,0.525377,State,Lower
J000294,Hakeem Jeffries,2009-2010,2009,1.341401,State,Lower
J000294,Hakeem Jeffries,2011-2012,2011,1.309492,State,Lower
J000294,Hakeem Jeffries,113,2013,1.39296,Federal,House
J000294,Hakeem Jeffries,114,2015,0.928296,Federal,House
J000294,Hakeem Jeffries,115,2017,1.583961,Federal,House
J000294,Hakeem Jeffries,116,2019,2.628924,Federal,House
J000294,Hakeem Jeffries,117,2021,6.575806,Federal,House
J000294,Hakeem Jeffries,118,2023,0.0,Federal,House
J000297,Evan Jenkins,1995-1996,1995,0.727213,State,Lower
J000297,Evan Jenkins,1997-1998,1997,1.50762,State,Lower
J000297,Evan Jenkins,1999-2000,1999,1.818019,State,Lower
J000297,Evan Jenkins,2003-2004,2003,0.459312,State,Upper
J000297,Evan Jenkins,2005-2006,2005,0.777872,State,Upper
J000297,Evan Jenkins,2007-2008,2007,0.828099,State,Upper
J000297,Evan Jenkins,2009-2010,2009,0.960532,State,Upper
J000297,Evan Jenkins,2011-2012,2011,0.792237,State,Upper
J000297,Evan Jenkins,2013-2014,2013,0.848068,State,Upper
J000297,Evan Jenkins,114,2015,0.379753,Federal,House
J000297,Evan Jenkins,115,2017,0.447051,Federal,House
J000298,Pramila Jayapal,2015-2016,2015,0.409119,State,Upper
J000298,Pramila Jayapal,115,2017,0.135478,Federal,House
J000298,Pramila Jayapal,116,2019,0.862273,Federal,House
J000298,Pramila Jayapal,117,2021,2.001337,Federal,House
J000298,Pramila Jayapal,118,2023,0.242302,Federal,House
J000299,Mike Johnson,2012-2015,2012,0.104505,State,Lower
J000299,Mike Johnson,2016-2019,2016,0.563099,State,Lower
J000299,Mike Johnson,115,2017,1.571742,Federal,House
J000299,Mike Johnson,116,2019,0.283258,Federal,House
J000299,Mike Johnson,117,2021,1.994144,Federal,House
J000299,Mike Johnson,118,2023,0.069229,Federal,House
J000308,Jeff Jackson,2015-2016,2015,0.322343,State,Upper
J000308,Jeff Jackson,2017-2018,2017,1.416085,State,Upper
J000308,Jeff Jackson,2019-2020,2019,0.717254,State,Upper
J000308,Jeff Jackson,2021-2022,2021,0.076822,State,Upper
J000308,Jeff Jackson,118,2023,0.103844,Federal,House
J000310,Julie Johnson,2019-2020,2019,0.741194,State,Lower
J000310,Julie Johnson,2021-2022,2021,0.760509,State,Lower
J000310,Julie Johnson,2023-2024,2023,1.336576,State,Lower
K000016,John Kasich,98,1983,0.100176,Federal,House
K000016,John Kasich,99,1985,0.17922,Federal,House
K000016,John Kasich,100,1987,0.815949,Federal,House
K000016,John Kasich,101,1989,0.323947,Federal,House
K000016,John Kasich,102,1991,0.948494,Federal,House
K000016,John Kasich,103,1993,0.09401,Federal,House
K000016,John Kasich,104,1995,2.296402,Federal,House
K000016,John Kasich,105,1997,2.565639,Federal,House
K000016,John Kasich,106,1999,0.13879,Federal,House
K000019,Bob Kasten,94,1975,0.12038,Federal,House
K000019,Bob Kasten,95,1977,0.214746,Federal,House
K000019,Bob Kasten,97,1980,0.594808,Federal,Senate
K000019,Bob Kasten,98,1982,0.914384,Federal,Senate
K000019,Bob Kasten,99,1984,1.485367,Federal,Senate
K000019,Bob Kasten,100,1986,0.091723,Federal,Senate
K000019,Bob Kasten,101,1988,0.340135,Federal,Senate
K000019,Bob Kasten,102,1990,0.427687,Federal,Senate
K000025,Abraham Kazen Jr.,93,1973,0.042381,Federal,House
K000025,Abraham Kazen Jr.,94,1975,0.024076,Federal,House
K000025,Abraham Kazen Jr.,95,1977,0.122525,Federal,House
K000025,Abraham Kazen Jr.,96,1979,0.341868,Federal,House
K000025,Abraham Kazen Jr.,97,1981,1.838682,Federal,House
K000025,Abraham Kazen Jr.,98,1983,1.255218,Federal,House
K000113,Patrick J. Kennedy,104,1995,0.114784,Federal,House
K000113,Patrick J. Kennedy,105,1997,0.532948,Federal,House
K000113,Patrick J. Kennedy,106,1999,0.310197,Federal,House
K000113,Patrick J. Kennedy,107,2001,0.526697,Federal,House
K000113,Patrick J. Kennedy,108,2003,0.444624,Federal,House
K000113,Patrick J. Kennedy,109,2005,0.196239,Federal,House
K000113,Patrick J. Kennedy,110,2007,2.067457,Federal,House
K000113,Patrick J. Kennedy,111,2009,0.493251,Federal,House
K000172,Dale Kildee,95,1977,0.145008,Federal,House
K000172,Dale Kildee,96,1979,0.400148,Federal,House
K000172,Dale Kildee,97,1981,0.609412,Federal,House
K000172,Dale Kildee,98,1983,1.016423,Federal,House
K000172,Dale Kildee,99,1985,3.018934,Federal,House
K000172,Dale Kildee,100,1987,3.717627,Federal,House
K000172,Dale Kildee,101,1989,2.951063,Federal,House
K000172,Dale Kildee,102,1991,4.368493,Federal,House
K000172,Dale Kildee,103,1993,3.047014,Federal,House
K000172,Dale Kildee,104,1995,0.095654,Federal,House
K000172,Dale Kildee,105,1997,1.074555,Federal,House
K000172,Dale Kildee,106,1999,0.960648,Federal,House
K000172,Dale Kildee,107,2001,0.078035,Federal,House
K000172,Dale Kildee,108,2003,0.06641,Federal,House
K000172,Dale Kildee,109,2005,0.344664,Federal,House
K000172,Dale Kildee,110,2007,4.488225,Federal,House
K000172,Dale Kildee,111,2009,0.380658,Federal,House
K000172,Dale Kildee,112,2011,1.114744,Federal,House
K000180,Carolyn Kilpatrick,1995-1996,1995,0.176387,State,Lower
K000180,Carolyn Kilpatrick,105,1997,0.039778,Federal,House
K000180,Carolyn Kilpatrick,106,1999,0.064769,Federal,House
K000180,Carolyn Kilpatrick,107,2001,0.046821,Federal,House
K000180,Carolyn Kilpatrick,108,2003,0.102935,Federal,House
K000180,Carolyn Kilpatrick,109,2005,0.158954,Federal,House
K000180,Carolyn Kilpatrick,110,2007,0.075202,Federal,House
K000180,Carolyn Kilpatrick,111,2009,0.157571,Federal,House
K000190,Thomas Kindness,94,1975,0.034394,Federal,House
K000190,Thomas Kindness,95,1977,0.119789,Federal,House
K000190,Thomas Kindness,96,1979,0.097133,Federal,House
K000190,Thomas Kindness,97,1981,0.183278,Federal,House
K000190,Thomas Kindness,98,1983,0.362273,Federal,House
K000190,Thomas Kindness,99,1985,0.892594,Federal,House
K000220,Jack Kingston,103,1993,0.031337,Federal,House
K000220,Jack Kingston,104,1995,0.0,Federal,House
K000220,Jack Kingston,105,1997,0.134344,Federal,House
K000220,Jack Kingston,106,1999,0.141631,Federal,House
K000220,Jack Kingston,107,2001,0.883609,Federal,House
K000220,Jack Kingston,108,2003,3.214886,Federal,House
K000220,Jack Kingston,109,2005,0.706566,Federal,House
K000220,Jack Kingston,110,2007,0.245029,Federal,House
K000220,Jack Kingston,111,2009,1.054431,Federal,House
K000220,Jack Kingston,112,2011,2.416144,Federal,House
K000220,Jack Kingston,113,2013,0.350325,Federal,House
K000259,Jerry Kleczka,98,1983,0.0,Federal,House
K000259,Jerry Kleczka,99,1985,0.092215,Federal,House
K000259,Jerry Kleczka,100,1987,0.170519,Federal,House
K000259,Jerry Kleczka,101,1989,0.230406,Federal,House
K000259,Jerry Kleczka,102,1991,0.10866,Federal,House
K000259,Jerry Kleczka,103,1993,0.125347,Federal,House
K000259,Jerry Kleczka,104,1995,0.191307,Federal,House
K000259,Jerry Kleczka,105,1997,0.216969,Federal,House
K000259,Jerry Kleczka,106,1999,0.172716,Federal,House
K000259,Jerry Kleczka,107,2001,0.187284,Federal,House
K000259,Jerry Kleczka,108,2003,0.215832,Federal,House
K000262,Herbert C. Klein,103,1993,0.803225,Federal,House
K000304,Raymond Kogovsek,96,1979,1.918334,Federal,House
K000304,Raymond Kogovsek,97,1981,0.797901,Federal,House
K000304,Raymond Kogovsek,98,1983,3.60538,Federal,House
K000306,Jim Kolbe,99,1985,0.484894,Federal,House
K000306,Jim Kolbe,100,1987,0.679976,Federal,House
K000306,Jim Kolbe,101,1989,0.425277,Federal,House
K000306,Jim Kolbe,102,1991,1.396042,Federal,House
K000306,Jim Kolbe,103,1993,0.705483,Federal,House
K000306,Jim Kolbe,104,1995,0.038261,Federal,House
K000306,Jim Kolbe,105,1997,2.860283,Federal,House
K000306,Jim Kolbe,106,1999,2.403639,Federal,House
K000306,Jim Kolbe,107,2001,3.058689,Federal,House
K000306,Jim Kolbe,108,2003,2.928349,Federal,House
K000306,Jim Kolbe,109,2005,2.846816,Federal,House
K000307,Joseph P. Kolter,98,1983,0.527348,Federal,House
K000307,Joseph P. Kolter,99,1985,0.153692,Federal,House
K000307,Joseph P. Kolter,100,1987,0.108512,Federal,House
K000307,Joseph P. Kolter,101,1989,0.15776,Federal,House
K000307,Joseph P. Kolter,102,1991,0.454346,Federal,House
K000309,Ernie Konnyu,100,1987,0.062007,Federal,House
K000312,Michael Kopetski,102,1991,0.160045,Federal,House
K000312,Michael Kopetski,103,1993,0.670796,Federal,House
K000322,Ken Kramer,96,1979,0.086341,Federal,House
K000322,Ken Kramer,97,1981,0.153094,Federal,House
K000322,Ken Kramer,98,1983,1.048456,Federal,House
K000322,Ken Kramer,99,1985,0.284668,Federal,House
K000328,Mike Kreidler,1991-1992,1991,0.026177,State,Upper
K000328,Mike Kreidler,103,1993,1.259293,Federal,House
K000336,Dennis Kucinich,105,1997,0.758577,Federal,House
K000336,Dennis Kucinich,106,1999,0.185053,Federal,House
K000336,Dennis Kucinich,107,2001,0.327747,Federal,House
K000336,Dennis Kucinich,108,2003,0.302165,Federal,House
K000336,Dennis Kucinich,109,2005,0.199042,Federal,House
K000336,Dennis Kucinich,110,2007,0.520447,Federal,House
K000336,Dennis Kucinich,111,2009,0.332183,Federal,House
K000336,Dennis Kucinich,112,2011,0.336272,Federal,House
K000357,Steven Kuykendall,1995-1996,1995,1.269385,State,Lower
K000357,Steven Kuykendall,1997-1998,1997,0.87738,State,Lower
K000357,Steven Kuykendall,106,1999,0.107948,Federal,House
K000362,Steve King,108,2003,0.13614,Federal,House
K000362,Steve King,109,2005,0.196239,Federal,House
K000362,Steve King,110,2007,0.175471,Federal,House
K000362,Steve King,111,2009,0.12588,Federal,House
K000362,Steve King,112,2011,0.336272,Federal,House
K000362,Steve King,113,2013,0.27038,Federal,House
K000362,Steve King,114,2015,0.343304,Federal,House
K000362,Steve King,115,2017,1.003743,Federal,House
K000362,Steve King,116,2019,0.417486,Federal,House
K000364,Randy Kuhl,1999-2000,1999,1.617574,State,Upper
K000364,Randy Kuhl,2001-2002,2001,2.065443,State,Upper
K000364,Randy Kuhl,2003-2004,2003,2.270129,State,Upper
K000364,Randy Kuhl,109,2005,0.635413,Federal,House
K000364,Randy Kuhl,110,2007,0.150403,Federal,House
K000366,Ron Klein,2001-2002,2001,0.946641,State,Upper
K000366,Ron Klein,2003-2004,2003,0.153184,State,Upper
K000366,Ron Klein,2005-2006,2005,0.382382,State,Upper
K000366,Ron Klein,110,2007,0.733909,Federal,House
K000366,Ron Klein,111,2009,0.62098,Federal,House
K000368,Ann Kirkpatrick,2005-2006,2005,0.316902,State,Lower
K000368,Ann Kirkpatrick,2007-2008,2007,0.041536,State,Lower
K000368,Ann Kirkpatrick,111,2009,3.702394,Federal,House
K000368,Ann Kirkpatrick,113,2013,1.590137,Federal,House
K000368,Ann Kirkpatrick,114,2015,0.341183,Federal,House
K000368,Ann Kirkpatrick,116,2019,0.059641,Federal,House
K000368,Ann Kirkpatrick,117,2021,0.218878,Federal,House
K000370,Suzanne Kosmas,2001-2002,2001,0.575752,State,Lower
K000370,Suzanne Kosmas,2003-2004,2003,0.512035,State,Lower
K000370,Suzanne Kosmas,111,2009,0.484478,Federal,House
K000375,William Keating,112,2011,0.355072,Federal,House
K000375,William Keating,113,2013,0.045695,Federal,House
K000375,William Keating,114,2015,0.734787,Federal,House
K000375,William Keating,115,2017,0.741642,Federal,House
K000375,William Keating,116,2019,0.981351,Federal,House
K000375,William Keating,117,2021,1.032976,Federal,House
K000375,William Keating,118,2023,0.686828,Federal,House
K000381,Derek Kilmer,2005-2006,2005,1.526356,State,Lower
K000381,Derek Kilmer,2007-2008,2007,1.86233,State,Upper
K000381,Derek Kilmer,2009-2010,2009,1.917096,State,Upper
K000381,Derek Kilmer,2011-2012,2011,1.998131,State,Upper
K000381,Derek Kilmer,113,2013,1.838477,Federal,House
K000381,Derek Kilmer,114,2015,0.465833,Federal,House
K000381,Derek Kilmer,115,2017,0.846445,Federal,House
K000381,Derek Kilmer,116,2019,1.192013,Federal,House
K000381,Derek Kilmer,117,2021,1.14668,Federal,House
K000381,Derek Kilmer,118,2023,0.521952,Federal,House
K000385,Robin Kelly,2003-2004,2003,0.505078,State,Lower
K000385,Robin Kelly,2005-2006,2005,0.813624,State,Lower
K000385,Robin Kelly,2007-2008,2007,0.003468,State,Lower
K000385,Robin Kelly,113,2013,0.228473,Federal,House
K000385,Robin Kelly,114,2015,0.178518,Federal,House
K000385,Robin Kelly,115,2017,1.468184,Federal,House
K000385,Robin Kelly,116,2019,2.796348,Federal,House
K000385,Robin Kelly,117,2021,1.60508,Federal,House
K000385,Robin Kelly,118,2023,0.637001,Federal,House
K000387,Steve Knight,2009-2010,2009,0.590342,State,Lower
K000387,Steve Knight,2011-2012,2011,0.680147,State,Lower
K000387,Steve Knight,2013-2014,2013,0.946683,State,Upper
K000387,Steve Knight,114,2015,1.251531,Federal,House
K000387,Steve Knight,2015-2016,2015,0.048778,State,Upper
K000387,Steve Knight,115,2017,4.657,Federal,House
K000390,Ruben Kihuen,2007-2008,2007,0.834626,State,Lower
K000390,Ruben Kihuen,2009-2010,2009,0.442166,State,Lower
K000390,Ruben Kihuen,2011-2012,2011,0.0,State,Upper
K000390,Ruben Kihuen,2013-2014,2013,0.67165,State,Upper
K000390,Ruben Kihuen,2015-2016,2015,0.298791,State,Upper
K000390,Ruben Kihuen,115,2017,0.517666,Federal,House
K000395,Fred Keller,2011-2012,2011,0.937296,State,Lower
K000395,Fred Keller,2013-2014,2013,0.561486,State,Lower
K000395,Fred Keller,2015-2016,2015,0.260479,State,Lower
K000395,Fred Keller,2017-2018,2017,0.624975,State,Lower
K000395,Fred Keller,116,2019,0.233558,Federal,House
K000395,Fred Keller,2019-2020,2019,0.148744,State,Lower
K000395,Fred Keller,117,2021,0.141407,Federal,House
K000396,Kai Kahele,2019-2020,2019,0.662658,State,Upper
K000396,Kai Kahele,117,2021,0.393581,Federal,House
K000397,Young Kim,2015-2016,2015,0.311054,State,Lower
K000397,Young Kim,117,2021,1.715263,Federal,House
K000397,Young Kim,118,2023,4.218045,Federal,House
K000398,Thomas Kean Jr.,2000-2001,2000,0.429351,State,Lower
K000398,Thomas Kean Jr.,2002-2003,2002,0.454524,State,Lower
K000398,Thomas Kean Jr.,2002-2003,2002,0.302923,State,Upper
K000398,Thomas Kean Jr.,2004-2005,2004,0.694294,State,Upper
K000398,Thomas Kean Jr.,2006-2007,2006,0.530786,State,Upper
K000398,Thomas Kean Jr.,2008-2009,2008,0.699884,State,Upper
K000398,Thomas Kean Jr.,2010-2011,2010,0.535786,State,Upper
K000398,Thomas Kean Jr.,2012-2013,2012,0.492488,State,Upper
K000398,Thomas Kean Jr.,2014-2015,2014,0.591165,State,Upper
K000398,Thomas Kean Jr.,2016-2017,2016,0.432115,State,Upper
K000398,Thomas Kean Jr.,2018-2019,2018,0.581815,State,Upper
K000398,Thomas Kean Jr.,2020-2021,2020,0.823313,State,Upper
K000398,Thomas Kean Jr.,118,2023,1.744049,Federal,House
K000399,Jen Kiggans,2020-2021,2020,0.663057,State,Upper
K000399,Jen Kiggans,2022-2023,2022,0.267816,State,Upper
K000399,Jen Kiggans,118,2023,2.0368,Federal,House
K000400,Sydney Kamlager-Dove,2019-2020,2019,0.70223,State,Lower
K000400,Sydney Kamlager-Dove,2021-2022,2021,0.411136,State,Lower
K000400,Sydney Kamlager-Dove,2021-2022,2021,0.412888,State,Upper
K000400,Sydney Kamlager-Dove,118,2023,0.433684,Federal,House
K000401,Kevin Kiley,2017-2018,2017,0.672577,State,Lower
K000401,Kevin Kiley,2019-2020,2019,0.568334,State,Lower
K000401,Kevin Kiley,2021-2022,2021,0.464983,State,Lower
K000401,Kevin Kiley,118,2023,0.95812,Federal,House
K000402,Tim Kennedy,2011-2012,2011,0.329897,State,Upper
K000402,Tim Kennedy,2013-2014,2013,0.424626,State,Upper
K000402,Tim Kennedy,2015-2016,2015,0.668343,State,Upper
K000402,Tim Kennedy,2017-2018,2017,0.7087,State,Upper
K000402,Tim Kennedy,2019-2020,2019,2.105395,State,Upper
K000402,Tim Kennedy,2021-2022,2021,2.079462,State,Upper
K000402,Tim Kennedy,118,2023,0.257925,Federal,House
K000402,Tim Kennedy,2023-2024,2023,1.245529,State,Upper
K000403,Mike Kennedy,2013-2014,2013,0.673488,State,Lower
K000403,Mike Kennedy,2015-2016,2015,0.675149,State,Lower
K000403,Mike Kennedy,2017-2018,2017,0.370495,State,Lower
K000403,Mike Kennedy,2021-2022,2021,0.537552,State,Upper
K000403,Mike Kennedy,2023-2024,2023,0.691341,State,Upper
L000020,Robert J. Lagomarsino,93,1973,0.037213,Federal,House
L000020,Robert J. Lagomarsino,94,1975,0.515206,Federal,House
L000020,Robert J. Lagomarsino,95,1977,0.327356,Federal,House
L000020,Robert J. Lagomarsino,96,1979,0.513107,Federal,House
L000020,Robert J. Lagomarsino,97,1981,0.436908,Federal,House
L000020,Robert J. Lagomarsino,98,1983,0.206592,Federal,House
L000020,Robert J. Lagomarsino,99,1985,0.156766,Federal,House
L000020,Robert J. Lagomarsino,100,1987,0.314932,Federal,House
L000020,Robert J. Lagomarsino,101,1989,2.271117,Federal,House
L000020,Robert J. Lagomarsino,102,1991,1.156089,Federal,House
L000045,H. Martin Lancaster,100,1987,0.136606,Federal,House
L000045,H. Martin Lancaster,101,1989,0.173976,Federal,House
L000045,H. Martin Lancaster,102,1991,0.067912,Federal,House
L000045,H. Martin Lancaster,103,1993,1.054591,Federal,House
L000116,Delbert Latta,93,1973,0.082695,Federal,House
L000116,Delbert Latta,94,1975,0.074521,Federal,House
L000116,Delbert Latta,95,1977,0.141119,Federal,House
L000116,Delbert Latta,96,1979,0.199154,Federal,House
L000116,Delbert Latta,97,1981,0.036873,Federal,House
L000116,Delbert Latta,98,1983,0.641167,Federal,House
L000116,Delbert Latta,99,1985,0.061477,Federal,House
L000116,Delbert Latta,100,1987,0.108512,Federal,House
L000167,Buddy Leach,96,1979,0.010793,Federal,House
L000187,Raymond Lederer,95,1977,1.136261,Federal,House
L000187,Raymond Lederer,96,1979,0.237437,Federal,House
L000187,Raymond Lederer,97,1981,0.079348,Federal,House
L000192,Gary A. Lee,96,1979,0.04317,Federal,House
L000192,Gary A. Lee,97,1981,0.257024,Federal,House
L000225,Richard H. Lehman,98,1983,0.586668,Federal,House
L000225,Richard H. Lehman,99,1985,1.59351,Federal,House
L000225,Richard H. Lehman,100,1987,2.042676,Federal,House
L000225,Richard H. Lehman,101,1989,2.077749,Federal,House
L000225,Richard H. Lehman,102,1991,1.968563,Federal,House
L000225,Richard H. Lehman,103,1993,2.629321,Federal,House
L000237,Mickey Leland,96,1979,0.045329,Federal,House
L000237,Mickey Leland,97,1981,0.056539,Federal,House
L000237,Mickey Leland,98,1983,0.271296,Federal,House
L000237,Mickey Leland,99,1985,0.595721,Federal,House
L000237,Mickey Leland,100,1987,2.224429,Federal,House
L000237,Mickey Leland,101,1989,0.788444,Federal,House
L000243,Norman F. Lent,93,1973,0.1964,Federal,House
L000243,Norman F. Lent,94,1975,0.21439,Federal,House
L000243,Norman F. Lent,95,1977,0.175271,Federal,House
L000243,Norman F. Lent,96,1979,0.2488,Federal,House
L000243,Norman F. Lent,97,1981,0.365185,Federal,House
L000243,Norman F. Lent,98,1983,0.424099,Federal,House
L000243,Norman F. Lent,99,1985,0.831039,Federal,House
L000243,Norman F. Lent,100,1987,0.671245,Federal,House
L000243,Norman F. Lent,101,1989,0.650067,Federal,House
L000243,Norman F. Lent,102,1991,0.709007,Federal,House
L000263,Sander Levin,98,1983,0.07289,Federal,House
L000263,Sander Levin,99,1985,0.117743,Federal,House
L000263,Sander Levin,100,1987,0.11651,Federal,House
L000263,Sander Levin,101,1989,0.217996,Federal,House
L000263,Sander Levin,102,1991,0.612788,Federal,House
L000263,Sander Levin,103,1993,0.236039,Federal,House
L000263,Sander Levin,104,1995,0.134302,Federal,House
L000263,Sander Levin,105,1997,0.144646,Federal,House
L000263,Sander Levin,106,1999,0.185053,Federal,House
L000263,Sander Levin,107,2001,0.187284,Federal,House
L000263,Sander Levin,108,2003,0.219153,Federal,House
L000263,Sander Levin,109,2005,0.737404,Federal,House
L000263,Sander Levin,110,2007,0.345369,Federal,House
L000263,Sander Levin,111,2009,7.376143,Federal,House
L000263,Sander Levin,112,2011,0.13421,Federal,House
L000263,Sander Levin,113,2013,0.091389,Federal,House
L000263,Sander Levin,114,2015,0.137322,Federal,House
L000263,Sander Levin,115,2017,0.098529,Federal,House
L000264,Mel Levine,98,1983,0.027286,Federal,House
L000264,Mel Levine,99,1985,0.666994,Federal,House
L000264,Mel Levine,100,1987,0.766908,Federal,House
L000264,Mel Levine,101,1989,0.533458,Federal,House
L000264,Mel Levine,102,1991,1.328609,Federal,House
L000265,Elliott H. Levitas,94,1975,0.127258,Federal,House
L000265,Elliott H. Levitas,95,1977,1.109247,Federal,House
L000265,Elliott H. Levitas,96,1979,2.568509,Federal,House
L000265,Elliott H. Levitas,97,1981,0.455052,Federal,House
L000265,Elliott H. Levitas,98,1983,2.104429,Federal,House
L000266,Jake LaTurner,117,2021,0.338841,Federal,House
L000266,Jake LaTurner,118,2023,0.096921,Federal,House
L000274,Jerry Lewis,96,1979,0.201313,Federal,House
L000274,Jerry Lewis,97,1981,0.472154,Federal,House
L000274,Jerry Lewis,98,1983,0.130973,Federal,House
L000274,Jerry Lewis,99,1985,0.623295,Federal,House
L000274,Jerry Lewis,100,1987,0.195711,Federal,House
L000274,Jerry Lewis,101,1989,0.188317,Federal,House
L000274,Jerry Lewis,102,1991,0.156192,Federal,House
L000274,Jerry Lewis,103,1993,0.047005,Federal,House
L000274,Jerry Lewis,104,1995,2.186921,Federal,House
L000274,Jerry Lewis,105,1997,2.784792,Federal,House
L000274,Jerry Lewis,106,1999,2.232124,Federal,House
L000274,Jerry Lewis,107,2001,2.77755,Federal,House
L000274,Jerry Lewis,108,2003,2.60014,Federal,House
L000274,Jerry Lewis,109,2005,7.920151,Federal,House
L000274,Jerry Lewis,110,2007,0.124557,Federal,House
L000274,Jerry Lewis,111,2009,0.274678,Federal,House
L000274,Jerry Lewis,112,2011,0.0,Federal,House
L000295,Tom Lewis,98,1983,0.040929,Federal,House
L000295,Tom Lewis,99,1985,0.640119,Federal,House
L000295,Tom Lewis,100,1987,1.590823,Federal,House
L000295,Tom Lewis,101,1989,0.556227,Federal,House
L000295,Tom Lewis,102,1991,0.1528,Federal,House
L000295,Tom Lewis,103,1993,0.442768,Federal,House
L000304,Joe Lieberman,101,1988,0.743761,Federal,Senate
L000304,Joe Lieberman,102,1990,0.294054,Federal,Senate
L000304,Joe Lieberman,103,1992,0.503351,Federal,Senate
L000304,Joe Lieberman,104,1994,0.093866,Federal,Senate
L000304,Joe Lieberman,105,1996,0.382147,Federal,Senate
L000304,Joe Lieberman,106,1998,0.259866,Federal,Senate
L000304,Joe Lieberman,107,2000,1.604786,Federal,Senate
L000304,Joe Lieberman,108,2002,0.473109,Federal,Senate
L000304,Joe Lieberman,109,2004,0.759372,Federal,Senate
L000304,Joe Lieberman,110,2006,1.076695,Federal,Senate
L000304,Joe Lieberman,111,2008,3.805824,Federal,Senate
L000304,Joe Lieberman,112,2010,4.061723,Federal,Senate
L000321,John Linder,103,1993,0.0,Federal,House
L000321,John Linder,104,1995,0.022957,Federal,House
L000321,John Linder,105,1997,0.155332,Federal,House
L000321,John Linder,106,1999,0.030842,Federal,House
L000321,John Linder,107,2001,0.246955,Federal,House
L000321,John Linder,108,2003,0.39192,Federal,House
L000321,John Linder,109,2005,0.416082,Federal,House
L000321,John Linder,110,2007,0.193923,Federal,House
L000321,John Linder,111,2009,0.055947,Federal,House
L000491,Frank D. Lucas,103,1993,0.0,Federal,House
L000491,Frank D. Lucas,1993-1994,1993,0.631191,State,Lower
L000491,Frank D. Lucas,104,1995,0.134302,Federal,House
L000491,Frank D. Lucas,105,1997,0.243655,Federal,House
L000491,Frank D. Lucas,106,1999,0.860501,Federal,House
L000491,Frank D. Lucas,107,2001,0.323529,Federal,House
L000491,Frank D. Lucas,108,2003,0.8236,Federal,House
L000491,Frank D. Lucas,109,2005,0.297712,Federal,House
L000491,Frank D. Lucas,110,2007,0.050134,Federal,House
L000491,Frank D. Lucas,111,2009,0.027973,Federal,House
L000491,Frank D. Lucas,112,2011,1.288603,Federal,House
L000491,Frank D. Lucas,113,2013,3.680275,Federal,House
L000491,Frank D. Lucas,114,2015,0.649648,Federal,House
L000491,Frank D. Lucas,115,2017,1.342201,Federal,House
L000491,Frank D. Lucas,116,2019,0.510556,Federal,House
L000491,Frank D. Lucas,117,2021,0.572957,Federal,House
L000491,Frank D. Lucas,118,2023,2.508031,Federal,House
L000509,"Donald E. ""Buz"" Lukens",100,1987,0.0,Federal,House
L000509,"Donald E. ""Buz"" Lukens",101,1989,0.0,Federal,House
L000521,William Luther,104,1995,0.038261,Federal,House
L000521,William Luther,1995-1996,1995,1.033403,State,Lower
L000521,William Luther,105,1997,0.108485,Federal,House
L000521,William Luther,1997-1998,1997,0.646347,State,Lower
L000521,William Luther,106,1999,0.107948,Federal,House
L000521,William Luther,1999-2000,1999,0.768009,State,Lower
L000521,William Luther,107,2001,0.124856,Federal,House
L000521,William Luther,2001-2002,2001,0.09388,State,Lower
L000550,Mary Landrieu,105,1996,0.265012,Federal,Senate
L000550,Mary Landrieu,106,1998,0.211636,Federal,Senate
L000550,Mary Landrieu,107,2000,0.81187,Federal,Senate
L000550,Mary Landrieu,108,2002,0.713298,Federal,Senate
L000550,Mary Landrieu,109,2004,0.662259,Federal,Senate
L000550,Mary Landrieu,110,2006,1.070806,Federal,Senate
L000550,Mary Landrieu,111,2008,2.493497,Federal,Senate
L000550,Mary Landrieu,112,2010,2.941382,Federal,Senate
L000550,Mary Landrieu,113,2012,1.106646,Federal,Senate
L000551,Barbara Lee,1993-1994,1993,1.19428,State,Lower
L000551,Barbara Lee,1995-1996,1995,0.394564,State,Lower
L000551,Barbara Lee,105,1997,0.018081,Federal,House
L000551,Barbara Lee,1997-1998,1997,0.530573,State,Upper
L000551,Barbara Lee,106,1999,0.083274,Federal,House
L000551,Barbara Lee,107,2001,0.190405,Federal,House
L000551,Barbara Lee,108,2003,0.597791,Federal,House
L000551,Barbara Lee,109,2005,1.041664,Federal,House
L000551,Barbara Lee,110,2007,1.216762,Federal,House
L000551,Barbara Lee,111,2009,0.411208,Federal,House
L000551,Barbara Lee,112,2011,0.82328,Federal,House
L000551,Barbara Lee,113,2013,0.848787,Federal,House
L000551,Barbara Lee,114,2015,0.343304,Federal,House
L000551,Barbara Lee,115,2017,0.359632,Federal,House
L000551,Barbara Lee,116,2019,1.03666,Federal,House
L000551,Barbara Lee,117,2021,2.491515,Federal,House
L000551,Barbara Lee,118,2023,0.339223,Federal,House
L000552,Ray LaHood,104,1995,0.176945,Federal,House
L000552,Ray LaHood,105,1997,0.216969,Federal,House
L000552,Ray LaHood,106,1999,0.937284,Federal,House
L000552,Ray LaHood,107,2001,0.377689,Federal,House
L000552,Ray LaHood,108,2003,0.125853,Federal,House
L000552,Ray LaHood,109,2005,0.970396,Federal,House
L000552,Ray LaHood,110,2007,0.224826,Federal,House
L000554,Frank LoBiondo,104,1995,0.038261,Federal,House
L000554,Frank LoBiondo,105,1997,0.148808,Federal,House
L000554,Frank LoBiondo,106,1999,1.034749,Federal,House
L000554,Frank LoBiondo,107,2001,0.156548,Federal,House
L000554,Frank LoBiondo,108,2003,0.182627,Federal,House
L000554,Frank LoBiondo,109,2005,0.833042,Federal,House
L000554,Frank LoBiondo,110,2007,0.212293,Federal,House
L000554,Frank LoBiondo,111,2009,0.694631,Federal,House
L000554,Frank LoBiondo,112,2011,1.676944,Federal,House
L000554,Frank LoBiondo,113,2013,0.875072,Federal,House
L000554,Frank LoBiondo,114,2015,0.582048,Federal,House
L000554,Frank LoBiondo,115,2017,0.846425,Federal,House
L000556,John LaFalce,94,1975,1.0178,Federal,House
L000556,John LaFalce,95,1977,0.42872,Federal,House
L000556,John LaFalce,96,1979,1.194406,Federal,House
L000556,John LaFalce,97,1981,2.546752,Federal,House
L000556,John LaFalce,98,1983,2.5485,Federal,House
L000556,John LaFalce,99,1985,1.257056,Federal,House
L000556,John LaFalce,100,1987,4.207465,Federal,House
L000556,John LaFalce,101,1989,2.439847,Federal,House
L000556,John LaFalce,102,1991,3.153242,Federal,House
L000556,John LaFalce,103,1993,5.292813,Federal,House
L000556,John LaFalce,104,1995,0.478268,Federal,House
L000556,John LaFalce,105,1997,0.325454,Federal,House
L000556,John LaFalce,106,1999,0.974391,Federal,House
L000556,John LaFalce,107,2001,1.171453,Federal,House
L000557,John B. Larson,106,1999,1.046201,Federal,House
L000557,John B. Larson,107,2001,0.15607,Federal,House
L000557,John B. Larson,108,2003,0.572532,Federal,House
L000557,John B. Larson,109,2005,0.182222,Federal,House
L000557,John B. Larson,110,2007,0.517554,Federal,House
L000557,John B. Larson,111,2009,1.170531,Federal,House
L000557,John B. Larson,112,2011,0.30943,Federal,House
L000557,John B. Larson,113,2013,0.41371,Federal,House
L000557,John B. Larson,114,2015,0.420949,Federal,House
L000557,John B. Larson,115,2017,1.293113,Federal,House
L000557,John B. Larson,116,2019,0.380741,Federal,House
L000557,John B. Larson,117,2021,0.131979,Federal,House
L000557,John B. Larson,118,2023,0.034615,Federal,House
L000559,Jim Langevin,107,2001,0.405782,Federal,House
L000559,Jim Langevin,108,2003,0.33205,Federal,House
L000559,Jim Langevin,109,2005,0.444444,Federal,House
L000559,Jim Langevin,110,2007,0.809503,Federal,House
L000559,Jim Langevin,111,2009,0.181827,Federal,House
L000559,Jim Langevin,112,2011,0.538755,Federal,House
L000559,Jim Langevin,113,2013,0.589851,Federal,House
L000559,Jim Langevin,114,2015,0.916412,Federal,House
L000559,Jim Langevin,115,2017,0.809315,Federal,House
L000559,Jim Langevin,116,2019,2.495008,Federal,House
L000559,Jim Langevin,117,2021,0.334106,Federal,House
L000562,Stephen Lynch,107,2001,0.093642,Federal,House
L000562,Stephen Lynch,108,2003,0.419989,Federal,House
L000562,Stephen Lynch,109,2005,0.280341,Federal,House
L000562,Stephen Lynch,110,2007,0.599883,Federal,House
L000562,Stephen Lynch,111,2009,1.058638,Federal,House
L000562,Stephen Lynch,112,2011,0.067105,Federal,House
L000562,Stephen Lynch,113,2013,0.820783,Federal,House
L000562,Stephen Lynch,114,2015,2.237698,Federal,House
L000562,Stephen Lynch,115,2017,1.399399,Federal,House
L000562,Stephen Lynch,116,2019,1.041074,Federal,House
L000562,Stephen Lynch,117,2021,0.73691,Federal,House
L000562,Stephen Lynch,118,2023,0.238476,Federal,House
L000564,Doug Lamborn,1999-2000,1999,1.061289,State,Upper
L000564,Doug Lamborn,2001-2002,2001,0.636399,State,Upper
L000564,Doug Lamborn,2003-2004,2003,1.015833,State,Upper
L000564,Doug Lamborn,2005-2006,2005,0.387098,State,Upper
L000564,Doug Lamborn,110,2007,0.796191,Federal,House
L000564,Doug Lamborn,111,2009,0.647262,Federal,House
L000564,Doug Lamborn,112,2011,2.971103,Federal,House
L000564,Doug Lamborn,113,2013,1.897396,Federal,House
L000564,Doug Lamborn,114,2015,0.632094,Federal,House
L000564,Doug Lamborn,115,2017,1.526766,Federal,House
L000564,Doug Lamborn,116,2019,0.385675,Federal,House
L000564,Doug Lamborn,117,2021,0.084844,Federal,House
L000564,Doug Lamborn,118,2023,0.253352,Federal,House
L000566,Robert Latta,1997-1998,1997,2.404789,State,Upper
L000566,Robert Latta,1999-2000,1999,1.989714,State,Upper
L000566,Robert Latta,2001-2002,2001,3.071657,State,Lower
L000566,Robert Latta,2003-2004,2003,1.066819,State,Lower
L000566,Robert Latta,2005-2006,2005,1.631732,State,Lower
L000566,Robert Latta,110,2007,0.025067,Federal,House
L000566,Robert Latta,2007-2008,2007,2.46119,State,Lower
L000566,Robert Latta,111,2009,0.184624,Federal,House
L000566,Robert Latta,112,2011,0.445332,Federal,House
L000566,Robert Latta,113,2013,3.503435,Federal,House
L000566,Robert Latta,114,2015,1.8316,Federal,House
L000566,Robert Latta,115,2017,2.68661,Federal,House
L000566,Robert Latta,116,2019,0.959252,Federal,House
L000566,Robert Latta,117,2021,1.247964,Federal,House
L000566,Robert Latta,118,2023,1.591073,Federal,House
L000567,Leonard Lance,1996-1997,1996,1.257082,State,Lower
L000567,Leonard Lance,1998-1999,1998,1.283014,State,Lower
L000567,Leonard Lance,2000-2001,2000,2.690888,State,Lower
L000567,Leonard Lance,2002-2003,2002,0.872702,State,Upper
L000567,Leonard Lance,2004-2005,2004,0.30062,State,Upper
L000567,Leonard Lance,2006-2007,2006,0.377069,State,Upper
L000567,Leonard Lance,2008-2009,2008,0.221375,State,Upper
L000567,Leonard Lance,111,2009,0.055947,Federal,House
L000567,Leonard Lance,112,2011,0.107368,Federal,House
L000567,Leonard Lance,113,2013,0.121852,Federal,House
L000567,Leonard Lance,114,2015,1.196054,Federal,House
L000567,Leonard Lance,115,2017,0.981856,Federal,House
L000569,Blaine Luetkemeyer,1999-2000,1999,0.078628,State,Lower
L000569,Blaine Luetkemeyer,2001-2002,2001,0.209644,State,Lower
L000569,Blaine Luetkemeyer,2003-2004,2003,5.10581,State,Lower
L000569,Blaine Luetkemeyer,111,2009,0.533874,Federal,House
L000569,Blaine Luetkemeyer,112,2011,2.658634,Federal,House
L000569,Blaine Luetkemeyer,113,2013,2.3443,Federal,House
L000569,Blaine Luetkemeyer,114,2015,3.011843,Federal,House
L000569,Blaine Luetkemeyer,115,2017,1.644598,Federal,House
L000569,Blaine Luetkemeyer,116,2019,0.228623,Federal,House
L000569,Blaine Luetkemeyer,117,2021,1.653822,Federal,House
L000569,Blaine Luetkemeyer,118,2023,1.392619,Federal,House
L000571,Cynthia Lummis,111,2009,0.603807,Federal,House
L000571,Cynthia Lummis,112,2011,0.72499,Federal,House
L000571,Cynthia Lummis,113,2013,2.202085,Federal,House
L000571,Cynthia Lummis,114,2015,1.460457,Federal,House
L000571,Cynthia Lummis,117,2020,0.396331,Federal,Senate
L000571,Cynthia Lummis,118,2022,0.523565,Federal,Senate
L000573,Raul Labrador,2007-2008,2007,0.975724,State,Lower
L000573,Raul Labrador,2009-2010,2009,0.921704,State,Lower
L000573,Raul Labrador,112,2011,0.657885,Federal,House
L000573,Raul Labrador,113,2013,1.074604,Federal,House
L000573,Raul Labrador,114,2015,0.457993,Federal,House
L000573,Raul Labrador,115,2017,0.649514,Federal,House
L000578,Doug LaMalfa,2003-2004,2003,0.399397,State,Lower
L000578,Doug LaMalfa,2005-2006,2005,0.755926,State,Lower
L000578,Doug LaMalfa,2007-2008,2007,0.0,State,Lower
L000578,Doug LaMalfa,2011-2012,2011,0.728414,State,Upper
L000578,Doug LaMalfa,113,2013,0.422305,Federal,House
L000578,Doug LaMalfa,114,2015,1.298297,Federal,House
L000578,Doug LaMalfa,115,2017,1.248705,Federal,House
L000578,Doug LaMalfa,116,2019,0.420067,Federal,House
L000578,Doug LaMalfa,117,2021,0.485969,Federal,House
L000578,Doug LaMalfa,118,2023,0.431253,Federal,House
L000579,Alan Lowenthal,1999-2000,1999,1.153501,State,Lower
L000579,Alan Lowenthal,2001-2002,2001,1.134875,State,Lower
L000579,Alan Lowenthal,2003-2004,2003,1.201999,State,Lower
L000579,Alan Lowenthal,2005-2006,2005,0.93443,State,Upper
L000579,Alan Lowenthal,2007-2008,2007,1.191495,State,Upper
L000579,Alan Lowenthal,2009-2010,2009,1.114641,State,Upper
L000579,Alan Lowenthal,2011-2012,2011,0.976299,State,Upper
L000579,Alan Lowenthal,113,2013,0.060926,Federal,House
L000579,Alan Lowenthal,114,2015,0.322981,Federal,House
L000579,Alan Lowenthal,115,2017,0.100992,Federal,House
L000579,Alan Lowenthal,116,2019,0.61818,Federal,House
L000579,Alan Lowenthal,117,2021,0.625015,Federal,House
L000582,Ted Lieu,2005-2006,2005,0.697446,State,Lower
L000582,Ted Lieu,2007-2008,2007,1.405423,State,Lower
L000582,Ted Lieu,2009-2010,2009,1.522068,State,Lower
L000582,Ted Lieu,2011-2012,2011,1.412083,State,Upper
L000582,Ted Lieu,2013-2014,2013,1.887017,State,Upper
L000582,Ted Lieu,114,2015,1.190562,Federal,House
L000582,Ted Lieu,115,2017,0.739813,Federal,House
L000582,Ted Lieu,116,2019,1.507662,Federal,House
L000582,Ted Lieu,117,2021,2.031354,Federal,House
L000582,Ted Lieu,118,2023,0.432683,Federal,House
L000583,Barry Loudermilk,2005-2006,2005,1.601316,State,Lower
L000583,Barry Loudermilk,2007-2008,2007,0.810926,State,Lower
L000583,Barry Loudermilk,2009-2010,2009,0.584647,State,Lower
L000583,Barry Loudermilk,2011-2012,2011,1.33182,State,Upper
L000583,Barry Loudermilk,2013-2014,2013,0.746313,State,Upper
L000583,Barry Loudermilk,114,2015,1.569191,Federal,House
L000583,Barry Loudermilk,115,2017,1.05039,Federal,House
L000583,Barry Loudermilk,116,2019,0.277011,Federal,House
L000583,Barry Loudermilk,117,2021,0.084844,Federal,House
L000583,Barry Loudermilk,118,2023,0.473126,Federal,House
L000585,Darin LaHood,2011-2012,2011,0.195548,State,Upper
L000585,Darin LaHood,2013-2014,2013,0.230921,State,Upper
L000585,Darin LaHood,114,2015,0.311092,Federal,House
L000585,Darin LaHood,2015-2016,2015,0.165732,State,Upper
L000585,Darin LaHood,115,2017,0.883377,Federal,House
L000585,Darin LaHood,116,2019,0.35092,Federal,House
L000585,Darin LaHood,117,2021,0.806144,Federal,House
L000585,Darin LaHood,118,2023,3.800012,Federal,House
L000586,Al Lawson,2001-2002,2001,0.356224,State,Upper
L000586,Al Lawson,2003-2004,2003,0.365523,State,Upper
L000586,Al Lawson,2005-2006,2005,0.467378,State,Upper
L000586,Al Lawson,2007-2008,2007,0.654082,State,Upper
L000586,Al Lawson,2009-2010,2009,0.239447,State,Upper
L000586,Al Lawson,115,2017,0.817143,Federal,House
L000586,Al Lawson,116,2019,0.645216,Federal,House
L000586,Al Lawson,117,2021,0.606609,Federal,House
L000589,Debbie Lesko,2009-2010,2009,0.838205,State,Lower
L000589,Debbie Lesko,2011-2012,2011,1.655151,State,Lower
L000589,Debbie Lesko,2013-2014,2013,2.484807,State,Lower
L000589,Debbie Lesko,2015-2016,2015,2.512856,State,Upper
L000589,Debbie Lesko,115,2017,0.666353,Federal,House
L000589,Debbie Lesko,2017-2018,2017,1.031535,State,Upper
L000589,Debbie Lesko,116,2019,1.112492,Federal,House
L000589,Debbie Lesko,117,2021,0.263959,Federal,House
L000589,Debbie Lesko,118,2023,1.370194,Federal,House
L000599,Mike Lawler,2021-2022,2021,1.485832,State,Lower
L000599,Mike Lawler,118,2023,4.399538,Federal,House
L000602,Summer Lee,2019-2020,2019,0.044623,State,Lower
L000602,Summer Lee,2021-2022,2021,0.046147,State,Lower
L000602,Summer Lee,118,2023,0.866756,Federal,House
L000606,George Latimer,2005-2006,2005,0.905095,State,Lower
L000606,George Latimer,2007-2008,2007,0.739933,State,Lower
L000606,George Latimer,2009-2010,2009,1.71105,State,Lower
L000606,George Latimer,2011-2012,2011,1.450897,State,Lower
L000606,George Latimer,2013-2014,2013,0.480749,State,Upper
L000606,George Latimer,2015-2016,2015,0.704439,State,Upper
L000606,George Latimer,2017-2018,2017,0.259144,State,Upper
M000023,Buddy MacKay,98,1983,0.455284,Federal,House
M000023,Buddy MacKay,99,1985,0.703563,Federal,House
M000023,Buddy MacKay,100,1987,0.163015,Federal,House
M000041,Edward Madigan,93,1973,0.151525,Federal,House
M000041,Edward Madigan,94,1975,0.041273,Federal,House
M000041,Edward Madigan,95,1977,0.211774,Federal,House
M000041,Edward Madigan,96,1979,0.04317,Federal,House
M000041,Edward Madigan,97,1981,1.036632,Federal,House
M000041,Edward Madigan,98,1983,0.823141,Federal,House
M000041,Edward Madigan,99,1985,1.270375,Federal,House
M000041,Edward Madigan,100,1987,1.580989,Federal,House
M000041,Edward Madigan,101,1989,0.884978,Federal,House
M000041,Edward Madigan,102,1991,0.0,Federal,House
M000053,Warren Magnuson,93,1972,5.693398,Federal,Senate
M000053,Warren Magnuson,94,1974,3.428118,Federal,Senate
M000053,Warren Magnuson,95,1976,4.65358,Federal,Senate
M000053,Warren Magnuson,96,1978,0.719361,Federal,Senate
M000090,James H. Maloney,105,1997,0.108485,Federal,House
M000090,James H. Maloney,106,1999,0.123369,Federal,House
M000090,James H. Maloney,107,2001,0.15607,Federal,House
M000133,Ed Markey,95,1977,0.081961,Federal,House
M000133,Ed Markey,96,1979,1.041341,Federal,House
M000133,Ed Markey,97,1981,1.154486,Federal,House
M000133,Ed Markey,98,1983,0.286886,Federal,House
M000133,Ed Markey,99,1985,1.997894,Federal,House
M000133,Ed Markey,100,1987,3.846861,Federal,House
M000133,Ed Markey,101,1989,6.364506,Federal,House
M000133,Ed Markey,102,1991,5.532819,Federal,House
M000133,Ed Markey,103,1993,4.989142,Federal,House
M000133,Ed Markey,104,1995,0.210438,Federal,House
M000133,Ed Markey,105,1997,0.365778,Federal,House
M000133,Ed Markey,106,1999,0.532261,Federal,House
M000133,Ed Markey,107,2001,0.374568,Federal,House
M000133,Ed Markey,108,2003,0.499804,Federal,House
M000133,Ed Markey,109,2005,0.667763,Federal,House
M000133,Ed Markey,110,2007,1.284136,Federal,House
M000133,Ed Markey,111,2009,1.551304,Federal,House
M000133,Ed Markey,112,2011,1.079933,Federal,House
M000133,Ed Markey,113,2012,0.358976,Federal,Senate
M000133,Ed Markey,113,2013,0.486668,Federal,House
M000133,Ed Markey,114,2014,0.653765,Federal,Senate
M000133,Ed Markey,115,2016,0.632605,Federal,Senate
M000133,Ed Markey,116,2018,0.780282,Federal,Senate
M000133,Ed Markey,117,2020,1.360317,Federal,Senate
M000133,Ed Markey,118,2022,1.156228,Federal,Senate
M000174,David Martin,97,1981,0.0,Federal,House
M000174,David Martin,98,1983,0.0,Federal,House
M000174,David Martin,99,1985,0.0,Federal,House
M000174,David Martin,100,1987,0.0031,Federal,House
M000174,David Martin,101,1989,0.556052,Federal,House
M000174,David Martin,102,1991,0.0,Federal,House
M000194,Nancy Mace,2017-2018,2017,0.022812,State,Lower
M000194,Nancy Mace,2019-2020,2019,1.542815,State,Lower
M000194,Nancy Mace,117,2021,0.580849,Federal,House
M000194,Nancy Mace,118,2023,2.221285,Federal,House
M000195,Lynn M. Martin,97,1981,0.036873,Federal,House
M000195,Lynn M. Martin,98,1983,0.245956,Federal,House
M000195,Lynn M. Martin,99,1985,0.046108,Federal,House
M000195,Lynn M. Martin,100,1987,0.11651,Federal,House
M000195,Lynn M. Martin,101,1989,0.189312,Federal,House
M000206,Matthew G. Martinez,97,1981,0.0,Federal,House
M000206,Matthew G. Martinez,98,1983,0.0,Federal,House
M000206,Matthew G. Martinez,99,1985,0.107584,Federal,House
M000206,Matthew G. Martinez,100,1987,0.409874,Federal,House
M000206,Matthew G. Martinez,101,1989,1.19601,Federal,House
M000206,Matthew G. Martinez,102,1991,4.703686,Federal,House
M000206,Matthew G. Martinez,103,1993,3.240793,Federal,House
M000206,Matthew G. Martinez,104,1995,0.133915,Federal,House
M000206,Matthew G. Martinez,105,1997,0.090404,Federal,House
M000206,Matthew G. Martinez,106,1999,0.08019,Federal,House
M000241,Charles Mathias,93,1972,0.589866,Federal,Senate
M000241,Charles Mathias,94,1974,0.795698,Federal,Senate
M000241,Charles Mathias,95,1976,1.47005,Federal,Senate
M000241,Charles Mathias,96,1978,0.862765,Federal,Senate
M000241,Charles Mathias,97,1980,3.064475,Federal,Senate
M000241,Charles Mathias,98,1982,2.444148,Federal,Senate
M000241,Charles Mathias,99,1984,2.013068,Federal,Senate
M000250,Spark Matsunaga,93,1973,2.063452,Federal,House
M000250,Spark Matsunaga,94,1975,1.058009,Federal,House
M000250,Spark Matsunaga,95,1976,0.661742,Federal,Senate
M000250,Spark Matsunaga,96,1978,0.829295,Federal,Senate
M000250,Spark Matsunaga,97,1980,0.505153,Federal,Senate
M000250,Spark Matsunaga,98,1982,0.377068,Federal,Senate
M000250,Spark Matsunaga,99,1984,0.371223,Federal,Senate
M000250,Spark Matsunaga,100,1986,0.809937,Federal,Senate
M000250,Spark Matsunaga,101,1988,1.030295,Federal,Senate
M000260,Jim Mattox,95,1977,0.01387,Federal,House
M000260,Jim Mattox,96,1979,0.079865,Federal,House
M000260,Jim Mattox,97,1981,0.017207,Federal,House
M000291,Romano Mazzoli,93,1973,0.063055,Federal,House
M000291,Romano Mazzoli,94,1975,0.05847,Federal,House
M000291,Romano Mazzoli,95,1977,0.87836,Federal,House
M000291,Romano Mazzoli,96,1979,0.622919,Federal,House
M000291,Romano Mazzoli,97,1981,1.985618,Federal,House
M000291,Romano Mazzoli,98,1983,2.164223,Federal,House
M000291,Romano Mazzoli,99,1985,1.620633,Federal,House
M000291,Romano Mazzoli,100,1987,2.003391,Federal,House
M000291,Romano Mazzoli,101,1989,0.043026,Federal,House
M000291,Romano Mazzoli,102,1991,2.711922,Federal,House
M000291,Romano Mazzoli,103,1993,2.833332,Federal,House
M000316,Karen McCarthy,104,1995,0.019131,Federal,House
M000316,Karen McCarthy,105,1997,0.018081,Federal,House
M000316,Karen McCarthy,106,1999,0.592728,Federal,House
M000316,Karen McCarthy,107,2001,0.265319,Federal,House
M000316,Karen McCarthy,108,2003,0.662487,Federal,House
M000317,Nicole Malliotakis,2011-2012,2011,0.090284,State,Lower
M000317,Nicole Malliotakis,2013-2014,2013,0.265423,State,Lower
M000317,Nicole Malliotakis,2015-2016,2015,0.224058,State,Lower
M000317,Nicole Malliotakis,2017-2018,2017,0.183214,State,Lower
M000317,Nicole Malliotakis,2019-2020,2019,0.547402,State,Lower
M000317,Nicole Malliotakis,117,2021,0.284699,Federal,House
M000317,Nicole Malliotakis,118,2023,1.24476,Federal,House
M000340,Robert McClory,93,1973,0.080627,Federal,House
M000340,Robert McClory,94,1975,0.177703,Federal,House
M000340,Robert McClory,95,1977,0.078178,Federal,House
M000340,Robert McClory,96,1979,0.41126,Federal,House
M000340,Robert McClory,97,1981,0.503008,Federal,House
M000346,James A. McClure,93,1972,0.598444,Federal,Senate
M000346,James A. McClure,94,1974,0.666502,Federal,Senate
M000346,James A. McClure,95,1976,0.523665,Federal,Senate
M000346,James A. McClure,96,1978,0.48505,Federal,Senate
M000346,James A. McClure,97,1980,4.261936,Federal,Senate
M000346,James A. McClure,98,1982,3.197035,Federal,Senate
M000346,James A. McClure,99,1984,1.732266,Federal,Senate
M000346,James A. McClure,100,1986,0.556169,Federal,Senate
M000346,James A. McClure,101,1988,0.630119,Federal,Senate
M000365,Mike McCormack,93,1973,2.552374,Federal,House
M000365,Mike McCormack,94,1975,1.020093,Federal,House
M000365,Mike McCormack,95,1977,1.502235,Federal,House
M000365,Mike McCormack,96,1979,3.209232,Federal,House
M000404,Jim McDermott,101,1989,0.043026,Federal,House
M000404,Jim McDermott,102,1991,1.305361,Federal,House
M000404,Jim McDermott,103,1993,0.600466,Federal,House
M000404,Jim McDermott,104,1995,0.287348,Federal,House
M000404,Jim McDermott,105,1997,0.256747,Federal,House
M000404,Jim McDermott,106,1999,0.215652,Federal,House
M000404,Jim McDermott,107,2001,0.218498,Federal,House
M000404,Jim McDermott,108,2003,0.19923,Federal,House
M000404,Jim McDermott,109,2005,0.224273,Federal,House
M000404,Jim McDermott,110,2007,3.37109,Federal,House
M000404,Jim McDermott,111,2009,2.506472,Federal,House
M000404,Jim McDermott,112,2011,0.725902,Federal,House
M000404,Jim McDermott,113,2013,0.50264,Federal,House
M000404,Jim McDermott,114,2015,0.260911,Federal,House
M000432,Bob McEwen,97,1981,0.180134,Federal,House
M000432,Bob McEwen,98,1983,0.302876,Federal,House
M000432,Bob McEwen,99,1985,0.610921,Federal,House
M000432,Bob McEwen,100,1987,0.431139,Federal,House
M000432,Bob McEwen,101,1989,0.40444,Federal,House
M000432,Bob McEwen,102,1991,0.736157,Federal,House
M000458,Raymond J. McGrath,97,1981,0.202258,Federal,House
M000458,Raymond J. McGrath,98,1983,0.105633,Federal,House
M000458,Raymond J. McGrath,99,1985,0.070698,Federal,House
M000458,Raymond J. McGrath,100,1987,0.195322,Federal,House
M000458,Raymond J. McGrath,101,1989,0.27115,Federal,House
M000458,Raymond J. McGrath,102,1991,0.759284,Federal,House
M000466,Paul McHale,1989-1990,1989,0.1892,State,Lower
M000466,Paul McHale,1991-1992,1991,0.268631,State,Lower
M000466,Paul McHale,103,1993,0.172352,Federal,House
M000466,Paul McHale,104,1995,0.348179,Federal,House
M000466,Paul McHale,105,1997,0.191493,Federal,House
M000472,John M. McHugh,103,1993,0.015668,Federal,House
M000472,John M. McHugh,104,1995,0.424271,Federal,House
M000472,John M. McHugh,105,1997,0.816981,Federal,House
M000472,John M. McHugh,106,1999,1.002518,Federal,House
M000472,John M. McHugh,107,2001,0.078035,Federal,House
M000472,John M. McHugh,108,2003,1.48657,Federal,House
M000472,John M. McHugh,109,2005,1.000575,Federal,House
M000472,John M. McHugh,110,2007,0.484703,Federal,House
M000472,John M. McHugh,111,2009,0.680512,Federal,House
M000477,Scott McInnis,103,1993,0.462478,Federal,House
M000477,Scott McInnis,104,1995,1.011128,Federal,House
M000477,Scott McInnis,105,1997,3.493149,Federal,House
M000477,Scott McInnis,106,1999,1.340239,Federal,House
M000477,Scott McInnis,107,2001,1.773685,Federal,House
M000477,Scott McInnis,108,2003,2.05137,Federal,House
M000490,K. Gunn McKay,93,1973,0.516778,Federal,House
M000490,K. Gunn McKay,94,1975,0.035541,Federal,House
M000490,K. Gunn McKay,95,1977,1.991148,Federal,House
M000490,K. Gunn McKay,96,1979,2.891057,Federal,House
M000512,John R. McKernan Jr.,98,1983,0.13292,Federal,House
M000512,John R. McKernan Jr.,99,1985,0.243771,Federal,House
M000523,Cynthia McKinney,103,1993,0.031337,Federal,House
M000523,Cynthia McKinney,104,1995,0.114784,Federal,House
M000523,Cynthia McKinney,105,1997,0.130182,Federal,House
M000523,Cynthia McKinney,106,1999,0.107948,Federal,House
M000523,Cynthia McKinney,107,2001,0.35543,Federal,House
M000523,Cynthia McKinney,109,2005,0.47215,Federal,House
M000527,Stewart McKinney,93,1973,0.233612,Federal,House
M000527,Stewart McKinney,94,1975,0.293814,Federal,House
M000527,Stewart McKinney,95,1977,0.267534,Federal,House
M000527,Stewart McKinney,96,1979,1.195353,Federal,House
M000527,Stewart McKinney,97,1981,0.325767,Federal,House
M000527,Stewart McKinney,98,1983,0.541762,Federal,House
M000527,Stewart McKinney,99,1985,0.282789,Federal,House
M000527,Stewart McKinney,100,1987,0.130214,Federal,House
M000589,James F. McNulty Jr.,98,1983,1.198621,Federal,House
M000590,Michael McNulty,101,1989,0.351448,Federal,House
M000590,Michael McNulty,102,1991,0.47968,Federal,House
M000590,Michael McNulty,103,1993,0.068941,Federal,House
M000590,Michael McNulty,104,1995,0.084175,Federal,House
M000590,Michael McNulty,105,1997,0.195272,Federal,House
M000590,Michael McNulty,106,1999,0.126453,Federal,House
M000590,Michael McNulty,107,2001,0.380623,Federal,House
M000590,Michael McNulty,108,2003,0.432746,Federal,House
M000590,Michael McNulty,109,2005,0.100923,Federal,House
M000590,Michael McNulty,110,2007,0.231524,Federal,House
M000628,Carrie Meek,103,1993,0.314381,Federal,House
M000628,Carrie Meek,104,1995,0.191694,Federal,House
M000628,Carrie Meek,105,1997,0.58365,Federal,House
M000628,Carrie Meek,106,1999,0.614609,Federal,House
M000628,Carrie Meek,107,2001,1.152636,Federal,House
M000635,John Melcher,93,1973,2.459519,Federal,House
M000635,John Melcher,94,1975,3.199208,Federal,House
M000635,John Melcher,95,1976,0.143917,Federal,Senate
M000635,John Melcher,96,1978,2.609427,Federal,Senate
M000635,John Melcher,97,1980,1.30631,Federal,Senate
M000635,John Melcher,98,1982,1.05503,Federal,Senate
M000635,John Melcher,99,1984,0.524025,Federal,Senate
M000635,John Melcher,100,1986,2.684746,Federal,Senate
M000639,Bob Menendez,103,1993,0.142029,Federal,House
M000639,Bob Menendez,104,1995,0.114784,Federal,House
M000639,Bob Menendez,105,1997,1.407415,Federal,House
M000639,Bob Menendez,106,1999,0.391142,Federal,House
M000639,Bob Menendez,107,2001,0.255545,Federal,House
M000639,Bob Menendez,108,2003,0.494855,Federal,House
M000639,Bob Menendez,109,2004,0.226757,Federal,Senate
M000639,Bob Menendez,109,2005,1.139797,Federal,House
M000639,Bob Menendez,110,2006,0.482588,Federal,Senate
M000639,Bob Menendez,111,2008,1.147615,Federal,Senate
M000639,Bob Menendez,112,2010,1.272445,Federal,Senate
M000639,Bob Menendez,113,2012,4.522391,Federal,Senate
M000639,Bob Menendez,114,2014,0.54965,Federal,Senate
M000639,Bob Menendez,115,2016,0.916479,Federal,Senate
M000639,Bob Menendez,116,2018,1.189735,Federal,Senate
M000639,Bob Menendez,117,2020,2.029434,Federal,Senate
M000639,Bob Menendez,118,2022,1.119013,Federal,Senate
M000669,Jack Metcalf,104,1995,0.122437,Federal,House
M000669,Jack Metcalf,105,1997,1.593093,Federal,House
M000669,Jack Metcalf,106,1999,0.549223,Federal,House
M000678,Howard Metzenbaum,93,1972,0.018543,Federal,Senate
M000678,Howard Metzenbaum,95,1976,0.115727,Federal,Senate
M000678,Howard Metzenbaum,96,1978,1.672148,Federal,Senate
M000678,Howard Metzenbaum,97,1980,0.429809,Federal,Senate
M000678,Howard Metzenbaum,98,1982,0.412668,Federal,Senate
M000678,Howard Metzenbaum,99,1984,1.345488,Federal,Senate
M000678,Howard Metzenbaum,100,1986,4.841702,Federal,Senate
M000678,Howard Metzenbaum,101,1988,2.182586,Federal,Senate
M000678,Howard Metzenbaum,102,1990,2.841959,Federal,Senate
M000678,Howard Metzenbaum,103,1992,1.702526,Federal,Senate
M000684,Jan Meyers,99,1985,0.015369,Federal,House
M000684,Jan Meyers,100,1987,0.132012,Federal,House
M000684,Jan Meyers,101,1989,0.625255,Federal,House
M000684,Jan Meyers,102,1991,0.095077,Federal,House
M000684,Jan Meyers,103,1993,0.239173,Federal,House
M000684,Jan Meyers,104,1995,2.37415,Federal,House
M000689,John Mica,103,1993,0.047005,Federal,House
M000689,John Mica,104,1995,2.736823,Federal,House
M000689,John Mica,105,1997,2.007427,Federal,House
M000689,John Mica,106,1999,0.28011,Federal,House
M000689,John Mica,107,2001,0.612336,Federal,House
M000689,John Mica,108,2003,1.218841,Federal,House
M000689,John Mica,109,2005,0.11494,Federal,House
M000689,John Mica,110,2007,0.625496,Federal,House
M000689,John Mica,111,2009,0.2091,Federal,House
M000689,John Mica,112,2011,14.369591,Federal,House
M000689,John Mica,113,2013,0.030463,Federal,House
M000689,John Mica,114,2015,1.039508,Federal,House
M000714,Juanita Millender-McDonald,1993-1994,1993,1.163766,State,Lower
M000714,Juanita Millender-McDonald,104,1995,0.0,Federal,House
M000714,Juanita Millender-McDonald,1995-1996,1995,0.926759,State,Lower
M000714,Juanita Millender-McDonald,105,1997,0.381071,Federal,House
M000714,Juanita Millender-McDonald,106,1999,0.98977,Federal,House
M000714,Juanita Millender-McDonald,107,2001,0.265319,Federal,House
M000714,Juanita Millender-McDonald,108,2003,0.771762,Federal,House
M000714,Juanita Millender-McDonald,109,2005,1.211181,Federal,House
M000714,Juanita Millender-McDonald,110,2007,0.025067,Federal,House
M000808,Donald J. Mitchell,93,1973,0.077526,Federal,House
M000808,Donald J. Mitchell,94,1975,0.069935,Federal,House
M000808,Donald J. Mitchell,95,1977,0.27636,Federal,House
M000808,Donald J. Mitchell,96,1979,0.416594,Federal,House
M000808,Donald J. Mitchell,97,1981,0.792511,Federal,House
M000834,Joseph Moakley,93,1973,0.725645,Federal,House
M000834,Joseph Moakley,94,1975,0.578968,Federal,House
M000834,Joseph Moakley,95,1977,0.252188,Federal,House
M000834,Joseph Moakley,96,1979,0.618031,Federal,House
M000834,Joseph Moakley,97,1981,0.481987,Federal,House
M000834,Joseph Moakley,98,1983,1.747005,Federal,House
M000834,Joseph Moakley,99,1985,0.609062,Federal,House
M000834,Joseph Moakley,100,1987,0.676876,Federal,House
M000834,Joseph Moakley,101,1989,1.638376,Federal,House
M000834,Joseph Moakley,102,1991,0.565116,Federal,House
M000834,Joseph Moakley,103,1993,0.952896,Federal,House
M000834,Joseph Moakley,104,1995,0.076523,Federal,House
M000834,Joseph Moakley,105,1997,0.054242,Federal,House
M000834,Joseph Moakley,106,1999,0.592728,Federal,House
M000834,Joseph Moakley,107,2001,0.031214,Federal,House
M000842,Guy Molinari,97,1981,0.049164,Federal,House
M000842,Guy Molinari,98,1983,0.095501,Federal,House
M000842,Guy Molinari,99,1985,0.225328,Federal,House
M000842,Guy Molinari,100,1987,1.380352,Federal,House
M000842,Guy Molinari,101,1989,0.243403,Federal,House
M000865,Sonny Montgomery,93,1973,1.08847,Federal,House
M000865,Sonny Montgomery,94,1975,3.870885,Federal,House
M000865,Sonny Montgomery,95,1977,6.146942,Federal,House
M000865,Sonny Montgomery,96,1979,2.602457,Federal,House
M000865,Sonny Montgomery,97,1981,4.328376,Federal,House
M000865,Sonny Montgomery,98,1983,4.500198,Federal,House
M000865,Sonny Montgomery,99,1985,5.321763,Federal,House
M000865,Sonny Montgomery,100,1987,5.81422,Federal,House
M000865,Sonny Montgomery,101,1989,4.534437,Federal,House
M000865,Sonny Montgomery,102,1991,8.770514,Federal,House
M000865,Sonny Montgomery,103,1993,5.497226,Federal,House
M000865,Sonny Montgomery,104,1995,0.463737,Federal,House
M000881,Jim Moody,98,1983,0.338814,Federal,House
M000881,Jim Moody,99,1985,0.256066,Federal,House
M000881,Jim Moody,100,1987,0.111612,Federal,House
M000881,Jim Moody,101,1989,0.15776,Federal,House
M000881,Jim Moody,102,1991,1.426883,Federal,House
M000926,Carlos J. Moorhead,93,1973,0.091093,Federal,House
M000926,Carlos J. Moorhead,94,1975,0.123152,Federal,House
M000926,Carlos J. Moorhead,95,1977,0.325923,Federal,House
M000926,Carlos J. Moorhead,96,1979,1.015003,Federal,House
M000926,Carlos J. Moorhead,97,1981,1.08627,Federal,House
M000926,Carlos J. Moorhead,98,1983,0.248685,Federal,House
M000926,Carlos J. Moorhead,99,1985,0.288679,Federal,House
M000926,Carlos J. Moorhead,100,1987,0.68826,Federal,House
M000926,Carlos J. Moorhead,101,1989,0.270317,Federal,House
M000926,Carlos J. Moorhead,102,1991,0.090869,Federal,House
M000926,Carlos J. Moorhead,103,1993,0.142029,Federal,House
M000926,Carlos J. Moorhead,104,1995,6.770741,Federal,House
M000934,Jerry Moran,105,1997,0.112101,Federal,House
M000934,Jerry Moran,106,1999,0.585645,Federal,House
M000934,Jerry Moran,107,2001,1.597497,Federal,House
M000934,Jerry Moran,108,2003,0.845114,Federal,House
M000934,Jerry Moran,109,2005,1.738878,Federal,House
M000934,Jerry Moran,110,2007,0.609744,Federal,House
M000934,Jerry Moran,111,2009,1.611065,Federal,House
M000934,Jerry Moran,112,2010,0.410718,Federal,Senate
M000934,Jerry Moran,113,2012,0.761992,Federal,Senate
M000934,Jerry Moran,114,2014,1.406546,Federal,Senate
M000934,Jerry Moran,115,2016,1.01198,Federal,Senate
M000934,Jerry Moran,116,2018,2.014079,Federal,Senate
M000934,Jerry Moran,117,2020,0.940213,Federal,Senate
M000934,Jerry Moran,118,2022,1.196654,Federal,Senate
M000941,Connie Morella,100,1987,0.359242,Federal,House
M000941,Connie Morella,101,1989,0.568121,Federal,House
M000941,Connie Morella,102,1991,3.734318,Federal,House
M000941,Connie Morella,103,1993,0.73516,Federal,House
M000941,Connie Morella,104,1995,1.250829,Federal,House
M000941,Connie Morella,105,1997,5.819521,Federal,House
M000941,Connie Morella,106,1999,3.207225,Federal,House
M000941,Connie Morella,107,2001,3.352108,Federal,House
M000956,Robert B. Morgan,94,1974,1.210191,Federal,Senate
M000956,Robert B. Morgan,95,1976,0.271224,Federal,Senate
M000956,Robert B. Morgan,96,1978,0.385421,Federal,Senate
M000999,Sid Morrison,97,1981,0.185736,Federal,House
M000999,Sid Morrison,98,1983,0.311394,Federal,House
M000999,Sid Morrison,99,1985,0.235487,Federal,House
M000999,Sid Morrison,100,1987,1.134886,Federal,House
M000999,Sid Morrison,101,1989,1.134838,Federal,House
M000999,Sid Morrison,102,1991,0.179965,Federal,House
M001025,Carol Moseley Braun,103,1992,0.864955,Federal,Senate
M001025,Carol Moseley Braun,104,1994,0.149239,Federal,Senate
M001025,Carol Moseley Braun,105,1996,0.213168,Federal,Senate
M001044,Ronald Mottl,94,1975,0.204552,Federal,House
M001044,Ronald Mottl,95,1977,0.431456,Federal,House
M001044,Ronald Mottl,96,1979,0.360473,Federal,House
M001044,Ronald Mottl,97,1981,4.298656,Federal,House
M001044,Ronald Mottl,1997-1998,1997,1.381707,State,Lower
M001088,Austin J. Murphy,95,1977,0.331035,Federal,House
M001088,Austin J. Murphy,96,1979,0.071231,Federal,House
M001088,Austin J. Murphy,97,1981,0.626522,Federal,House
M001088,Austin J. Murphy,98,1983,2.984806,Federal,House
M001088,Austin J. Murphy,99,1985,0.978498,Federal,House
M001088,Austin J. Murphy,100,1987,0.519329,Federal,House
M001088,Austin J. Murphy,101,1989,1.177863,Federal,House
M001088,Austin J. Murphy,102,1991,1.204489,Federal,House
M001088,Austin J. Murphy,103,1993,1.086552,Federal,House
M001111,Patty Murray,1991-1992,1991,0.46595,State,Upper
M001111,Patty Murray,103,1992,0.77989,Federal,Senate
M001111,Patty Murray,104,1994,0.222089,Federal,Senate
M001111,Patty Murray,105,1996,0.52001,Federal,Senate
M001111,Patty Murray,106,1998,0.324934,Federal,Senate
M001111,Patty Murray,107,2000,0.74299,Federal,Senate
M001111,Patty Murray,108,2002,0.310809,Federal,Senate
M001111,Patty Murray,109,2004,0.284298,Federal,Senate
M001111,Patty Murray,110,2006,0.940299,Federal,Senate
M001111,Patty Murray,111,2008,1.678955,Federal,Senate
M001111,Patty Murray,112,2010,2.203672,Federal,Senate
M001111,Patty Murray,113,2012,1.781099,Federal,Senate
M001111,Patty Murray,114,2014,0.659537,Federal,Senate
M001111,Patty Murray,115,2016,0.233734,Federal,Senate
M001111,Patty Murray,116,2018,0.361186,Federal,Senate
M001111,Patty Murray,117,2020,0.451117,Federal,Senate
M001111,Patty Murray,118,2022,0.735842,Federal,Senate
M001120,John Murtha,93,1973,0.077526,Federal,House
M001120,John Murtha,94,1975,0.189168,Federal,House
M001120,John Murtha,95,1977,0.13366,Federal,House
M001120,John Murtha,96,1979,0.205059,Federal,House
M001120,John Murtha,97,1981,0.086037,Federal,House
M001120,John Murtha,98,1983,0.089565,Federal,House
M001120,John Murtha,99,1985,0.620222,Federal,House
M001120,John Murtha,100,1987,0.571611,Federal,House
M001120,John Murtha,101,1989,2.097573,Federal,House
M001120,John Murtha,102,1991,1.964901,Federal,House
M001120,John Murtha,103,1993,2.144136,Federal,House
M001120,John Murtha,104,1995,0.057392,Federal,House
M001120,John Murtha,105,1997,0.036162,Federal,House
M001120,John Murtha,106,1999,0.192997,Federal,House
M001120,John Murtha,107,2001,1.560452,Federal,House
M001120,John Murtha,108,2003,1.324974,Federal,House
M001120,John Murtha,109,2005,0.0,Federal,House
M001120,John Murtha,110,2007,1.274502,Federal,House
M001120,John Murtha,111,2009,1.517547,Federal,House
M001121,Edmund Muskie,93,1972,0.795924,Federal,Senate
M001121,Edmund Muskie,94,1974,0.51927,Federal,Senate
M001121,Edmund Muskie,95,1976,0.46285,Federal,Senate
M001121,Edmund Muskie,96,1978,0.933895,Federal,Senate
M001123,Raphael Musto,96,1979,0.010793,Federal,House
M001123,Raphael Musto,1989-1990,1989,0.591312,State,Upper
M001123,Raphael Musto,1991-1992,1991,0.761849,State,Upper
M001123,Raphael Musto,1993-1994,1993,1.059016,State,Upper
M001123,Raphael Musto,1995-1996,1995,0.1581,State,Upper
M001123,Raphael Musto,1997-1998,1997,0.19561,State,Upper
M001123,Raphael Musto,1999-2000,1999,0.317788,State,Upper
M001123,Raphael Musto,2001-2002,2001,0.802378,State,Upper
M001123,Raphael Musto,2003-2004,2003,0.393608,State,Upper
M001123,Raphael Musto,2005-2006,2005,0.531406,State,Upper
M001123,Raphael Musto,2007-2008,2007,1.092711,State,Upper
M001123,Raphael Musto,2009-2010,2009,0.364273,State,Upper
M001132,Michael Myers,95,1977,0.031524,Federal,House
M001132,Michael Myers,96,1979,0.045329,Federal,House
M001137,Gregory Meeks,105,1997,0.0,Federal,House
M001137,Gregory Meeks,106,1999,0.091537,Federal,House
M001137,Gregory Meeks,107,2001,0.078035,Federal,House
M001137,Gregory Meeks,108,2003,0.345009,Federal,House
M001137,Gregory Meeks,109,2005,0.0,Federal,House
M001137,Gregory Meeks,110,2007,0.34459,Federal,House
M001137,Gregory Meeks,111,2009,0.097907,Federal,House
M001137,Gregory Meeks,112,2011,0.817988,Federal,House
M001137,Gregory Meeks,113,2013,0.22764,Federal,House
M001137,Gregory Meeks,114,2015,0.249595,Federal,House
M001137,Gregory Meeks,115,2017,0.438586,Federal,House
M001137,Gregory Meeks,116,2019,1.434336,Federal,House
M001137,Gregory Meeks,117,2021,2.533375,Federal,House
M001137,Gregory Meeks,118,2023,2.108214,Federal,House
M001139,Gary Miller,1995-1996,1995,1.160807,State,Lower
M001139,Gary Miller,1997-1998,1997,1.23132,State,Lower
M001139,Gary Miller,106,1999,0.316122,Federal,House
M001139,Gary Miller,107,2001,1.526338,Federal,House
M001139,Gary Miller,108,2003,1.181261,Federal,House
M001139,Gary Miller,109,2005,1.255564,Federal,House
M001139,Gary Miller,110,2007,0.739535,Federal,House
M001139,Gary Miller,111,2009,0.619288,Federal,House
M001139,Gary Miller,112,2011,2.337276,Federal,House
M001139,Gary Miller,113,2013,0.137084,Federal,House
M001141,Zell Miller,106,1998,0.006014,Federal,Senate
M001141,Zell Miller,107,2000,0.059184,Federal,Senate
M001141,Zell Miller,108,2002,0.231363,Federal,Senate
M001143,Betty McCollum,1995-1996,1995,1.286285,State,Lower
M001143,Betty McCollum,1997-1998,1997,2.481664,State,Lower
M001143,Betty McCollum,1999-2000,1999,0.772514,State,Lower
M001143,Betty McCollum,107,2001,0.062428,Federal,House
M001143,Betty McCollum,108,2003,0.119538,Federal,House
M001143,Betty McCollum,109,2005,0.479262,Federal,House
M001143,Betty McCollum,110,2007,0.300414,Federal,House
M001143,Betty McCollum,111,2009,0.12588,Federal,House
M001143,Betty McCollum,112,2011,0.080526,Federal,House
M001143,Betty McCollum,113,2013,0.194223,Federal,House
M001143,Betty McCollum,114,2015,0.12359,Federal,House
M001143,Betty McCollum,115,2017,0.073897,Federal,House
M001143,Betty McCollum,116,2019,1.424542,Federal,House
M001143,Betty McCollum,117,2021,1.165714,Federal,House
M001143,Betty McCollum,118,2023,0.060576,Federal,House
M001144,Jeff Miller,107,2001,0.193117,Federal,House
M001144,Jeff Miller,2001-2002,2001,1.249233,State,Lower
M001144,Jeff Miller,108,2003,0.28192,Federal,House
M001144,Jeff Miller,109,2005,2.217414,Federal,House
M001144,Jeff Miller,110,2007,0.63509,Federal,House
M001144,Jeff Miller,111,2009,0.220289,Federal,House
M001144,Jeff Miller,112,2011,5.159657,Federal,House
M001144,Jeff Miller,113,2013,5.273339,Federal,House
M001144,Jeff Miller,114,2015,7.657708,Federal,House
M001147,Thaddeus McCotter,1999-2000,1999,1.421428,State,Upper
M001147,Thaddeus McCotter,2001-2002,2001,3.692574,State,Upper
M001147,Thaddeus McCotter,108,2003,0.049807,Federal,House
M001147,Thaddeus McCotter,109,2005,0.070085,Federal,House
M001147,Thaddeus McCotter,110,2007,0.127843,Federal,House
M001147,Thaddeus McCotter,111,2009,0.304209,Federal,House
M001147,Thaddeus McCotter,112,2011,0.093947,Federal,House
M001148,Kendrick Meek,2001-2002,2001,0.519754,State,Upper
M001148,Kendrick Meek,108,2003,0.146876,Federal,House
M001148,Kendrick Meek,109,2005,0.154188,Federal,House
M001148,Kendrick Meek,110,2007,0.443131,Federal,House
M001148,Kendrick Meek,111,2009,0.846325,Federal,House
M001149,Mike Michaud,1987-1988,1987,2.282735,State,Lower
M001149,Mike Michaud,1989-1990,1989,4.084319,State,Lower
M001149,Mike Michaud,1991-1992,1991,2.049274,State,Lower
M001149,Mike Michaud,1993-1994,1993,0.829179,State,Lower
M001149,Mike Michaud,1995-1996,1995,1.179304,State,Upper
M001149,Mike Michaud,1997-1998,1997,1.113781,State,Upper
M001149,Mike Michaud,1999-2000,1999,1.119129,State,Upper
M001149,Mike Michaud,2001-2002,2001,2.727544,State,Upper
M001149,Mike Michaud,108,2003,0.508175,Federal,House
M001149,Mike Michaud,109,2005,0.468376,Federal,House
M001149,Mike Michaud,110,2007,1.646971,Federal,House
M001149,Mike Michaud,111,2009,0.776707,Federal,House
M001149,Mike Michaud,112,2011,0.444386,Federal,House
M001149,Mike Michaud,113,2013,1.287845,Federal,House
M001151,Tim Murphy,1997-1998,1997,0.991853,State,Upper
M001151,Tim Murphy,1999-2000,1999,0.858965,State,Upper
M001151,Tim Murphy,2001-2002,2001,0.914015,State,Upper
M001151,Tim Murphy,108,2003,0.297217,Federal,House
M001151,Tim Murphy,109,2005,0.956623,Federal,House
M001151,Tim Murphy,110,2007,0.338408,Federal,House
M001151,Tim Murphy,111,2009,0.54786,Federal,House
M001151,Tim Murphy,112,2011,0.965822,Federal,House
M001151,Tim Murphy,113,2013,0.342751,Federal,House
M001151,Tim Murphy,114,2015,0.66338,Federal,House
M001151,Tim Murphy,115,2017,0.13247,Federal,House
M001152,Marilyn Musgrave,1999-2000,1999,0.969739,State,Upper
M001152,Marilyn Musgrave,2001-2002,2001,0.438046,State,Upper
M001152,Marilyn Musgrave,108,2003,0.13282,Federal,House
M001152,Marilyn Musgrave,109,2005,1.822981,Federal,House
M001152,Marilyn Musgrave,110,2007,0.569803,Federal,House
M001153,Lisa Murkowski,1999-2000,1999,1.879962,State,Lower
M001153,Lisa Murkowski,2001-2002,2001,2.479432,State,Lower
M001153,Lisa Murkowski,108,2002,1.48951,Federal,Senate
M001153,Lisa Murkowski,109,2004,1.255431,Federal,Senate
M001153,Lisa Murkowski,110,2006,0.858474,Federal,Senate
M001153,Lisa Murkowski,111,2008,1.298481,Federal,Senate
M001153,Lisa Murkowski,112,2010,1.431897,Federal,Senate
M001153,Lisa Murkowski,113,2012,1.625204,Federal,Senate
M001153,Lisa Murkowski,114,2014,2.763295,Federal,Senate
M001153,Lisa Murkowski,115,2016,2.270954,Federal,Senate
M001153,Lisa Murkowski,116,2018,2.561316,Federal,Senate
M001153,Lisa Murkowski,117,2020,2.041229,Federal,Senate
M001153,Lisa Murkowski,118,2022,1.084281,Federal,Senate
M001154,Brad Miller,1993-1994,1993,1.149599,State,Lower
M001154,Brad Miller,1997-1998,1997,1.832348,State,Upper
M001154,Brad Miller,1999-2000,1999,1.732477,State,Upper
M001154,Brad Miller,2001-2002,2001,1.043311,State,Upper
M001154,Brad Miller,108,2003,0.791664,Federal,House
M001154,Brad Miller,109,2005,0.042051,Federal,House
M001154,Brad Miller,110,2007,1.276226,Federal,House
M001154,Brad Miller,111,2009,0.994096,Federal,House
M001154,Brad Miller,112,2011,0.080526,Federal,House
M001155,Connie Mack,2001-2002,2001,0.796597,State,Lower
M001155,Connie Mack,2003-2004,2003,0.730587,State,Lower
M001155,Connie Mack,109,2005,0.255661,Federal,House
M001155,Connie Mack,110,2007,0.575362,Federal,House
M001155,Connie Mack,111,2009,0.055947,Federal,House
M001155,Connie Mack,112,2011,1.006586,Federal,House
M001156,Patrick McHenry,2003-2004,2003,0.120915,State,Lower
M001156,Patrick McHenry,109,2005,0.926737,Federal,House
M001156,Patrick McHenry,110,2007,0.050134,Federal,House
M001156,Patrick McHenry,111,2009,0.055947,Federal,House
M001156,Patrick McHenry,112,2011,0.862773,Federal,House
M001156,Patrick McHenry,113,2013,0.607542,Federal,House
M001156,Patrick McHenry,114,2015,1.070597,Federal,House
M001156,Patrick McHenry,115,2017,0.756603,Federal,House
M001156,Patrick McHenry,116,2019,0.625509,Federal,House
M001156,Patrick McHenry,117,2021,0.656774,Federal,House
M001156,Patrick McHenry,118,2023,3.62396,Federal,House
M001158,Kenny Marchant,1989-1990,1989,1.090146,State,Lower
M001158,Kenny Marchant,1991-1992,1991,0.698449,State,Lower
M001158,Kenny Marchant,1993-1994,1993,1.725167,State,Lower
M001158,Kenny Marchant,1995-1996,1995,1.184577,State,Lower
M001158,Kenny Marchant,1997-1998,1997,0.874754,State,Lower
M001158,Kenny Marchant,1999-2000,1999,0.826845,State,Lower
M001158,Kenny Marchant,2001-2002,2001,0.617184,State,Lower
M001158,Kenny Marchant,2003-2004,2003,1.531324,State,Lower
M001158,Kenny Marchant,109,2005,0.118414,Federal,House
M001158,Kenny Marchant,110,2007,0.025067,Federal,House
M001158,Kenny Marchant,111,2009,0.111893,Federal,House
M001158,Kenny Marchant,112,2011,0.067105,Federal,House
M001158,Kenny Marchant,113,2013,0.091389,Federal,House
M001158,Kenny Marchant,114,2015,0.773237,Federal,House
M001158,Kenny Marchant,115,2017,0.579703,Federal,House
M001158,Kenny Marchant,116,2019,0.059641,Federal,House
M001159,Cathy McMorris Rodgers,1993-1994,1993,0.117376,State,Lower
M001159,Cathy McMorris Rodgers,1995-1996,1995,1.778216,State,Lower
M001159,Cathy McMorris Rodgers,1997-1998,1997,3.287682,State,Lower
M001159,Cathy McMorris Rodgers,1999-2000,1999,1.141679,State,Lower
M001159,Cathy McMorris Rodgers,2001-2002,2001,0.688478,State,Lower
M001159,Cathy McMorris Rodgers,2003-2004,2003,0.156024,State,Lower
M001159,Cathy McMorris Rodgers,109,2005,0.706889,Federal,House
M001159,Cathy McMorris Rodgers,110,2007,0.199759,Federal,House
M001159,Cathy McMorris Rodgers,111,2009,0.220289,Federal,House
M001159,Cathy McMorris Rodgers,112,2011,1.234173,Federal,House
M001159,Cathy McMorris Rodgers,113,2013,1.849921,Federal,House
M001159,Cathy McMorris Rodgers,114,2015,0.503342,Federal,House
M001159,Cathy McMorris Rodgers,115,2017,1.961498,Federal,House
M001159,Cathy McMorris Rodgers,116,2019,1.481447,Federal,House
M001159,Cathy McMorris Rodgers,117,2021,0.556971,Federal,House
M001159,Cathy McMorris Rodgers,118,2023,5.69098,Federal,House
M001160,Gwen Moore,1995-1996,1995,0.124976,State,Upper
M001160,Gwen Moore,1997-1998,1997,0.925816,State,Upper
M001160,Gwen Moore,1999-2000,1999,0.834864,State,Upper
M001160,Gwen Moore,2001-2002,2001,0.594465,State,Upper
M001160,Gwen Moore,2003-2004,2003,0.083806,State,Upper
M001160,Gwen Moore,109,2005,0.297712,Federal,House
M001160,Gwen Moore,110,2007,0.330329,Federal,House
M001160,Gwen Moore,111,2009,0.2098,Federal,House
M001160,Gwen Moore,112,2011,0.444061,Federal,House
M001160,Gwen Moore,113,2013,0.638942,Federal,House
M001160,Gwen Moore,114,2015,0.503342,Federal,House
M001160,Gwen Moore,115,2017,0.533611,Federal,House
M001160,Gwen Moore,116,2019,0.589049,Federal,House
M001160,Gwen Moore,117,2021,0.24699,Federal,House
M001160,Gwen Moore,118,2023,0.147112,Federal,House
M001161,Charlie Melancon,109,2005,0.112137,Federal,House
M001161,Charlie Melancon,110,2007,0.725765,Federal,House
M001161,Charlie Melancon,111,2009,0.223787,Federal,House
M001165,Kevin McCarthy,2003-2004,2003,0.426912,State,Lower
M001165,Kevin McCarthy,2005-2006,2005,0.409285,State,Lower
M001165,Kevin McCarthy,110,2007,0.215186,Federal,House
M001165,Kevin McCarthy,111,2009,0.634966,Federal,House
M001165,Kevin McCarthy,112,2011,0.876194,Federal,House
M001165,Kevin McCarthy,113,2013,1.644432,Federal,House
M001165,Kevin McCarthy,114,2015,2.635125,Federal,House
M001165,Kevin McCarthy,115,2017,1.833663,Federal,House
M001165,Kevin McCarthy,116,2019,0.39921,Federal,House
M001165,Kevin McCarthy,117,2021,0.028281,Federal,House
M001165,Kevin McCarthy,118,2023,0.269265,Federal,House
M001167,Harry Mitchell,1999-2000,1999,0.0,State,Upper
M001167,Harry Mitchell,2001-2002,2001,1.314962,State,Upper
M001167,Harry Mitchell,2003-2004,2003,0.621063,State,Upper
M001167,Harry Mitchell,2005-2006,2005,0.182855,State,Upper
M001167,Harry Mitchell,110,2007,0.379684,Federal,House
M001167,Harry Mitchell,111,2009,1.239976,Federal,House
M001169,Chris Murphy,1999-2000,1999,0.332799,State,Lower
M001169,Chris Murphy,2001-2002,2001,0.754422,State,Lower
M001169,Chris Murphy,2003-2004,2003,1.126786,State,Upper
M001169,Chris Murphy,2005-2006,2005,1.05521,State,Upper
M001169,Chris Murphy,110,2007,0.721768,Federal,House
M001169,Chris Murphy,111,2009,1.345611,Federal,House
M001169,Chris Murphy,112,2011,0.591692,Federal,House
M001169,Chris Murphy,113,2012,0.22968,Federal,Senate
M001169,Chris Murphy,114,2014,0.227975,Federal,Senate
M001169,Chris Murphy,115,2016,0.2665,Federal,Senate
M001169,Chris Murphy,116,2018,0.259183,Federal,Senate
M001169,Chris Murphy,117,2020,0.520789,Federal,Senate
M001169,Chris Murphy,118,2022,0.229643,Federal,Senate
M001170,Claire McCaskill,110,2006,0.466962,Federal,Senate
M001170,Claire McCaskill,111,2008,1.093255,Federal,Senate
M001170,Claire McCaskill,112,2010,0.316546,Federal,Senate
M001170,Claire McCaskill,113,2012,1.025396,Federal,Senate
M001170,Claire McCaskill,114,2014,0.517503,Federal,Senate
M001170,Claire McCaskill,115,2016,1.773727,Federal,Senate
M001176,Jeff Merkley,2007-2008,2007,0.366573,State,Lower
M001176,Jeff Merkley,111,2008,0.657633,Federal,Senate
M001176,Jeff Merkley,112,2010,0.621024,Federal,Senate
M001176,Jeff Merkley,113,2012,0.748948,Federal,Senate
M001176,Jeff Merkley,114,2014,0.241483,Federal,Senate
M001176,Jeff Merkley,115,2016,0.993067,Federal,Senate
M001176,Jeff Merkley,116,2018,2.418257,Federal,Senate
M001176,Jeff Merkley,117,2020,1.712983,Federal,Senate
M001176,Jeff Merkley,118,2022,2.403613,Federal,Senate
M001177,Tom McClintock,1997-1998,1997,0.571566,State,Lower
M001177,Tom McClintock,1999-2000,1999,0.33462,State,Lower
M001177,Tom McClintock,2001-2002,2001,0.285448,State,Upper
M001177,Tom McClintock,2003-2004,2003,0.214612,State,Upper
M001177,Tom McClintock,2005-2006,2005,0.234574,State,Upper
M001177,Tom McClintock,2007-2008,2007,0.184923,State,Upper
M001177,Tom McClintock,111,2009,0.206303,Federal,House
M001177,Tom McClintock,112,2011,0.45608,Federal,House
M001177,Tom McClintock,113,2013,2.521868,Federal,House
M001177,Tom McClintock,114,2015,0.906532,Federal,House
M001177,Tom McClintock,115,2017,0.967002,Federal,House
M001177,Tom McClintock,116,2019,0.069581,Federal,House
M001177,Tom McClintock,117,2021,0.096156,Federal,House
M001177,Tom McClintock,118,2023,2.045227,Federal,House
M001180,David McKinley,1993-1994,1993,1.261271,State,Lower
M001180,David McKinley,112,2011,0.906046,Federal,House
M001180,David McKinley,113,2013,1.562209,Federal,House
M001180,David McKinley,114,2015,1.022102,Federal,House
M001180,David McKinley,115,2017,1.72911,Federal,House
M001180,David McKinley,116,2019,0.978335,Federal,House
M001180,David McKinley,117,2021,1.627104,Federal,House
M001182,Mick Mulvaney,2007-2008,2007,0.113309,State,Lower
M001182,Mick Mulvaney,2009-2010,2009,0.292627,State,Upper
M001182,Mick Mulvaney,112,2011,1.032927,Federal,House
M001182,Mick Mulvaney,113,2013,0.538021,Federal,House
M001182,Mick Mulvaney,114,2015,0.874789,Federal,House
M001183,Joe Manchin,1993-1994,1993,6.218879,State,Upper
M001183,Joe Manchin,1995-1996,1995,2.861003,State,Upper
M001183,Joe Manchin,112,2010,0.081474,Federal,Senate
M001183,Joe Manchin,113,2012,0.508661,Federal,Senate
M001183,Joe Manchin,114,2014,0.267081,Federal,Senate
M001183,Joe Manchin,115,2016,0.567574,Federal,Senate
M001183,Joe Manchin,116,2018,0.789681,Federal,Senate
M001183,Joe Manchin,117,2020,0.617113,Federal,Senate
M001183,Joe Manchin,118,2022,0.440192,Federal,Senate
M001188,Grace Meng,2009-2010,2009,0.677734,State,Lower
M001188,Grace Meng,2011-2012,2011,0.509664,State,Lower
M001188,Grace Meng,113,2013,1.693412,Federal,House
M001188,Grace Meng,114,2015,1.797658,Federal,House
M001188,Grace Meng,115,2017,0.902736,Federal,House
M001188,Grace Meng,116,2019,1.044901,Federal,House
M001188,Grace Meng,117,2021,1.729239,Federal,House
M001188,Grace Meng,118,2023,0.300447,Federal,House
M001189,Luke Messer,2003-2004,2003,0.056533,State,Lower
M001189,Luke Messer,2005-2006,2005,2.142162,State,Lower
M001189,Luke Messer,113,2013,0.726544,Federal,House
M001189,Luke Messer,114,2015,0.955232,Federal,House
M001189,Luke Messer,115,2017,1.0092,Federal,House
M001194,John Moolenaar,2003-2004,2003,1.02042,State,Lower
M001194,John Moolenaar,2005-2006,2005,1.111835,State,Lower
M001194,John Moolenaar,2007-2008,2007,0.198246,State,Lower
M001194,John Moolenaar,2011-2012,2011,0.980055,State,Upper
M001194,John Moolenaar,2013-2014,2013,0.800225,State,Upper
M001194,John Moolenaar,114,2015,0.568316,Federal,House
M001194,John Moolenaar,115,2017,0.329694,Federal,House
M001194,John Moolenaar,116,2019,0.049701,Federal,House
M001194,John Moolenaar,117,2021,0.084844,Federal,House
M001194,John Moolenaar,118,2023,0.677024,Federal,House
M001195,Alex Mooney,1999-2002,1999,0.41231,State,Upper
M001195,Alex Mooney,2003-2006,2003,0.635934,State,Upper
M001195,Alex Mooney,2007-2010,2007,0.528213,State,Upper
M001195,Alex Mooney,114,2015,0.434681,Federal,House
M001195,Alex Mooney,115,2017,0.473071,Federal,House
M001195,Alex Mooney,116,2019,0.079521,Federal,House
M001195,Alex Mooney,117,2021,0.124438,Federal,House
M001195,Alex Mooney,118,2023,0.398815,Federal,House
M001200,Donald McEachin,1996-1997,1996,1.135316,State,Lower
M001200,Donald McEachin,1998-1999,1998,0.902915,State,Lower
M001200,Donald McEachin,2000-2001,2000,0.878006,State,Lower
M001200,Donald McEachin,2006-2007,2006,0.482502,State,Lower
M001200,Donald McEachin,2008-2009,2008,0.719853,State,Upper
M001200,Donald McEachin,2010-2011,2010,1.114538,State,Upper
M001200,Donald McEachin,2012-2013,2012,1.365947,State,Upper
M001200,Donald McEachin,2014-2015,2014,1.031575,State,Upper
M001200,Donald McEachin,2016-2017,2016,0.445763,State,Upper
M001200,Donald McEachin,115,2017,0.172426,Federal,House
M001200,Donald McEachin,116,2019,1.093408,Federal,House
M001200,Donald McEachin,117,2021,1.374673,Federal,House
M001205,Carol Miller,2007-2008,2007,0.023016,State,Lower
M001205,Carol Miller,2009-2010,2009,0.065929,State,Lower
M001205,Carol Miller,2011-2012,2011,0.363498,State,Lower
M001205,Carol Miller,2013-2014,2013,0.341553,State,Lower
M001205,Carol Miller,2015-2016,2015,1.242388,State,Lower
M001205,Carol Miller,2017-2018,2017,0.297056,State,Lower
M001205,Carol Miller,116,2019,0.358438,Federal,House
M001205,Carol Miller,117,2021,0.169688,Federal,House
M001205,Carol Miller,118,2023,1.127435,Federal,House
M001206,Joseph Morelle,1999-2000,1999,1.837063,State,Lower
M001206,Joseph Morelle,2001-2002,2001,3.100709,State,Lower
M001206,Joseph Morelle,2003-2004,2003,2.782116,State,Lower
M001206,Joseph Morelle,2005-2006,2005,3.496208,State,Lower
M001206,Joseph Morelle,2007-2008,2007,3.878968,State,Lower
M001206,Joseph Morelle,2009-2010,2009,3.227453,State,Lower
M001206,Joseph Morelle,2011-2012,2011,3.350609,State,Lower
M001206,Joseph Morelle,2013-2014,2013,2.076883,State,Lower
M001206,Joseph Morelle,2015-2016,2015,1.601792,State,Lower
M001206,Joseph Morelle,115,2017,0.034851,Federal,House
M001206,Joseph Morelle,2017-2018,2017,1.709316,State,Lower
M001206,Joseph Morelle,116,2019,0.323019,Federal,House
M001206,Joseph Morelle,117,2021,0.24699,Federal,House
M001206,Joseph Morelle,118,2023,0.901074,Federal,House
M001209,Ben McAdams,2009-2010,2009,0.282041,State,Upper
M001209,Ben McAdams,2011-2012,2011,1.864857,State,Upper
M001209,Ben McAdams,116,2019,1.740484,Federal,House
M001210,Gregory Murphy,2015-2016,2015,0.2183,State,Lower
M001210,Gregory Murphy,2017-2018,2017,1.386389,State,Lower
M001210,Gregory Murphy,116,2019,0.293198,Federal,House
M001210,Gregory Murphy,2019-2020,2019,1.950472,State,Lower
M001210,Gregory Murphy,117,2021,0.632109,Federal,House
M001210,Gregory Murphy,118,2023,0.962523,Federal,House
M001212,Barry Moore,2011-2014,2011,0.715275,State,Lower
M001212,Barry Moore,2015-2018,2015,0.592941,State,Lower
M001212,Barry Moore,117,2021,0.06599,Federal,House
M001212,Barry Moore,118,2023,0.752406,Federal,House
M001215,Mariannette Miller-Meeks,2019-2020,2019,0.885997,State,Upper
M001215,Mariannette Miller-Meeks,117,2021,0.983507,Federal,House
M001215,Mariannette Miller-Meeks,118,2023,2.017753,Federal,House
M001217,Jared Moskowitz,2013-2014,2013,0.483065,State,Lower
M001217,Jared Moskowitz,2015-2016,2015,0.564138,State,Lower
M001217,Jared Moskowitz,2017-2018,2017,0.75203,State,Lower
M001217,Jared Moskowitz,118,2023,0.09519,Federal,House
M001220,Morgan McGarvey,2013-2014,2013,0.88957,State,Upper
M001220,Morgan McGarvey,2015-2016,2015,1.914533,State,Upper
M001220,Morgan McGarvey,2017-2018,2017,1.056032,State,Upper
M001220,Morgan McGarvey,2019-2020,2019,1.202294,State,Upper
M001220,Morgan McGarvey,2021-2022,2021,0.995594,State,Upper
M001220,Morgan McGarvey,118,2023,0.773364,Federal,House
M001221,Marcus Molinaro,2007-2008,2007,0.338733,State,Lower
M001221,Marcus Molinaro,2009-2010,2009,0.324026,State,Lower
M001221,Marcus Molinaro,2011-2012,2011,0.057665,State,Lower
M001221,Marcus Molinaro,118,2023,3.871304,Federal,House
M001225,Kevin Mullin,2013-2014,2013,1.556816,State,Lower
M001225,Kevin Mullin,2015-2016,2015,1.00776,State,Lower
M001225,Kevin Mullin,2017-2018,2017,1.033102,State,Lower
M001225,Kevin Mullin,2019-2020,2019,0.882578,State,Lower
M001225,Kevin Mullin,2021-2022,2021,0.723199,State,Lower
M001225,Kevin Mullin,118,2023,0.051922,Federal,House
M001227,Jennifer McClellan,2006-2007,2006,0.623869,State,Lower
M001227,Jennifer McClellan,2008-2009,2008,0.980655,State,Lower
M001227,Jennifer McClellan,2010-2011,2010,1.607944,State,Lower
M001227,Jennifer McClellan,2012-2013,2012,1.441027,State,Lower
M001227,Jennifer McClellan,2014-2015,2014,1.28651,State,Lower
M001227,Jennifer McClellan,2016-2017,2016,0.720046,State,Lower
M001227,Jennifer McClellan,2016-2017,2016,0.168658,State,Upper
M001227,Jennifer McClellan,2018-2019,2018,1.006504,State,Upper
M001227,Jennifer McClellan,2020-2021,2020,1.724113,State,Upper
M001227,Jennifer McClellan,2022-2023,2022,1.50239,State,Upper
M001227,Jennifer McClellan,118,2023,0.305786,Federal,House
M001230,Ryan Mackenzie,2011-2012,2011,0.456018,State,Lower
M001230,Ryan Mackenzie,2013-2014,2013,1.069996,State,Lower
M001230,Ryan Mackenzie,2015-2016,2015,1.945896,State,Lower
M001230,Ryan Mackenzie,2017-2018,2017,2.399211,State,Lower
M001230,Ryan Mackenzie,2019-2020,2019,2.529809,State,Lower
M001230,Ryan Mackenzie,2021-2022,2021,2.43258,State,Lower
M001230,Ryan Mackenzie,2023-2024,2023,1.217034,State,Lower
M001231,John Mannion,2021-2022,2021,1.389376,State,Upper
M001231,John Mannion,2023-2024,2023,1.884147,State,Upper
M001233,Mark Messmer,2009-2010,2009,0.092387,State,Lower
M001233,Mark Messmer,2011-2012,2011,1.565577,State,Lower
M001233,Mark Messmer,2013-2014,2013,2.265397,State,Lower
M001233,Mark Messmer,2015-2016,2015,1.18447,State,Upper
M001233,Mark Messmer,2017-2018,2017,1.495049,State,Upper
M001233,Mark Messmer,2019-2020,2019,1.61533,State,Upper
M001233,Mark Messmer,2021-2022,2021,2.299384,State,Upper
M001233,Mark Messmer,2023-2024,2023,1.463879,State,Upper
M001234,Kelly Morrison,2019-2020,2019,2.297194,State,Lower
M001234,Kelly Morrison,2021-2022,2021,1.502951,State,Lower
M001234,Kelly Morrison,2023-2024,2023,1.413594,State,Upper
M001235,Riley Moore,2017-2018,2017,1.254115,State,Lower
M001236,Tim Moore,2003-2004,2003,1.940882,State,Lower
M001236,Tim Moore,2005-2006,2005,1.855599,State,Lower
M001236,Tim Moore,2007-2008,2007,1.847024,State,Lower
M001236,Tim Moore,2009-2010,2009,1.237113,State,Lower
M001236,Tim Moore,2011-2012,2011,2.3298,State,Lower
M001236,Tim Moore,2013-2014,2013,1.974024,State,Lower
M001236,Tim Moore,2015-2016,2015,0.0,State,Lower
M001236,Tim Moore,2017-2018,2017,0.223934,State,Lower
M001236,Tim Moore,2019-2020,2019,0.986715,State,Lower
M001236,Tim Moore,2021-2022,2021,0.961343,State,Lower
M001236,Tim Moore,2023-2024,2023,1.474487,State,Lower
M001237,Kristen McDonald Rivet,2023-2024,2023,1.169541,State,Upper
M001238,Sarah McBride,2021-2022,2021,1.415655,State,Upper
M001238,Sarah McBride,2023-2024,2023,1.526985,State,Upper
M001239,John McGuire,2018-2019,2018,0.557945,State,Lower
M001239,John McGuire,2020-2021,2020,0.301994,State,Lower
M001239,John McGuire,2022-2023,2022,0.736303,State,Lower
M001239,John McGuire,2024-2025,2024,0.225894,State,Upper
M001241,Dave Min,2021-2022,2021,0.866265,State,Upper
M001241,Dave Min,2023-2024,2023,0.994719,State,Upper
N000002,Jerrold Nadler,103,1993,0.51807,Federal,House
N000002,Jerrold Nadler,104,1995,0.488245,Federal,House
N000002,Jerrold Nadler,105,1997,0.551761,Federal,House
N000002,Jerrold Nadler,106,1999,0.46986,Federal,House
N000002,Jerrold Nadler,107,2001,1.031134,Federal,House
N000002,Jerrold Nadler,108,2003,0.627251,Federal,House
N000002,Jerrold Nadler,109,2005,0.280341,Federal,House
N000002,Jerrold Nadler,110,2007,0.300028,Federal,House
N000002,Jerrold Nadler,111,2009,0.900572,Federal,House
N000002,Jerrold Nadler,112,2011,0.643963,Federal,House
N000002,Jerrold Nadler,113,2013,0.30463,Federal,House
N000002,Jerrold Nadler,114,2015,0.205983,Federal,House
N000002,Jerrold Nadler,115,2017,0.561345,Federal,House
N000002,Jerrold Nadler,116,2019,3.017133,Federal,House
N000002,Jerrold Nadler,117,2021,5.962725,Federal,House
N000002,Jerrold Nadler,118,2023,0.138459,Federal,House
N000032,Bill Nelson,96,1979,0.047487,Federal,House
N000032,Bill Nelson,97,1981,0.096555,Federal,House
N000032,Bill Nelson,98,1983,0.089262,Federal,House
N000032,Bill Nelson,99,1985,1.169405,Federal,House
N000032,Bill Nelson,100,1987,1.658993,Federal,House
N000032,Bill Nelson,101,1989,0.566643,Federal,House
N000032,Bill Nelson,107,2000,0.176773,Federal,Senate
N000032,Bill Nelson,108,2002,0.18847,Federal,Senate
N000032,Bill Nelson,109,2004,0.300702,Federal,Senate
N000032,Bill Nelson,110,2006,1.531496,Federal,Senate
N000032,Bill Nelson,111,2008,1.537889,Federal,Senate
N000032,Bill Nelson,112,2010,0.64256,Federal,Senate
N000032,Bill Nelson,113,2012,1.57264,Federal,Senate
N000032,Bill Nelson,114,2014,0.719058,Federal,Senate
N000032,Bill Nelson,115,2016,1.458736,Federal,Senate
N000033,Gaylord Nelson,93,1972,2.259284,Federal,Senate
N000033,Gaylord Nelson,94,1974,0.792146,Federal,Senate
N000033,Gaylord Nelson,95,1976,1.67165,Federal,Senate
N000033,Gaylord Nelson,96,1978,1.971017,Federal,Senate
N000081,Bob Ney,104,1995,0.693416,Federal,House
N000081,Bob Ney,105,1997,0.457085,Federal,House
N000081,Bob Ney,106,1999,0.185053,Federal,House
N000081,Bob Ney,107,2001,2.559853,Federal,House
N000081,Bob Ney,108,2003,2.724552,Federal,House
N000081,Bob Ney,109,2005,3.7916,Federal,House
N000095,Bill Nichols,93,1973,0.38931,Federal,House
N000095,Bill Nichols,94,1975,0.346049,Federal,House
N000095,Bill Nichols,95,1977,2.190968,Federal,House
N000095,Bill Nichols,96,1979,3.709444,Federal,House
N000095,Bill Nichols,97,1981,2.807302,Federal,House
N000095,Bill Nichols,98,1983,1.69519,Federal,House
N000095,Bill Nichols,99,1985,1.859124,Federal,House
N000095,Bill Nichols,100,1987,0.466008,Federal,House
N000102,Don Nickles,97,1980,0.54593,Federal,Senate
N000102,Don Nickles,98,1982,1.030634,Federal,Senate
N000102,Don Nickles,99,1984,1.298051,Federal,Senate
N000102,Don Nickles,100,1986,0.210286,Federal,Senate
N000102,Don Nickles,101,1988,0.530815,Federal,Senate
N000102,Don Nickles,102,1990,0.109214,Federal,Senate
N000102,Don Nickles,103,1992,0.209812,Federal,Senate
N000102,Don Nickles,104,1994,0.749608,Federal,Senate
N000102,Don Nickles,105,1996,0.796355,Federal,Senate
N000102,Don Nickles,106,1998,0.756928,Federal,Senate
N000102,Don Nickles,107,2000,0.105891,Federal,Senate
N000102,Don Nickles,108,2002,0.307578,Federal,Senate
N000106,Howard C. Nielson,98,1983,0.068215,Federal,House
N000106,Howard C. Nielson,99,1985,0.454156,Federal,House
N000106,Howard C. Nielson,100,1987,0.225022,Federal,House
N000106,Howard C. Nielson,101,1989,1.552725,Federal,House
N000127,Rick Nolan,94,1975,0.259103,Federal,House
N000127,Rick Nolan,95,1977,0.630556,Federal,House
N000127,Rick Nolan,96,1979,1.410516,Federal,House
N000127,Rick Nolan,113,2013,2.856545,Federal,House
N000127,Rick Nolan,114,2015,0.957446,Federal,House
N000127,Rick Nolan,115,2017,0.939595,Federal,House
N000143,Anne Northup,105,1997,0.018081,Federal,House
N000143,Anne Northup,106,1999,0.124714,Federal,House
N000143,Anne Northup,107,2001,0.0,Federal,House
N000143,Anne Northup,108,2003,0.0,Federal,House
N000143,Anne Northup,109,2005,0.065835,Federal,House
N000171,Sam Nunn,93,1972,0.329325,Federal,Senate
N000171,Sam Nunn,94,1974,0.529364,Federal,Senate
N000171,Sam Nunn,95,1976,0.42842,Federal,Senate
N000171,Sam Nunn,96,1978,0.432924,Federal,Senate
N000171,Sam Nunn,97,1980,0.36886,Federal,Senate
N000171,Sam Nunn,98,1982,1.113277,Federal,Senate
N000171,Sam Nunn,99,1984,0.257162,Federal,Senate
N000171,Sam Nunn,100,1986,1.693192,Federal,Senate
N000171,Sam Nunn,101,1988,2.697979,Federal,Senate
N000171,Sam Nunn,102,1990,3.325491,Federal,Senate
N000171,Sam Nunn,103,1992,2.24757,Federal,Senate
N000171,Sam Nunn,104,1994,0.750594,Federal,Senate
N000179,Grace Napolitano,1993-1994,1993,0.717522,State,Lower
N000179,Grace Napolitano,1995-1996,1995,0.706989,State,Lower
N000179,Grace Napolitano,1997-1998,1997,0.672847,State,Lower
N000179,Grace Napolitano,106,1999,0.030842,Federal,House
N000179,Grace Napolitano,107,2001,0.031214,Federal,House
N000179,Grace Napolitano,108,2003,0.662487,Federal,House
N000179,Grace Napolitano,109,2005,0.014017,Federal,House
N000179,Grace Napolitano,110,2007,0.309496,Federal,House
N000179,Grace Napolitano,111,2009,0.522684,Federal,House
N000179,Grace Napolitano,112,2011,0.134957,Federal,House
N000179,Grace Napolitano,113,2013,0.16376,Federal,House
N000179,Grace Napolitano,114,2015,0.844842,Federal,House
N000179,Grace Napolitano,115,2017,0.049265,Federal,House
N000179,Grace Napolitano,116,2019,1.340379,Federal,House
N000179,Grace Napolitano,117,2021,0.425464,Federal,House
N000179,Grace Napolitano,118,2023,0.205592,Federal,House
N000184,Kristi Noem,2007-2008,2007,0.6563,State,Lower
N000184,Kristi Noem,2009-2010,2009,1.467917,State,Lower
N000184,Kristi Noem,112,2011,1.184632,Federal,House
N000184,Kristi Noem,113,2013,1.305358,Federal,House
N000184,Kristi Noem,114,2015,2.048079,Federal,House
N000184,Kristi Noem,115,2017,1.666458,Federal,House
N000186,Alan Nunnelee,1996-1999,1996,0.70187,State,Upper
N000186,Alan Nunnelee,2000-2003,2000,1.097819,State,Upper
N000186,Alan Nunnelee,2004-2007,2004,3.422874,State,Upper
N000186,Alan Nunnelee,2008-2011,2008,8.132084,State,Upper
N000186,Alan Nunnelee,112,2011,0.228168,Federal,House
N000186,Alan Nunnelee,113,2013,1.122579,Federal,House
N000188,Donald Norcross,2010-2011,2010,1.43399,State,Upper
N000188,Donald Norcross,2012-2013,2012,2.060019,State,Upper
N000188,Donald Norcross,113,2013,0.0,Federal,House
N000188,Donald Norcross,2014-2015,2014,0.704704,State,Upper
N000188,Donald Norcross,114,2015,0.259601,Federal,House
N000188,Donald Norcross,115,2017,0.123162,Federal,House
N000188,Donald Norcross,116,2019,0.27029,Federal,House
N000188,Donald Norcross,117,2021,0.547265,Federal,House
N000188,Donald Norcross,118,2023,0.148843,Federal,House
N000189,Dan Newhouse,2003-2004,2003,0.507616,State,Lower
N000189,Dan Newhouse,2005-2006,2005,0.489216,State,Lower
N000189,Dan Newhouse,2007-2008,2007,0.480331,State,Lower
N000189,Dan Newhouse,2009-2010,2009,0.61682,State,Lower
N000189,Dan Newhouse,114,2015,0.409963,Federal,House
N000189,Dan Newhouse,115,2017,0.932864,Federal,House
N000189,Dan Newhouse,116,2019,0.24196,Federal,House
N000189,Dan Newhouse,117,2021,0.419977,Federal,House
N000189,Dan Newhouse,118,2023,0.916314,Federal,House
N000190,Ralph Norman,2005-2006,2005,0.021237,State,Lower
N000190,Ralph Norman,2009-2010,2009,0.400549,State,Lower
N000190,Ralph Norman,2011-2012,2011,0.366993,State,Lower
N000190,Ralph Norman,2013-2014,2013,0.787548,State,Lower
N000190,Ralph Norman,2015-2016,2015,0.358217,State,Lower
N000190,Ralph Norman,115,2017,0.741417,Federal,House
N000190,Ralph Norman,2017-2018,2017,0.022812,State,Lower
N000190,Ralph Norman,116,2019,0.366472,Federal,House
N000190,Ralph Norman,117,2021,0.400095,Federal,House
N000190,Ralph Norman,118,2023,0.467598,Federal,House
N000193,Zach Nunn,2015-2016,2015,3.819428,State,Lower
N000193,Zach Nunn,2017-2018,2017,2.217548,State,Lower
N000193,Zach Nunn,2019-2020,2019,2.116639,State,Upper
N000193,Zach Nunn,2021-2022,2021,0.366204,State,Upper
N000193,Zach Nunn,118,2023,1.202632,Federal,House
N000194,Wiley Nickel,2019-2020,2019,0.231254,State,Upper
N000194,Wiley Nickel,2021-2022,2021,0.219491,State,Upper
N000194,Wiley Nickel,118,2023,0.086537,Federal,House
O000001,Mary Oakar,95,1977,0.806032,Federal,House
O000001,Mary Oakar,96,1979,0.250388,Federal,House
O000001,Mary Oakar,97,1981,1.104777,Federal,House
O000001,Mary Oakar,98,1983,2.698642,Federal,House
O000001,Mary Oakar,99,1985,4.352992,Federal,House
O000001,Mary Oakar,100,1987,1.847785,Federal,House
O000001,Mary Oakar,101,1989,4.867104,Federal,House
O000001,Mary Oakar,102,1991,2.18807,Federal,House
O000001,Mary Oakar,2001-2002,2001,0.664607,State,Lower
O000007,David Obey,93,1973,0.785109,Federal,House
O000007,David Obey,94,1975,0.286935,Federal,House
O000007,David Obey,95,1977,0.069352,Federal,House
O000007,David Obey,96,1979,0.097133,Federal,House
O000007,David Obey,97,1981,0.614116,Federal,House
O000007,David Obey,98,1983,1.013766,Federal,House
O000007,David Obey,99,1985,1.256408,Federal,House
O000007,David Obey,100,1987,2.095839,Federal,House
O000007,David Obey,101,1989,3.445366,Federal,House
O000007,David Obey,102,1991,1.623339,Federal,House
O000007,David Obey,103,1993,3.286712,Federal,House
O000007,David Obey,104,1995,0.133915,Federal,House
O000007,David Obey,105,1997,0.271212,Federal,House
O000007,David Obey,106,1999,0.107948,Federal,House
O000007,David Obey,107,2001,0.062428,Federal,House
O000007,David Obey,108,2003,0.099615,Federal,House
O000007,David Obey,109,2005,0.042051,Federal,House
O000007,David Obey,110,2007,3.398072,Federal,House
O000007,David Obey,111,2009,7.814333,Federal,House
O000010,George M. O'Brien,93,1973,0.20777,Federal,House
O000010,George M. O'Brien,94,1975,0.143309,Federal,House
O000010,George M. O'Brien,95,1977,0.190402,Federal,House
O000010,George M. O'Brien,96,1979,0.196425,Federal,House
O000010,George M. O'Brien,97,1981,0.192425,Federal,House
O000010,George M. O'Brien,98,1983,0.07289,Federal,House
O000010,George M. O'Brien,99,1985,0.0,Federal,House
O000019,Jay Obernolte,2015-2016,2015,1.1299,State,Lower
O000019,Jay Obernolte,2017-2018,2017,1.331848,State,Lower
O000019,Jay Obernolte,2019-2020,2019,1.192025,State,Lower
O000019,Jay Obernolte,117,2021,1.064686,Federal,House
O000019,Jay Obernolte,118,2023,1.135798,Federal,House
O000085,John Olver,102,1991,0.48783,Federal,House
O000085,John Olver,103,1993,0.221384,Federal,House
O000085,John Olver,104,1995,0.095654,Federal,House
O000085,John Olver,105,1997,0.072323,Federal,House
O000085,John Olver,106,1999,0.030842,Federal,House
O000085,John Olver,107,2001,1.00634,Federal,House
O000085,John Olver,108,2003,0.049807,Federal,House
O000085,John Olver,109,2005,0.070085,Federal,House
O000085,John Olver,110,2007,2.03631,Federal,House
O000085,John Olver,111,2009,2.242178,Federal,House
O000085,John Olver,112,2011,0.187905,Federal,House
O000098,Tip O'Neill,93,1973,0.282428,Federal,House
O000098,Tip O'Neill,94,1975,0.681218,Federal,House
O000098,Tip O'Neill,95,1977,0.0,Federal,House
O000098,Tip O'Neill,96,1979,0.0,Federal,House
O000098,Tip O'Neill,97,1981,0.0,Federal,House
O000098,Tip O'Neill,98,1983,0.0,Federal,House
O000098,Tip O'Neill,99,1985,0.0,Federal,House
O000159,Major Owens,98,1983,0.399712,Federal,House
O000159,Major Owens,99,1985,0.25914,Federal,House
O000159,Major Owens,100,1987,3.460697,Federal,House
O000159,Major Owens,101,1989,4.777755,Federal,House
O000159,Major Owens,102,1991,4.271509,Federal,House
O000159,Major Owens,103,1993,3.572206,Federal,House
O000159,Major Owens,104,1995,0.172177,Federal,House
O000159,Major Owens,105,1997,0.090404,Federal,House
O000159,Major Owens,106,1999,0.268327,Federal,House
O000159,Major Owens,107,2001,0.187284,Federal,House
O000159,Major Owens,108,2003,0.298845,Federal,House
O000159,Major Owens,109,2005,0.227077,Federal,House
O000163,Mike Oxley,97,1981,0.114328,Federal,House
O000163,Mike Oxley,98,1983,0.270465,Federal,House
O000163,Mike Oxley,99,1985,0.036886,Federal,House
O000163,Mike Oxley,100,1987,1.053408,Federal,House
O000163,Mike Oxley,101,1989,0.045894,Federal,House
O000163,Mike Oxley,102,1991,0.183357,Federal,House
O000163,Mike Oxley,103,1993,0.09401,Federal,House
O000163,Mike Oxley,104,1995,3.345132,Federal,House
O000163,Mike Oxley,105,1997,1.953472,Federal,House
O000163,Mike Oxley,106,1999,1.163652,Federal,House
O000163,Mike Oxley,107,2001,5.378211,Federal,House
O000163,Mike Oxley,108,2003,0.567783,Federal,House
O000163,Mike Oxley,109,2005,0.826158,Federal,House
O000166,Butch Otter,107,2001,1.124916,Federal,House
O000166,Butch Otter,108,2003,0.409081,Federal,House
O000166,Butch Otter,109,2005,1.471982,Federal,House
O000167,Barack Obama,1997-1998,1997,0.534985,State,Upper
O000167,Barack Obama,1999-2000,1999,0.60397,State,Upper
O000167,Barack Obama,2001-2002,2001,0.524822,State,Upper
O000167,Barack Obama,2003-2004,2003,2.530111,State,Upper
O000167,Barack Obama,109,2004,0.649183,Federal,Senate
O000167,Barack Obama,110,2006,0.751329,Federal,Senate
O000171,Tom O'Halleran,2001-2002,2001,0.499521,State,Lower
O000171,Tom O'Halleran,2003-2004,2003,1.507717,State,Lower
O000171,Tom O'Halleran,2005-2006,2005,1.443312,State,Lower
O000171,Tom O'Halleran,2007-2008,2007,1.658575,State,Upper
O000171,Tom O'Halleran,115,2017,1.019892,Federal,House
O000171,Tom O'Halleran,116,2019,2.654364,Federal,House
O000171,Tom O'Halleran,117,2021,2.907504,Federal,House
O000173,Ilhan Omar,2017-2018,2017,0.363313,State,Lower
O000173,Ilhan Omar,116,2019,0.328024,Federal,House
O000173,Ilhan Omar,117,2021,1.171836,Federal,House
O000173,Ilhan Omar,118,2023,0.16442,Federal,House
O000176,Johnny Olszewski,2007-2010,2007,1.08018,State,Lower
O000176,Johnny Olszewski,2011-2014,2011,1.395635,State,Lower
O000177,Bob Onder,2007-2008,2007,1.683436,State,Lower
O000177,Bob Onder,2015-2016,2015,0.745621,State,Upper
O000177,Bob Onder,2017-2018,2017,0.881419,State,Upper
O000177,Bob Onder,2019-2020,2019,1.528331,State,Upper
O000177,Bob Onder,2021-2022,2021,0.746935,State,Upper
P000009,Bob Packwood,93,1972,0.205169,Federal,Senate
P000009,Bob Packwood,94,1974,0.383757,Federal,Senate
P000009,Bob Packwood,95,1976,0.39931,Federal,Senate
P000009,Bob Packwood,96,1978,0.183616,Federal,Senate
P000009,Bob Packwood,97,1980,4.858835,Federal,Senate
P000009,Bob Packwood,98,1982,4.542571,Federal,Senate
P000009,Bob Packwood,99,1984,1.428272,Federal,Senate
P000009,Bob Packwood,100,1986,0.062389,Federal,Senate
P000009,Bob Packwood,101,1988,0.155018,Federal,Senate
P000009,Bob Packwood,102,1990,0.543629,Federal,Senate
P000009,Bob Packwood,103,1992,0.066192,Federal,Senate
P000009,Bob Packwood,104,1994,0.160269,Federal,Senate
P000034,Frank Pallone,101,1989,0.612844,Federal,House
P000034,Frank Pallone,102,1991,0.382337,Federal,House
P000034,Frank Pallone,103,1993,1.471438,Federal,House
P000034,Frank Pallone,104,1995,0.555565,Federal,House
P000034,Frank Pallone,105,1997,0.590526,Federal,House
P000034,Frank Pallone,106,1999,0.569592,Federal,House
P000034,Frank Pallone,107,2001,0.533759,Federal,House
P000034,Frank Pallone,108,2003,0.581087,Federal,House
P000034,Frank Pallone,109,2005,0.79174,Federal,House
P000034,Frank Pallone,110,2007,2.641485,Federal,House
P000034,Frank Pallone,111,2009,3.380193,Federal,House
P000034,Frank Pallone,112,2011,0.444386,Federal,House
P000034,Frank Pallone,113,2013,1.077276,Federal,House
P000034,Frank Pallone,114,2015,2.097961,Federal,House
P000034,Frank Pallone,115,2017,0.965978,Federal,House
P000034,Frank Pallone,116,2019,4.582678,Federal,House
P000034,Frank Pallone,117,2021,1.371538,Federal,House
P000034,Frank Pallone,118,2023,1.500478,Federal,House
P000080,Stan Parris,93,1973,0.209837,Federal,House
P000080,Stan Parris,97,1981,0.40766,Federal,House
P000080,Stan Parris,98,1983,0.341077,Federal,House
P000080,Stan Parris,99,1985,0.367815,Federal,House
P000080,Stan Parris,100,1987,1.58454,Federal,House
P000080,Stan Parris,101,1989,0.409998,Federal,House
P000096,Bill Pascrell,1996-1997,1996,0.539825,State,Lower
P000096,Bill Pascrell,105,1997,0.112101,Federal,House
P000096,Bill Pascrell,106,1999,0.311972,Federal,House
P000096,Bill Pascrell,107,2001,1.066199,Federal,House
P000096,Bill Pascrell,108,2003,0.322748,Federal,House
P000096,Bill Pascrell,109,2005,0.308376,Federal,House
P000096,Bill Pascrell,110,2007,1.056067,Federal,House
P000096,Bill Pascrell,111,2009,0.988351,Federal,House
P000096,Bill Pascrell,112,2011,0.6037,Federal,House
P000096,Bill Pascrell,113,2013,0.996924,Federal,House
P000096,Bill Pascrell,114,2015,0.282883,Federal,House
P000096,Bill Pascrell,115,2017,0.9416,Federal,House
P000096,Bill Pascrell,116,2019,1.747284,Federal,House
P000096,Bill Pascrell,117,2021,1.117546,Federal,House
P000096,Bill Pascrell,118,2023,1.931197,Federal,House
P000104,Bill Patman,97,1981,0.049164,Federal,House
P000104,Bill Patman,98,1983,0.961922,Federal,House
P000112,Liz Patterson,100,1987,0.062007,Federal,House
P000112,Liz Patterson,101,1989,0.071709,Federal,House
P000112,Liz Patterson,102,1991,0.084887,Federal,House
P000145,Alex Padilla,2007-2008,2007,1.409906,State,Upper
P000145,Alex Padilla,2009-2010,2009,1.193744,State,Upper
P000145,Alex Padilla,2011-2012,2011,1.643457,State,Upper
P000145,Alex Padilla,2013-2014,2013,1.4208,State,Upper
P000145,Alex Padilla,117,2020,1.532871,Federal,Senate
P000145,Alex Padilla,118,2022,2.730294,Federal,Senate
P000148,Bill Paxon,101,1989,0.115671,Federal,House
P000148,Bill Paxon,102,1991,0.149407,Federal,House
P000148,Bill Paxon,103,1993,0.109679,Federal,House
P000148,Bill Paxon,104,1995,0.057392,Federal,House
P000148,Bill Paxon,105,1997,0.776658,Federal,House
P000170,Donald Pease,95,1977,0.197968,Federal,House
P000170,Donald Pease,96,1979,0.30708,Federal,House
P000170,Donald Pease,97,1981,0.244733,Federal,House
P000170,Donald Pease,98,1983,1.16498,Federal,House
P000170,Donald Pease,99,1985,0.644983,Federal,House
P000170,Donald Pease,100,1987,0.663742,Federal,House
P000170,Donald Pease,101,1989,1.484105,Federal,House
P000170,Donald Pease,102,1991,0.732119,Federal,House
P000171,Ed Pease,105,1997,0.007232,Federal,House
P000171,Ed Pease,106,1999,0.76489,Federal,House
P000215,Timothy Penny,98,1983,0.113819,Federal,House
P000215,Timothy Penny,99,1985,0.046108,Federal,House
P000215,Timothy Penny,100,1987,0.738883,Federal,House
P000215,Timothy Penny,101,1989,3.334884,Federal,House
P000215,Timothy Penny,102,1991,2.772855,Federal,House
P000215,Timothy Penny,103,1993,0.70628,Federal,House
P000218,Claude Pepper,93,1973,0.607934,Federal,House
P000218,Claude Pepper,94,1975,1.47551,Federal,House
P000218,Claude Pepper,95,1977,2.29979,Federal,House
P000218,Claude Pepper,96,1979,1.566315,Federal,House
P000218,Claude Pepper,97,1981,1.139877,Federal,House
P000218,Claude Pepper,98,1983,0.403052,Federal,House
P000218,Claude Pepper,99,1985,1.771018,Federal,House
P000218,Claude Pepper,100,1987,2.235018,Federal,House
P000218,Claude Pepper,101,1989,0.476091,Federal,House
P000229,Carl Christopher Perkins,99,1985,1.148228,Federal,House
P000229,Carl Christopher Perkins,100,1987,0.034104,Federal,House
P000229,Carl Christopher Perkins,101,1989,0.130013,Federal,House
P000229,Carl Christopher Perkins,102,1991,1.365485,Federal,House
P000230,Carl D. Perkins,93,1973,6.094957,Federal,House
P000230,Carl D. Perkins,94,1975,1.797615,Federal,House
P000230,Carl D. Perkins,95,1977,3.583611,Federal,House
P000230,Carl D. Perkins,96,1979,4.879972,Federal,House
P000230,Carl D. Perkins,97,1981,0.459968,Federal,House
P000230,Carl D. Perkins,98,1983,4.780172,Federal,House
P000258,Collin Peterson,102,1991,0.247877,Federal,House
P000258,Collin Peterson,103,1993,0.203689,Federal,House
P000258,Collin Peterson,104,1995,0.153046,Federal,House
P000258,Collin Peterson,105,1997,0.166343,Federal,House
P000258,Collin Peterson,106,1999,0.41992,Federal,House
P000258,Collin Peterson,107,2001,0.315261,Federal,House
P000258,Collin Peterson,108,2003,0.298845,Federal,House
P000258,Collin Peterson,109,2005,0.196239,Federal,House
P000258,Collin Peterson,110,2007,4.345005,Federal,House
P000258,Collin Peterson,111,2009,1.560294,Federal,House
P000258,Collin Peterson,112,2011,0.912682,Federal,House
P000258,Collin Peterson,113,2013,0.181946,Federal,House
P000258,Collin Peterson,114,2015,0.194666,Federal,House
P000258,Collin Peterson,115,2017,0.399175,Federal,House
P000258,Collin Peterson,116,2019,0.552739,Federal,House
P000263,John Peterson,1989-1990,1989,1.178096,State,Upper
P000263,John Peterson,1991-1992,1991,1.311793,State,Upper
P000263,John Peterson,1993-1994,1993,0.344119,State,Upper
P000263,John Peterson,1995-1996,1995,0.717346,State,Upper
P000263,John Peterson,105,1997,0.315978,Federal,House
P000263,John Peterson,106,1999,0.254681,Federal,House
P000263,John Peterson,107,2001,0.708555,Federal,House
P000263,John Peterson,108,2003,0.805943,Federal,House
P000263,John Peterson,109,2005,0.898703,Federal,House
P000263,John Peterson,110,2007,0.075202,Federal,House
P000265,Tom Petri,96,1979,0.103609,Federal,House
P000265,Tom Petri,97,1981,0.497822,Federal,House
P000265,Tom Petri,98,1983,0.235508,Federal,House
P000265,Tom Petri,99,1985,0.296963,Federal,House
P000265,Tom Petri,100,1987,0.170519,Federal,House
P000265,Tom Petri,101,1989,0.173039,Federal,House
P000265,Tom Petri,102,1991,0.336156,Federal,House
P000265,Tom Petri,103,1993,0.159817,Federal,House
P000265,Tom Petri,104,1995,0.271656,Federal,House
P000265,Tom Petri,105,1997,0.202505,Federal,House
P000265,Tom Petri,106,1999,0.18066,Federal,House
P000265,Tom Petri,107,2001,0.259076,Federal,House
P000265,Tom Petri,108,2003,0.720526,Federal,House
P000265,Tom Petri,109,2005,0.281846,Federal,House
P000265,Tom Petri,110,2007,0.127843,Federal,House
P000265,Tom Petri,111,2009,0.097907,Federal,House
P000265,Tom Petri,112,2011,0.214736,Federal,House
P000265,Tom Petri,113,2013,0.592898,Federal,House
P000326,Owen B. Pickett,100,1987,0.055987,Federal,House
P000326,Owen B. Pickett,101,1989,0.171856,Federal,House
P000326,Owen B. Pickett,102,1991,0.38284,Federal,House
P000326,Owen B. Pickett,103,1993,0.03447,Federal,House
P000326,Owen B. Pickett,104,1995,0.291174,Federal,House
P000326,Owen B. Pickett,105,1997,0.805685,Federal,House
P000326,Owen B. Pickett,106,1999,0.046263,Federal,House
P000373,Joseph Pitts,1989-1990,1989,0.708226,State,Lower
P000373,Joseph Pitts,1991-1992,1991,0.121979,State,Lower
P000373,Joseph Pitts,1993-1994,1993,1.716398,State,Lower
P000373,Joseph Pitts,1995-1996,1995,30.010998,State,Lower
P000373,Joseph Pitts,105,1997,0.914169,Federal,House
P000373,Joseph Pitts,106,1999,0.681956,Federal,House
P000373,Joseph Pitts,107,2001,0.218498,Federal,House
P000373,Joseph Pitts,108,2003,0.343741,Federal,House
P000373,Joseph Pitts,109,2005,1.14689,Federal,House
P000373,Joseph Pitts,110,2007,0.100269,Federal,House
P000373,Joseph Pitts,111,2009,0.195813,Federal,House
P000373,Joseph Pitts,112,2011,1.738967,Federal,House
P000373,Joseph Pitts,113,2013,3.683923,Federal,House
P000373,Joseph Pitts,114,2015,1.24549,Federal,House
P000422,Earl Pomeroy,103,1993,1.190594,Federal,House
P000422,Earl Pomeroy,104,1995,0.153046,Federal,House
P000422,Earl Pomeroy,105,1997,0.460625,Federal,House
P000422,Earl Pomeroy,106,1999,0.347208,Federal,House
P000422,Earl Pomeroy,107,2001,0.15607,Federal,House
P000422,Earl Pomeroy,108,2003,0.19923,Federal,House
P000422,Earl Pomeroy,109,2005,0.112137,Federal,House
P000422,Earl Pomeroy,110,2007,0.631136,Federal,House
P000422,Earl Pomeroy,111,2009,1.723921,Federal,House
P000444,John Edward Porter,96,1979,0.056122,Federal,House
P000444,John Edward Porter,97,1981,0.204716,Federal,House
P000444,John Edward Porter,98,1983,0.395084,Federal,House
P000444,John Edward Porter,99,1985,0.067624,Federal,House
P000444,John Edward Porter,100,1987,0.282609,Federal,House
P000444,John Edward Porter,101,1989,0.316457,Federal,House
P000444,John Edward Porter,102,1991,0.26146,Federal,House
P000444,John Edward Porter,103,1993,0.251707,Federal,House
P000444,John Edward Porter,104,1995,1.965183,Federal,House
P000444,John Edward Porter,105,1997,2.759522,Federal,House
P000444,John Edward Porter,106,1999,1.703626,Federal,House
P000452,Glenn Poshard,101,1989,1.019166,Federal,House
P000452,Glenn Poshard,102,1991,0.027165,Federal,House
P000452,Glenn Poshard,103,1993,0.121422,Federal,House
P000452,Glenn Poshard,104,1995,0.101804,Federal,House
P000452,Glenn Poshard,105,1997,0.109498,Federal,House
P000556,David Pryor,96,1978,0.404162,Federal,Senate
P000556,David Pryor,97,1980,0.335089,Federal,Senate
P000556,David Pryor,98,1982,0.656455,Federal,Senate
P000556,David Pryor,99,1984,0.305619,Federal,Senate
P000556,David Pryor,100,1986,0.805044,Federal,Senate
P000556,David Pryor,101,1988,1.36842,Federal,Senate
P000556,David Pryor,102,1990,0.268922,Federal,Senate
P000556,David Pryor,103,1992,1.797174,Federal,Senate
P000556,David Pryor,104,1994,0.085333,Federal,Senate
P000574,Carl Pursell,95,1977,0.084483,Federal,House
P000574,Carl Pursell,96,1979,0.151096,Federal,House
P000574,Carl Pursell,97,1981,0.159783,Federal,House
P000574,Carl Pursell,98,1983,0.054572,Federal,House
P000574,Carl Pursell,99,1985,0.030738,Federal,House
P000574,Carl Pursell,100,1987,0.031003,Federal,House
P000574,Carl Pursell,101,1989,0.071709,Federal,House
P000574,Carl Pursell,102,1991,0.040747,Federal,House
P000584,David D. Phelps,1997-1998,1997,1.293401,State,Lower
P000584,David D. Phelps,106,1999,0.015421,Federal,House
P000584,David D. Phelps,107,2001,0.031214,Federal,House
P000585,Todd Platts,1993-1994,1993,0.064708,State,Lower
P000585,Todd Platts,1995-1996,1995,0.226598,State,Lower
P000585,Todd Platts,1997-1998,1997,1.240387,State,Lower
P000585,Todd Platts,1999-2000,1999,0.540294,State,Lower
P000585,Todd Platts,107,2001,0.143584,Federal,House
P000585,Todd Platts,108,2003,1.524151,Federal,House
P000585,Todd Platts,109,2005,0.962402,Federal,House
P000585,Todd Platts,110,2007,0.140377,Federal,House
P000585,Todd Platts,111,2009,0.5889,Federal,House
P000585,Todd Platts,112,2011,0.311122,Federal,House
P000586,Adam Putnam,107,2001,0.062428,Federal,House
P000586,Adam Putnam,108,2003,0.695692,Federal,House
P000586,Adam Putnam,109,2005,0.014017,Federal,House
P000586,Adam Putnam,110,2007,0.062668,Federal,House
P000586,Adam Putnam,111,2009,0.606993,Federal,House
P000588,Stevan Pearce,1997-1998,1997,0.12396,State,Lower
P000588,Stevan Pearce,1999-2000,1999,0.799486,State,Lower
P000588,Stevan Pearce,108,2003,1.971656,Federal,House
P000588,Stevan Pearce,109,2005,3.251423,Federal,House
P000588,Stevan Pearce,110,2007,1.299081,Federal,House
P000588,Stevan Pearce,112,2011,1.027218,Federal,House
P000588,Stevan Pearce,113,2013,1.214734,Federal,House
P000588,Stevan Pearce,114,2015,0.650709,Federal,House
P000588,Stevan Pearce,115,2017,0.969609,Federal,House
P000589,Jon Porter,1995-1996,1995,0.322171,State,Upper
P000589,Jon Porter,1997-1998,1997,1.456543,State,Upper
P000589,Jon Porter,1999-2000,1999,2.279482,State,Upper
P000589,Jon Porter,2001-2002,2001,0.67973,State,Upper
P000589,Jon Porter,108,2003,1.254382,Federal,House
P000589,Jon Porter,109,2005,2.380923,Federal,House
P000589,Jon Porter,110,2007,0.826838,Federal,House
P000590,Mark Pryor,108,2002,0.037831,Federal,Senate
P000590,Mark Pryor,109,2004,0.121033,Federal,Senate
P000590,Mark Pryor,110,2006,1.22413,Federal,Senate
P000590,Mark Pryor,111,2008,1.804023,Federal,Senate
P000590,Mark Pryor,112,2010,0.77355,Federal,Senate
P000590,Mark Pryor,113,2012,0.817478,Federal,Senate
P000591,Tom Price,2001-2002,2001,0.565857,State,Upper
P000591,Tom Price,2003-2004,2003,1.894954,State,Upper
P000591,Tom Price,109,2005,0.112137,Federal,House
P000591,Tom Price,110,2007,0.112803,Federal,House
P000591,Tom Price,111,2009,0.153853,Federal,House
P000591,Tom Price,112,2011,0.552176,Federal,House
P000591,Tom Price,113,2013,1.335023,Federal,House
P000591,Tom Price,114,2015,1.01754,Federal,House
P000593,Ed Perlmutter,1999-2000,1999,0.670373,State,Upper
P000593,Ed Perlmutter,2001-2002,2001,1.378093,State,Upper
P000593,Ed Perlmutter,110,2007,0.965432,Federal,House
P000593,Ed Perlmutter,111,2009,0.332315,Federal,House
P000593,Ed Perlmutter,112,2011,0.067105,Federal,House
P000593,Ed Perlmutter,113,2013,0.837358,Federal,House
P000593,Ed Perlmutter,114,2015,0.680919,Federal,House
P000593,Ed Perlmutter,115,2017,0.253078,Federal,House
P000593,Ed Perlmutter,116,2019,0.861042,Federal,House
P000593,Ed Perlmutter,117,2021,0.507826,Federal,House
P000594,Erik Paulsen,1995-1996,1995,0.171192,State,Lower
P000594,Erik Paulsen,1997-1998,1997,0.1146,State,Lower
P000594,Erik Paulsen,1999-2000,1999,0.826916,State,Lower
P000594,Erik Paulsen,2001-2002,2001,0.75073,State,Lower
P000594,Erik Paulsen,2003-2004,2003,0.607029,State,Lower
P000594,Erik Paulsen,2005-2006,2005,0.490898,State,Lower
P000594,Erik Paulsen,2007-2008,2007,0.254704,State,Lower
P000594,Erik Paulsen,111,2009,0.91075,Federal,House
P000594,Erik Paulsen,112,2011,1.561833,Federal,House
P000594,Erik Paulsen,113,2013,1.386417,Federal,House
P000594,Erik Paulsen,114,2015,3.66406,Federal,House
P000594,Erik Paulsen,115,2017,2.140113,Federal,House
P000595,Gary Peters,1995-1996,1995,0.402233,State,Upper
P000595,Gary Peters,1997-1998,1997,0.784124,State,Upper
P000595,Gary Peters,1999-2000,1999,0.511348,State,Upper
P000595,Gary Peters,2001-2002,2001,1.189431,State,Upper
P000595,Gary Peters,111,2009,0.502182,Federal,House
P000595,Gary Peters,112,2011,0.107368,Federal,House
P000595,Gary Peters,113,2013,0.274167,Federal,House
P000595,Gary Peters,114,2014,0.733407,Federal,Senate
P000595,Gary Peters,115,2016,1.634318,Federal,Senate
P000595,Gary Peters,116,2018,5.015463,Federal,Senate
P000595,Gary Peters,117,2020,8.448477,Federal,Senate
P000595,Gary Peters,118,2022,10.822846,Federal,Senate
P000597,Chellie Pingree,1993-1994,1993,0.545474,State,Upper
P000597,Chellie Pingree,1995-1996,1995,0.992035,State,Upper
P000597,Chellie Pingree,1997-1998,1997,1.146897,State,Upper
P000597,Chellie Pingree,1999-2000,1999,1.718896,State,Upper
P000597,Chellie Pingree,111,2009,0.286249,Federal,House
P000597,Chellie Pingree,112,2011,0.565597,Federal,House
P000597,Chellie Pingree,113,2013,0.814146,Federal,House
P000597,Chellie Pingree,114,2015,0.718309,Federal,House
P000597,Chellie Pingree,115,2017,0.68898,Federal,House
P000597,Chellie Pingree,116,2019,0.783943,Federal,House
P000597,Chellie Pingree,117,2021,0.538117,Federal,House
P000597,Chellie Pingree,118,2023,0.379076,Federal,House
P000599,Bill Posey,2001-2002,2001,0.890042,State,Upper
P000599,Bill Posey,2003-2004,2003,0.745007,State,Upper
P000599,Bill Posey,2005-2006,2005,0.960485,State,Upper
P000599,Bill Posey,2007-2008,2007,1.745587,State,Upper
P000599,Bill Posey,111,2009,0.217181,Federal,House
P000599,Bill Posey,112,2011,0.553703,Federal,House
P000599,Bill Posey,113,2013,0.878887,Federal,House
P000599,Bill Posey,114,2015,1.703948,Federal,House
P000599,Bill Posey,115,2017,0.883978,Federal,House
P000599,Bill Posey,116,2019,0.638668,Federal,House
P000599,Bill Posey,117,2021,0.507502,Federal,House
P000599,Bill Posey,118,2023,0.654309,Federal,House
P000601,Steven Palazzo,2004-2007,2004,0.007011,State,Lower
P000601,Steven Palazzo,2008-2011,2008,0.095712,State,Lower
P000601,Steven Palazzo,112,2011,0.817988,Federal,House
P000601,Steven Palazzo,113,2013,0.653236,Federal,House
P000601,Steven Palazzo,114,2015,0.790446,Federal,House
P000601,Steven Palazzo,115,2017,0.764882,Federal,House
P000601,Steven Palazzo,116,2019,0.02982,Federal,House
P000601,Steven Palazzo,117,2021,0.208426,Federal,House
P000605,Scott Perry,2007-2008,2007,0.179879,State,Lower
P000605,Scott Perry,2009-2010,2009,0.829999,State,Lower
P000605,Scott Perry,2011-2012,2011,1.557406,State,Lower
P000605,Scott Perry,113,2013,0.452768,Federal,House
P000605,Scott Perry,114,2015,0.786969,Federal,House
P000605,Scott Perry,115,2017,1.778324,Federal,House
P000605,Scott Perry,116,2019,0.35092,Federal,House
P000605,Scott Perry,117,2021,0.77718,Federal,House
P000605,Scott Perry,118,2023,1.708688,Federal,House
P000606,Robert Pittenger,2003-2004,2003,0.042987,State,Upper
P000606,Robert Pittenger,2005-2006,2005,0.040637,State,Upper
P000606,Robert Pittenger,2007-2008,2007,0.203643,State,Upper
P000606,Robert Pittenger,113,2013,1.456345,Federal,House
P000606,Robert Pittenger,114,2015,0.903779,Federal,House
P000606,Robert Pittenger,115,2017,0.701297,Federal,House
P000607,Mark Pocan,1999-2000,1999,0.312994,State,Lower
P000607,Mark Pocan,2001-2002,2001,0.321736,State,Lower
P000607,Mark Pocan,2003-2004,2003,0.46715,State,Lower
P000607,Mark Pocan,2005-2006,2005,0.469647,State,Lower
P000607,Mark Pocan,2007-2008,2007,0.255779,State,Lower
P000607,Mark Pocan,2009-2010,2009,1.935952,State,Lower
P000607,Mark Pocan,2011-2012,2011,0.677989,State,Lower
P000607,Mark Pocan,113,2013,0.19801,Federal,House
P000607,Mark Pocan,114,2015,0.260911,Federal,House
P000607,Mark Pocan,115,2017,0.209375,Federal,House
P000607,Mark Pocan,116,2019,0.78913,Federal,House
P000607,Mark Pocan,117,2021,1.257391,Federal,House
P000607,Mark Pocan,118,2023,0.121151,Federal,House
P000614,Chris Pappas,2003-2004,2003,0.0,State,Lower
P000614,Chris Pappas,2005-2006,2005,0.0,State,Lower
P000614,Chris Pappas,116,2019,1.058653,Federal,House
P000614,Chris Pappas,117,2021,3.402553,Federal,House
P000614,Chris Pappas,118,2023,1.202091,Federal,House
P000619,Mary Peltola,1999-2000,1999,0.443763,State,Lower
P000619,Mary Peltola,2001-2002,2001,0.769689,State,Lower
P000619,Mary Peltola,2003-2004,2003,0.406559,State,Lower
P000619,Mary Peltola,2005-2006,2005,0.074234,State,Lower
P000619,Mary Peltola,2007-2008,2007,0.423531,State,Lower
P000619,Mary Peltola,117,2021,0.404831,Federal,House
P000619,Mary Peltola,118,2023,0.542356,Federal,House
P000620,Brittany Pettersen,2013-2014,2013,1.057168,State,Lower
P000620,Brittany Pettersen,2015-2016,2015,1.316586,State,Lower
P000620,Brittany Pettersen,2017-2018,2017,1.893633,State,Lower
P000620,Brittany Pettersen,2019-2020,2019,0.920741,State,Upper
P000620,Brittany Pettersen,2021-2022,2021,0.580164,State,Upper
P000620,Brittany Pettersen,118,2023,0.216342,Federal,House
P000621,Nellie Pou,1996-1997,1996,0.039617,State,Lower
P000621,Nellie Pou,1998-1999,1998,0.146836,State,Lower
P000621,Nellie Pou,2000-2001,2000,0.143862,State,Lower
P000621,Nellie Pou,2002-2003,2002,0.327969,State,Lower
P000621,Nellie Pou,2004-2005,2004,0.153291,State,Lower
P000621,Nellie Pou,2006-2007,2006,0.612817,State,Lower
P000621,Nellie Pou,2008-2009,2008,1.052801,State,Lower
P000621,Nellie Pou,2010-2011,2010,0.199762,State,Lower
P000621,Nellie Pou,2012-2013,2012,0.267065,State,Upper
P000621,Nellie Pou,2014-2015,2014,0.632547,State,Upper
P000621,Nellie Pou,2016-2017,2016,0.608476,State,Upper
P000621,Nellie Pou,2018-2019,2018,1.436167,State,Upper
P000621,Nellie Pou,2020-2021,2020,2.097672,State,Upper
P000621,Nellie Pou,2022-2023,2022,2.282738,State,Upper
P000621,Nellie Pou,2024-2025,2024,0.860131,State,Upper
P000622,Jimmy Patronis,2007-2008,2007,0.84273,State,Lower
P000622,Jimmy Patronis,2009-2010,2009,0.837495,State,Lower
P000622,Jimmy Patronis,2011-2012,2011,1.327635,State,Lower
P000622,Jimmy Patronis,2013-2014,2013,1.539129,State,Lower
Q000013,Jimmy Quillen,93,1973,0.218107,Federal,House
Q000013,Jimmy Quillen,94,1975,0.390947,Federal,House
Q000013,Jimmy Quillen,95,1977,0.87112,Federal,House
Q000013,Jimmy Quillen,96,1979,0.705836,Federal,House
Q000013,Jimmy Quillen,97,1981,0.781307,Federal,House
Q000013,Jimmy Quillen,98,1983,0.717249,Federal,House
Q000013,Jimmy Quillen,99,1985,1.917363,Federal,House
Q000013,Jimmy Quillen,100,1987,0.728183,Federal,House
Q000013,Jimmy Quillen,101,1989,0.344204,Federal,House
Q000013,Jimmy Quillen,102,1991,0.285232,Federal,House
Q000013,Jimmy Quillen,103,1993,0.376041,Federal,House
Q000013,Jimmy Quillen,104,1995,0.057392,Federal,House
R000012,Tom Railsback,93,1973,0.845742,Federal,House
R000012,Tom Railsback,94,1975,1.260645,Federal,House
R000012,Tom Railsback,95,1977,0.243362,Federal,House
R000012,Tom Railsback,96,1979,0.199154,Federal,House
R000012,Tom Railsback,97,1981,0.731531,Federal,House
R000033,Jim Ramstad,102,1991,0.26146,Federal,House
R000033,Jim Ramstad,103,1993,1.438337,Federal,House
R000033,Jim Ramstad,104,1995,0.645151,Federal,House
R000033,Jim Ramstad,105,1997,0.180808,Federal,House
R000033,Jim Ramstad,106,1999,0.806957,Federal,House
R000033,Jim Ramstad,107,2001,1.681412,Federal,House
R000033,Jim Ramstad,108,2003,0.285563,Federal,House
R000033,Jim Ramstad,109,2005,0.578398,Federal,House
R000033,Jim Ramstad,110,2007,0.703205,Federal,House
R000053,Charles Rangel,93,1973,0.362822,Federal,House
R000053,Charles Rangel,94,1975,1.072831,Federal,House
R000053,Charles Rangel,95,1977,1.661041,Federal,House
R000053,Charles Rangel,96,1979,1.771184,Federal,House
R000053,Charles Rangel,97,1981,1.144001,Federal,House
R000053,Charles Rangel,98,1983,0.842138,Federal,House
R000053,Charles Rangel,99,1985,0.914282,Federal,House
R000053,Charles Rangel,100,1987,0.937755,Federal,House
R000053,Charles Rangel,101,1989,0.690282,Federal,House
R000053,Charles Rangel,102,1991,1.132796,Federal,House
R000053,Charles Rangel,103,1993,0.330049,Federal,House
R000053,Charles Rangel,104,1995,0.354639,Federal,House
R000053,Charles Rangel,105,1997,0.555377,Federal,House
R000053,Charles Rangel,106,1999,1.371102,Federal,House
R000053,Charles Rangel,107,2001,0.534237,Federal,House
R000053,Charles Rangel,108,2003,0.978498,Federal,House
R000053,Charles Rangel,109,2005,0.633874,Federal,House
R000053,Charles Rangel,110,2007,18.686386,Federal,House
R000053,Charles Rangel,111,2009,12.277215,Federal,House
R000053,Charles Rangel,112,2011,0.290277,Federal,House
R000053,Charles Rangel,113,2013,0.480484,Federal,House
R000053,Charles Rangel,114,2015,0.140068,Federal,House
R000067,William R. Ratchford,96,1979,0.053963,Federal,House
R000067,William R. Ratchford,97,1981,0.170987,Federal,House
R000067,William R. Ratchford,98,1983,0.219453,Federal,House
R000072,Arthur Ravenel Jr.,100,1987,0.512514,Federal,House
R000072,Arthur Ravenel Jr.,101,1989,0.131945,Federal,House
R000072,Arthur Ravenel Jr.,102,1991,0.135825,Federal,House
R000072,Arthur Ravenel Jr.,103,1993,0.141015,Federal,House
R000072,Arthur Ravenel Jr.,1997-1998,1997,0.920039,State,Upper
R000072,Arthur Ravenel Jr.,1999-2000,1999,0.433463,State,Upper
R000072,Arthur Ravenel Jr.,2001-2002,2001,0.709398,State,Upper
R000072,Arthur Ravenel Jr.,2003-2004,2003,0.83418,State,Upper
R000103,Matt Rosendale,2011-2012,2011,0.893672,State,Lower
R000103,Matt Rosendale,2013-2014,2013,1.497084,State,Upper
R000103,Matt Rosendale,2015-2016,2015,0.891736,State,Upper
R000103,Matt Rosendale,117,2021,0.699125,Federal,House
R000103,Matt Rosendale,118,2023,1.059108,Federal,House
R000122,Jack Reed,102,1991,0.340088,Federal,House
R000122,Jack Reed,103,1993,0.387416,Federal,House
R000122,Jack Reed,104,1995,0.750808,Federal,House
R000122,Jack Reed,105,1996,0.19723,Federal,Senate
R000122,Jack Reed,106,1998,0.180644,Federal,Senate
R000122,Jack Reed,107,2000,0.824075,Federal,Senate
R000122,Jack Reed,108,2002,0.566199,Federal,Senate
R000122,Jack Reed,109,2004,0.292201,Federal,Senate
R000122,Jack Reed,110,2006,0.501945,Federal,Senate
R000122,Jack Reed,111,2008,0.735231,Federal,Senate
R000122,Jack Reed,112,2010,0.294877,Federal,Senate
R000122,Jack Reed,113,2012,1.474665,Federal,Senate
R000122,Jack Reed,114,2014,0.225917,Federal,Senate
R000122,Jack Reed,115,2016,0.97782,Federal,Senate
R000122,Jack Reed,116,2018,0.346327,Federal,Senate
R000122,Jack Reed,117,2020,0.957817,Federal,Senate
R000122,Jack Reed,118,2022,0.739551,Federal,Senate
R000141,Ralph Regula,93,1973,0.0982,Federal,House
R000141,Ralph Regula,94,1975,0.09745,Federal,House
R000141,Ralph Regula,95,1977,0.075656,Federal,House
R000141,Ralph Regula,96,1979,0.264481,Federal,House
R000141,Ralph Regula,97,1981,0.164792,Federal,House
R000141,Ralph Regula,98,1983,0.168392,Federal,House
R000141,Ralph Regula,99,1985,0.169061,Federal,House
R000141,Ralph Regula,100,1987,0.139515,Federal,House
R000141,Ralph Regula,101,1989,0.15776,Federal,House
R000141,Ralph Regula,102,1991,0.233619,Federal,House
R000141,Ralph Regula,103,1993,0.301846,Federal,House
R000141,Ralph Regula,104,1995,2.026468,Federal,House
R000141,Ralph Regula,105,1997,2.273225,Federal,House
R000141,Ralph Regula,106,1999,2.391302,Federal,House
R000141,Ralph Regula,107,2001,1.454324,Federal,House
R000141,Ralph Regula,108,2003,2.990892,Federal,House
R000141,Ralph Regula,109,2005,1.913241,Federal,House
R000141,Ralph Regula,110,2007,0.294456,Federal,House
R000146,Harry Reid,98,1983,0.797698,Federal,House
R000146,Harry Reid,99,1985,1.719537,Federal,House
R000146,Harry Reid,100,1986,0.274888,Federal,Senate
R000146,Harry Reid,101,1988,1.140341,Federal,Senate
R000146,Harry Reid,102,1990,0.485015,Federal,Senate
R000146,Harry Reid,103,1992,0.405796,Federal,Senate
R000146,Harry Reid,104,1994,0.185869,Federal,Senate
R000146,Harry Reid,105,1996,0.141694,Federal,Senate
R000146,Harry Reid,106,1998,1.272718,Federal,Senate
R000146,Harry Reid,107,2000,1.789598,Federal,Senate
R000146,Harry Reid,108,2002,0.829739,Federal,Senate
R000146,Harry Reid,109,2004,1.167948,Federal,Senate
R000146,Harry Reid,110,2006,2.993356,Federal,Senate
R000146,Harry Reid,111,2008,1.258129,Federal,Senate
R000146,Harry Reid,112,2010,1.678736,Federal,Senate
R000146,Harry Reid,113,2012,1.684034,Federal,Senate
R000146,Harry Reid,114,2014,0.306107,Federal,Senate
R000191,Abraham Ribicoff,93,1972,0.392496,Federal,Senate
R000191,Abraham Ribicoff,94,1974,1.146878,Federal,Senate
R000191,Abraham Ribicoff,95,1976,2.763338,Federal,Senate
R000191,Abraham Ribicoff,96,1978,1.963492,Federal,Senate
R000262,Matthew J. Rinaldo,93,1973,0.1964,Federal,House
R000262,Matthew J. Rinaldo,94,1975,0.361139,Federal,House
R000262,Matthew J. Rinaldo,95,1977,0.21436,Federal,House
R000262,Matthew J. Rinaldo,96,1979,1.005228,Federal,House
R000262,Matthew J. Rinaldo,97,1981,0.515136,Federal,House
R000262,Matthew J. Rinaldo,98,1983,0.391355,Federal,House
R000262,Matthew J. Rinaldo,99,1985,0.35844,Federal,House
R000262,Matthew J. Rinaldo,100,1987,0.271527,Federal,House
R000262,Matthew J. Rinaldo,101,1989,0.766675,Federal,House
R000262,Matthew J. Rinaldo,102,1991,0.552815,Federal,House
R000281,Lynn Rivers,104,1995,0.019131,Federal,House
R000281,Lynn Rivers,105,1997,0.23505,Federal,House
R000281,Lynn Rivers,106,1999,0.169632,Federal,House
R000281,Lynn Rivers,107,2001,0.265319,Federal,House
R000305,Deborah Ross,2003-2004,2003,1.632768,State,Lower
R000305,Deborah Ross,2005-2006,2005,1.454327,State,Lower
R000305,Deborah Ross,2007-2008,2007,2.432683,State,Lower
R000305,Deborah Ross,2009-2010,2009,2.537995,State,Lower
R000305,Deborah Ross,2011-2012,2011,1.139093,State,Lower
R000305,Deborah Ross,2013-2014,2013,0.312527,State,Lower
R000305,Deborah Ross,117,2021,1.053653,Federal,House
R000305,Deborah Ross,118,2023,0.863509,Federal,House
R000308,Clint Roberts,97,1981,1.208566,Federal,House
R000312,Ray Roberts,93,1973,0.182536,Federal,House
R000312,Ray Roberts,94,1975,0.746567,Federal,House
R000312,Ray Roberts,95,1977,2.690858,Federal,House
R000312,Ray Roberts,96,1979,2.662418,Federal,House
R000337,J. Kenneth Robinson,93,1973,0.07856,Federal,House
R000337,J. Kenneth Robinson,94,1975,0.154774,Federal,House
R000337,J. Kenneth Robinson,95,1977,0.412542,Federal,House
R000337,J. Kenneth Robinson,96,1979,0.468969,Federal,House
R000337,J. Kenneth Robinson,97,1981,0.368624,Federal,House
R000337,J. Kenneth Robinson,98,1983,0.070944,Federal,House
R000361,Jay Rockefeller,99,1984,0.423095,Federal,Senate
R000361,Jay Rockefeller,100,1986,0.792971,Federal,Senate
R000361,Jay Rockefeller,101,1988,0.407876,Federal,Senate
R000361,Jay Rockefeller,102,1990,0.693989,Federal,Senate
R000361,Jay Rockefeller,103,1992,5.13016,Federal,Senate
R000361,Jay Rockefeller,104,1994,0.465442,Federal,Senate
R000361,Jay Rockefeller,105,1996,0.307744,Federal,Senate
R000361,Jay Rockefeller,106,1998,0.217188,Federal,Senate
R000361,Jay Rockefeller,107,2000,2.373922,Federal,Senate
R000361,Jay Rockefeller,108,2002,0.343903,Federal,Senate
R000361,Jay Rockefeller,109,2004,0.348755,Federal,Senate
R000361,Jay Rockefeller,110,2006,1.36636,Federal,Senate
R000361,Jay Rockefeller,111,2008,3.959978,Federal,Senate
R000361,Jay Rockefeller,112,2010,0.995555,Federal,Senate
R000361,Jay Rockefeller,113,2012,1.888611,Federal,Senate
R000386,James Rogan,1993-1994,1993,0.021076,State,Lower
R000386,James Rogan,1995-1996,1995,0.788695,State,Lower
R000386,James Rogan,105,1997,0.057858,Federal,House
R000386,James Rogan,106,1999,2.648859,Federal,House
R000435,Ileana Ros-Lehtinen,101,1989,0.139205,Federal,House
R000435,Ileana Ros-Lehtinen,102,1991,0.142609,Federal,House
R000435,Ileana Ros-Lehtinen,103,1993,0.031337,Federal,House
R000435,Ileana Ros-Lehtinen,104,1995,0.076523,Federal,House
R000435,Ileana Ros-Lehtinen,105,1997,1.611369,Federal,House
R000435,Ileana Ros-Lehtinen,106,1999,1.841092,Federal,House
R000435,Ileana Ros-Lehtinen,107,2001,0.881892,Federal,House
R000435,Ileana Ros-Lehtinen,108,2003,0.876728,Federal,House
R000435,Ileana Ros-Lehtinen,109,2005,3.0642,Federal,House
R000435,Ileana Ros-Lehtinen,110,2007,2.360799,Federal,House
R000435,Ileana Ros-Lehtinen,111,2009,1.615995,Federal,House
R000435,Ileana Ros-Lehtinen,112,2011,6.028234,Federal,House
R000435,Ileana Ros-Lehtinen,113,2013,1.710254,Federal,House
R000435,Ileana Ros-Lehtinen,114,2015,1.198191,Federal,House
R000435,Ileana Ros-Lehtinen,115,2017,1.863145,Federal,House
R000458,Dan Rostenkowski,93,1973,0.407452,Federal,House
R000458,Dan Rostenkowski,94,1975,2.414169,Federal,House
R000458,Dan Rostenkowski,95,1977,5.520271,Federal,House
R000458,Dan Rostenkowski,96,1979,4.807396,Federal,House
R000458,Dan Rostenkowski,97,1981,7.674296,Federal,House
R000458,Dan Rostenkowski,98,1983,11.040678,Federal,House
R000458,Dan Rostenkowski,99,1985,14.303181,Federal,House
R000458,Dan Rostenkowski,100,1987,5.402649,Federal,House
R000458,Dan Rostenkowski,101,1989,4.745393,Federal,House
R000458,Dan Rostenkowski,102,1991,9.709646,Federal,House
R000458,Dan Rostenkowski,103,1993,6.584826,Federal,House
R000459,Toby Roth,96,1979,0.053963,Federal,House
R000459,Toby Roth,97,1981,0.098328,Federal,House
R000459,Toby Roth,98,1983,0.127462,Federal,House
R000459,Toby Roth,99,1985,0.724545,Federal,House
R000459,Toby Roth,100,1987,0.818639,Federal,House
R000459,Toby Roth,101,1989,0.200786,Federal,House
R000459,Toby Roth,102,1991,0.149407,Federal,House
R000459,Toby Roth,103,1993,0.112812,Federal,House
R000459,Toby Roth,104,1995,2.413939,Federal,House
R000481,J. Roy Rowland,98,1983,0.543872,Federal,House
R000481,J. Roy Rowland,99,1985,0.148482,Federal,House
R000481,J. Roy Rowland,100,1987,1.461379,Federal,House
R000481,J. Roy Rowland,101,1989,0.289647,Federal,House
R000481,J. Roy Rowland,102,1991,0.711934,Federal,House
R000481,J. Roy Rowland,103,1993,4.812464,Federal,House
R000482,John G. Rowland,99,1985,0.113732,Federal,House
R000482,John G. Rowland,100,1987,0.354125,Federal,House
R000482,John G. Rowland,101,1989,0.289647,Federal,House
R000486,Lucille Roybal-Allard,103,1993,0.031337,Federal,House
R000486,Lucille Roybal-Allard,104,1995,0.038261,Federal,House
R000486,Lucille Roybal-Allard,105,1997,0.057858,Federal,House
R000486,Lucille Roybal-Allard,106,1999,0.572448,Federal,House
R000486,Lucille Roybal-Allard,107,2001,0.15607,Federal,House
R000486,Lucille Roybal-Allard,108,2003,0.053128,Federal,House
R000486,Lucille Roybal-Allard,109,2005,0.640583,Federal,House
R000486,Lucille Roybal-Allard,110,2007,0.844486,Federal,House
R000486,Lucille Roybal-Allard,111,2009,0.272262,Federal,House
R000486,Lucille Roybal-Allard,112,2011,0.136894,Federal,House
R000486,Lucille Roybal-Allard,113,2013,1.034628,Federal,House
R000486,Lucille Roybal-Allard,114,2015,0.12359,Federal,House
R000486,Lucille Roybal-Allard,115,2017,0.147794,Federal,House
R000486,Lucille Roybal-Allard,116,2019,1.156258,Federal,House
R000486,Lucille Roybal-Allard,117,2021,0.859441,Federal,House
R000487,Ed Royce,103,1993,0.031337,Federal,House
R000487,Ed Royce,104,1995,0.769339,Federal,House
R000487,Ed Royce,105,1997,0.878008,Federal,House
R000487,Ed Royce,106,1999,0.13879,Federal,House
R000487,Ed Royce,107,2001,1.818432,Federal,House
R000487,Ed Royce,108,2003,0.430036,Federal,House
R000487,Ed Royce,109,2005,0.615331,Federal,House
R000487,Ed Royce,110,2007,0.242593,Federal,House
R000487,Ed Royce,111,2009,0.720089,Federal,House
R000487,Ed Royce,112,2011,2.000583,Federal,House
R000487,Ed Royce,113,2013,6.752827,Federal,House
R000487,Ed Royce,114,2015,5.496428,Federal,House
R000487,Ed Royce,115,2017,5.414412,Federal,House
R000510,Harold L. Runnels,93,1973,0.55089,Federal,House
R000510,Harold L. Runnels,94,1975,0.324559,Federal,House
R000510,Harold L. Runnels,95,1977,0.304555,Federal,House
R000510,Harold L. Runnels,96,1979,1.705977,Federal,House
R000568,Ciro Rodriguez,1989-1990,1989,0.690416,State,Lower
R000568,Ciro Rodriguez,1991-1992,1991,1.361943,State,Lower
R000568,Ciro Rodriguez,1993-1994,1993,1.245826,State,Lower
R000568,Ciro Rodriguez,1995-1996,1995,1.497262,State,Lower
R000568,Ciro Rodriguez,105,1997,0.148808,Federal,House
R000568,Ciro Rodriguez,1997-1998,1997,0.609062,State,Lower
R000568,Ciro Rodriguez,106,1999,0.146734,Federal,House
R000568,Ciro Rodriguez,107,2001,0.470599,Federal,House
R000568,Ciro Rodriguez,108,2003,0.669251,Federal,House
R000568,Ciro Rodriguez,110,2007,1.356872,Federal,House
R000568,Ciro Rodriguez,111,2009,1.06572,Federal,House
R000569,Thomas Reynolds,106,1999,0.54469,Federal,House
R000569,Thomas Reynolds,107,2001,0.480646,Federal,House
R000569,Thomas Reynolds,108,2003,0.378214,Federal,House
R000569,Thomas Reynolds,109,2005,0.906558,Federal,House
R000569,Thomas Reynolds,110,2007,0.250672,Federal,House
R000571,Denny Rehberg,107,2001,1.206964,Federal,House
R000571,Denny Rehberg,108,2003,0.983659,Federal,House
R000571,Denny Rehberg,109,2005,0.621396,Federal,House
R000571,Denny Rehberg,110,2007,0.367151,Federal,House
R000571,Denny Rehberg,111,2009,1.300978,Federal,House
R000571,Denny Rehberg,112,2011,1.571559,Federal,House
R000572,Mike Rogers,1995-1996,1995,1.946697,State,Upper
R000572,Mike Rogers,1997-1998,1997,1.785389,State,Upper
R000572,Mike Rogers,1999-2000,1999,2.503587,State,Upper
R000572,Mike Rogers,107,2001,0.548634,Federal,House
R000572,Mike Rogers,108,2003,0.194319,Federal,House
R000572,Mike Rogers,109,2005,3.161975,Federal,House
R000572,Mike Rogers,110,2007,0.062668,Federal,House
R000572,Mike Rogers,111,2009,0.821714,Federal,House
R000572,Mike Rogers,112,2011,6.264896,Federal,House
R000572,Mike Rogers,113,2013,3.29728,Federal,House
R000573,Mike Ross,1997-1998,1997,0.601362,State,Upper
R000573,Mike Ross,1999-2000,1999,1.061533,State,Upper
R000573,Mike Ross,107,2001,0.327559,Federal,House
R000573,Mike Ross,108,2003,0.322227,Federal,House
R000573,Mike Ross,109,2005,0.904897,Federal,House
R000573,Mike Ross,110,2007,0.475492,Federal,House
R000573,Mike Ross,111,2009,0.12588,Federal,House
R000573,Mike Ross,112,2011,0.389209,Federal,House
R000575,Mike Rogers,1999-2002,1999,1.411018,State,Lower
R000575,Mike Rogers,108,2003,0.39192,Federal,House
R000575,Mike Rogers,109,2005,1.190551,Federal,House
R000575,Mike Rogers,110,2007,0.062668,Federal,House
R000575,Mike Rogers,111,2009,1.028149,Federal,House
R000575,Mike Rogers,112,2011,0.161799,Federal,House
R000575,Mike Rogers,113,2013,0.148528,Federal,House
R000575,Mike Rogers,114,2015,0.054929,Federal,House
R000575,Mike Rogers,115,2017,0.57549,Federal,House
R000575,Mike Rogers,116,2019,0.099401,Federal,House
R000575,Mike Rogers,117,2021,0.018854,Federal,House
R000575,Mike Rogers,118,2023,2.067971,Federal,House
R000577,Tim Ryan,2001-2002,2001,0.452967,State,Upper
R000577,Tim Ryan,108,2003,1.009511,Federal,House
R000577,Tim Ryan,109,2005,0.523754,Federal,House
R000577,Tim Ryan,110,2007,0.087735,Federal,House
R000577,Tim Ryan,111,2009,0.828133,Federal,House
R000577,Tim Ryan,112,2011,0.142263,Federal,House
R000577,Tim Ryan,113,2013,0.3434,Federal,House
R000577,Tim Ryan,114,2015,0.255418,Federal,House
R000577,Tim Ryan,115,2017,0.266029,Federal,House
R000577,Tim Ryan,116,2019,0.853508,Federal,House
R000577,Tim Ryan,117,2021,2.053668,Federal,House
R000580,Peter Roskam,1997-1998,1997,1.114231,State,Lower
R000580,Peter Roskam,1999-2000,1999,0.055966,State,Upper
R000580,Peter Roskam,2001-2002,2001,1.312604,State,Upper
R000580,Peter Roskam,2003-2004,2003,0.287685,State,Upper
R000580,Peter Roskam,2005-2006,2005,0.26386,State,Upper
R000580,Peter Roskam,110,2007,0.330329,Federal,House
R000580,Peter Roskam,111,2009,0.12588,Federal,House
R000580,Peter Roskam,112,2011,0.831409,Federal,House
R000580,Peter Roskam,113,2013,1.718815,Federal,House
R000580,Peter Roskam,114,2015,2.305303,Federal,House
R000580,Peter Roskam,115,2017,1.75123,Federal,House
R000581,Laura Richardson,110,2007,0.674852,Federal,House
R000581,Laura Richardson,2007-2008,2007,0.537801,State,Lower
R000581,Laura Richardson,111,2009,1.206257,Federal,House
R000581,Laura Richardson,112,2011,0.966814,Federal,House
R000584,Jim Risch,1999-2000,1999,0.777564,State,Upper
R000584,Jim Risch,2001-2002,2001,0.104327,State,Upper
R000584,Jim Risch,111,2008,0.218397,Federal,Senate
R000584,Jim Risch,112,2010,0.443514,Federal,Senate
R000584,Jim Risch,113,2012,0.61791,Federal,Senate
R000584,Jim Risch,114,2014,0.501227,Federal,Senate
R000584,Jim Risch,115,2016,0.958435,Federal,Senate
R000584,Jim Risch,116,2018,0.348519,Federal,Senate
R000584,Jim Risch,117,2020,0.890339,Federal,Senate
R000584,Jim Risch,118,2022,0.881155,Federal,Senate
R000588,Cedric Richmond,2000-2003,2000,0.620248,State,Lower
R000588,Cedric Richmond,2004-2007,2004,1.15907,State,Lower
R000588,Cedric Richmond,2008-2011,2008,1.849791,State,Lower
R000588,Cedric Richmond,112,2011,0.161052,Federal,House
R000588,Cedric Richmond,113,2013,1.046813,Federal,House
R000588,Cedric Richmond,114,2015,1.086456,Federal,House
R000588,Cedric Richmond,115,2017,0.801472,Federal,House
R000588,Cedric Richmond,116,2019,1.476529,Federal,House
R000588,Cedric Richmond,117,2021,0.018854,Federal,House
R000590,David Rivera,2003-2004,2003,0.863857,State,Lower
R000590,David Rivera,2005-2006,2005,3.914655,State,Lower
R000590,David Rivera,2007-2008,2007,1.598766,State,Lower
R000590,David Rivera,2009-2010,2009,1.881417,State,Lower
R000590,David Rivera,112,2011,0.202062,Federal,House
R000593,Dennis Ross,2001-2002,2001,1.022471,State,Lower
R000593,Dennis Ross,2003-2004,2003,1.339025,State,Lower
R000593,Dennis Ross,2005-2006,2005,1.992221,State,Lower
R000593,Dennis Ross,2007-2008,2007,0.984052,State,Lower
R000593,Dennis Ross,112,2011,0.817946,Federal,House
R000593,Dennis Ross,113,2013,0.690105,Federal,House
R000593,Dennis Ross,114,2015,1.233727,Federal,House
R000593,Dennis Ross,115,2017,0.974665,Federal,House
R000595,Marco Rubio,2001-2002,2001,1.046252,State,Lower
R000595,Marco Rubio,2003-2004,2003,0.097745,State,Lower
R000595,Marco Rubio,2005-2006,2005,0.283142,State,Lower
R000595,Marco Rubio,2007-2008,2007,0.0,State,Lower
R000595,Marco Rubio,112,2010,0.1734,Federal,Senate
R000595,Marco Rubio,113,2012,0.509108,Federal,Senate
R000595,Marco Rubio,114,2014,1.381321,Federal,Senate
R000595,Marco Rubio,115,2016,1.984981,Federal,Senate
R000595,Marco Rubio,116,2018,3.588502,Federal,Senate
R000595,Marco Rubio,117,2020,3.380653,Federal,Senate
R000595,Marco Rubio,118,2022,2.830444,Federal,Senate
R000603,David Rouzer,2009-2010,2009,0.465948,State,Upper
R000603,David Rouzer,2011-2012,2011,2.171682,State,Upper
R000603,David Rouzer,114,2015,1.946907,Federal,House
R000603,David Rouzer,115,2017,0.438184,Federal,House
R000603,David Rouzer,116,2019,0.079521,Federal,House
R000603,David Rouzer,117,2021,0.268116,Federal,House
R000603,David Rouzer,118,2023,1.700781,Federal,House
R000604,Steve Russell,2009-2010,2009,0.588241,State,Upper
R000604,Steve Russell,2011-2012,2011,1.627318,State,Upper
R000604,Steve Russell,114,2015,2.160246,Federal,House
R000604,Steve Russell,115,2017,2.737304,Federal,House
R000605,Mike Rounds,1997-1998,1997,2.342315,State,Upper
R000605,Mike Rounds,1999-2000,1999,1.523351,State,Upper
R000605,Mike Rounds,114,2014,0.181872,Federal,Senate
R000605,Mike Rounds,115,2016,0.57719,Federal,Senate
R000605,Mike Rounds,116,2018,0.485554,Federal,Senate
R000605,Mike Rounds,117,2020,0.794773,Federal,Senate
R000605,Mike Rounds,118,2022,0.587944,Federal,Senate
R000606,Jamie Raskin,2007-2010,2007,1.599837,State,Upper
R000606,Jamie Raskin,2011-2014,2011,1.733937,State,Upper
R000606,Jamie Raskin,2015-2018,2015,0.58592,State,Upper
R000606,Jamie Raskin,115,2017,0.110845,Federal,House
R000606,Jamie Raskin,116,2019,0.281339,Federal,House
R000606,Jamie Raskin,117,2021,0.559822,Federal,House
R000606,Jamie Raskin,118,2023,0.316359,Federal,House
R000610,Guy Reschenthaler,2015-2016,2015,0.372323,State,Upper
R000610,Guy Reschenthaler,2017-2018,2017,1.12038,State,Upper
R000610,Guy Reschenthaler,116,2019,0.433457,Federal,House
R000610,Guy Reschenthaler,117,2021,0.06599,Federal,House
R000610,Guy Reschenthaler,118,2023,0.146411,Federal,House
R000617,Delia Ramirez,2019-2020,2019,1.179483,State,Lower
R000617,Delia Ramirez,2021-2022,2021,0.897723,State,Lower
R000617,Delia Ramirez,118,2023,0.51585,Federal,House
R000620,Luz Rivas,2019-2020,2019,0.609686,State,Lower
R000620,Luz Rivas,2021-2022,2021,1.451874,State,Lower
R000620,Luz Rivas,2023-2024,2023,0.679648,State,Lower
R000621,Emily Randall,2019-2020,2019,1.440474,State,Upper
R000621,Emily Randall,2021-2022,2021,1.962025,State,Upper
R000621,Emily Randall,2023-2024,2023,0.749976,State,Upper
S000005,Martin Olav Sabo,96,1979,0.075548,Federal,House
S000005,Martin Olav Sabo,97,1981,0.073746,Federal,House
S000005,Martin Olav Sabo,98,1983,0.040929,Federal,House
S000005,Martin Olav Sabo,99,1985,0.046108,Federal,House
S000005,Martin Olav Sabo,100,1987,0.015502,Federal,House
S000005,Martin Olav Sabo,101,1989,0.100393,Federal,House
S000005,Martin Olav Sabo,102,1991,0.081495,Federal,House
S000005,Martin Olav Sabo,103,1993,0.968197,Federal,House
S000005,Martin Olav Sabo,104,1995,0.038261,Federal,House
S000005,Martin Olav Sabo,105,1997,0.090404,Federal,House
S000005,Martin Olav Sabo,106,1999,0.061684,Federal,House
S000005,Martin Olav Sabo,107,2001,0.034335,Federal,House
S000005,Martin Olav Sabo,108,2003,0.06641,Federal,House
S000005,Martin Olav Sabo,109,2005,0.056068,Federal,House
S000014,Pat Saiki,100,1987,0.124014,Federal,House
S000014,Pat Saiki,101,1989,0.279168,Federal,House
S000018,Matt Salmon,104,1995,0.253299,Federal,House
S000018,Matt Salmon,105,1997,0.239212,Federal,House
S000018,Matt Salmon,106,1999,1.734468,Federal,House
S000018,Matt Salmon,113,2013,1.179702,Federal,House
S000018,Matt Salmon,114,2015,1.161426,Federal,House
S000055,Terry Sanford,100,1986,0.196171,Federal,Senate
S000055,Terry Sanford,101,1988,0.323864,Federal,Senate
S000055,Terry Sanford,102,1990,0.463829,Federal,Senate
S000056,George Sangmeister,101,1989,0.144355,Federal,House
S000056,George Sangmeister,102,1991,0.040747,Federal,House
S000056,George Sangmeister,103,1993,1.943828,Federal,House
S000064,Paul Sarbanes,93,1973,0.010337,Federal,House
S000064,Paul Sarbanes,94,1975,0.005732,Federal,House
S000064,Paul Sarbanes,95,1976,0.034711,Federal,Senate
S000064,Paul Sarbanes,96,1978,0.148416,Federal,Senate
S000064,Paul Sarbanes,97,1980,0.055422,Federal,Senate
S000064,Paul Sarbanes,98,1982,0.248673,Federal,Senate
S000064,Paul Sarbanes,99,1984,0.049782,Federal,Senate
S000064,Paul Sarbanes,100,1986,0.278736,Federal,Senate
S000064,Paul Sarbanes,101,1988,0.153801,Federal,Senate
S000064,Paul Sarbanes,102,1990,0.638717,Federal,Senate
S000064,Paul Sarbanes,103,1992,0.540071,Federal,Senate
S000064,Paul Sarbanes,104,1994,0.427393,Federal,Senate
S000064,Paul Sarbanes,105,1996,0.189985,Federal,Senate
S000064,Paul Sarbanes,106,1998,0.375849,Federal,Senate
S000064,Paul Sarbanes,107,2000,4.07739,Federal,Senate
S000064,Paul Sarbanes,108,2002,0.468684,Federal,Senate
S000064,Paul Sarbanes,109,2004,0.694171,Federal,Senate
S000066,Bill Sarpalius,101,1989,0.280921,Federal,House
S000066,Bill Sarpalius,102,1991,0.179965,Federal,House
S000066,Bill Sarpalius,103,1993,0.324674,Federal,House
S000070,David E. Satterfield III,93,1973,0.689724,Federal,House
S000070,David E. Satterfield III,94,1975,4.871052,Federal,House
S000070,David E. Satterfield III,95,1977,3.147369,Federal,House
S000070,David E. Satterfield III,96,1979,2.706888,Federal,House
S000094,Thomas Sawyer,100,1987,0.512514,Federal,House
S000094,Thomas Sawyer,101,1989,2.133618,Federal,House
S000094,Thomas Sawyer,102,1991,2.510453,Federal,House
S000094,Thomas Sawyer,103,1993,2.008133,Federal,House
S000094,Thomas Sawyer,104,1995,0.616893,Federal,House
S000094,Thomas Sawyer,105,1997,0.0,Federal,House
S000094,Thomas Sawyer,106,1999,0.030842,Federal,House
S000094,Thomas Sawyer,107,2001,0.062428,Federal,House
S000097,Jim Saxton,99,1985,0.110316,Federal,House
S000097,Jim Saxton,100,1987,0.285726,Federal,House
S000097,Jim Saxton,101,1989,0.391972,Federal,House
S000097,Jim Saxton,102,1991,0.149407,Federal,House
S000097,Jim Saxton,103,1993,0.159817,Federal,House
S000097,Jim Saxton,104,1995,5.184597,Federal,House
S000097,Jim Saxton,105,1997,6.675627,Federal,House
S000097,Jim Saxton,106,1999,4.985339,Federal,House
S000097,Jim Saxton,107,2001,1.466832,Federal,House
S000097,Jim Saxton,108,2003,1.432981,Federal,House
S000097,Jim Saxton,109,2005,1.679456,Federal,House
S000097,Jim Saxton,110,2007,1.433442,Federal,House
S000109,Daniel Schaefer,98,1983,0.013643,Federal,House
S000109,Daniel Schaefer,99,1985,0.0,Federal,House
S000109,Daniel Schaefer,100,1987,0.015502,Federal,House
S000109,Daniel Schaefer,101,1989,0.028684,Federal,House
S000109,Daniel Schaefer,102,1991,0.013582,Federal,House
S000109,Daniel Schaefer,103,1993,0.165963,Federal,House
S000109,Daniel Schaefer,104,1995,2.457373,Federal,House
S000109,Daniel Schaefer,105,1997,3.333395,Federal,House
S000112,Bob Schaffer,105,1997,1.187763,Federal,House
S000112,Bob Schaffer,106,1999,0.623571,Federal,House
S000112,Bob Schaffer,107,2001,0.473855,Federal,House
S000143,Bill Schuette,99,1985,0.030738,Federal,House
S000143,Bill Schuette,100,1987,0.225022,Federal,House
S000143,Bill Schuette,101,1989,0.316457,Federal,House
S000143,Bill Schuette,1995-1996,1995,1.348426,State,Upper
S000143,Bill Schuette,1997-1998,1997,0.971981,State,Upper
S000143,Bill Schuette,1999-2000,1999,1.824982,State,Upper
S000143,Bill Schuette,2001-2002,2001,0.756269,State,Upper
S000146,Richard Schulze,94,1975,0.538135,Federal,House
S000146,Richard Schulze,95,1977,0.394082,Federal,House
S000146,Richard Schulze,96,1979,0.172682,Federal,House
S000146,Richard Schulze,97,1981,0.634394,Federal,House
S000146,Richard Schulze,98,1983,0.964514,Federal,House
S000146,Richard Schulze,99,1985,0.599137,Federal,House
S000146,Richard Schulze,100,1987,0.702667,Federal,House
S000146,Richard Schulze,101,1989,1.018271,Federal,House
S000146,Richard Schulze,102,1991,0.393892,Federal,House
S000148,Chuck Schumer,97,1981,1.590854,Federal,House
S000148,Chuck Schumer,98,1983,0.366798,Federal,House
S000148,Chuck Schumer,99,1985,0.602211,Federal,House
S000148,Chuck Schumer,100,1987,1.762539,Federal,House
S000148,Chuck Schumer,101,1989,2.254268,Federal,House
S000148,Chuck Schumer,102,1991,4.53234,Federal,House
S000148,Chuck Schumer,103,1993,7.773948,Federal,House
S000148,Chuck Schumer,104,1995,1.149005,Federal,House
S000148,Chuck Schumer,105,1997,1.02808,Federal,House
S000148,Chuck Schumer,106,1998,0.603542,Federal,Senate
S000148,Chuck Schumer,107,2000,1.413857,Federal,Senate
S000148,Chuck Schumer,108,2002,0.599283,Federal,Senate
S000148,Chuck Schumer,109,2004,0.649421,Federal,Senate
S000148,Chuck Schumer,110,2006,2.294779,Federal,Senate
S000148,Chuck Schumer,111,2008,2.268109,Federal,Senate
S000148,Chuck Schumer,112,2010,2.118403,Federal,Senate
S000148,Chuck Schumer,113,2012,2.232581,Federal,Senate
S000148,Chuck Schumer,114,2014,0.771595,Federal,Senate
S000148,Chuck Schumer,115,2016,0.105865,Federal,Senate
S000148,Chuck Schumer,116,2018,0.549533,Federal,Senate
S000148,Chuck Schumer,117,2020,0.429257,Federal,Senate
S000148,Chuck Schumer,118,2022,0.021195,Federal,Senate
S000185,Bobby Scott,103,1993,0.118958,Federal,House
S000185,Bobby Scott,104,1995,0.063542,Federal,House
S000185,Bobby Scott,105,1997,0.018081,Federal,House
S000185,Bobby Scott,106,1999,0.170977,Federal,House
S000185,Bobby Scott,107,2001,0.046821,Federal,House
S000185,Bobby Scott,108,2003,0.177716,Federal,House
S000185,Bobby Scott,109,2005,0.056068,Federal,House
S000185,Bobby Scott,110,2007,2.546649,Federal,House
S000185,Bobby Scott,111,2009,3.529145,Federal,House
S000185,Bobby Scott,112,2011,0.847438,Federal,House
S000185,Bobby Scott,113,2013,0.985887,Federal,House
S000185,Bobby Scott,114,2015,0.463206,Federal,House
S000185,Bobby Scott,115,2017,0.888044,Federal,House
S000185,Bobby Scott,116,2019,2.473258,Federal,House
S000185,Bobby Scott,117,2021,2.924348,Federal,House
S000185,Bobby Scott,118,2023,0.155766,Federal,House
S000213,Andrea Seastrand,1993-1994,1993,0.522567,State,Lower
S000213,Andrea Seastrand,104,1995,0.812368,Federal,House
S000217,Keith Sebelius,93,1973,0.393445,Federal,House
S000217,Keith Sebelius,94,1975,1.153672,Federal,House
S000217,Keith Sebelius,95,1977,0.861299,Federal,House
S000217,Keith Sebelius,96,1979,0.317035,Federal,House
S000244,Jim Sensenbrenner,96,1979,0.077707,Federal,House
S000244,Jim Sensenbrenner,97,1981,0.366556,Federal,House
S000244,Jim Sensenbrenner,98,1983,0.29156,Federal,House
S000244,Jim Sensenbrenner,99,1985,0.122953,Federal,House
S000244,Jim Sensenbrenner,100,1987,0.240524,Federal,House
S000244,Jim Sensenbrenner,101,1989,0.186444,Federal,House
S000244,Jim Sensenbrenner,102,1991,0.149407,Federal,House
S000244,Jim Sensenbrenner,103,1993,0.141015,Federal,House
S000244,Jim Sensenbrenner,104,1995,0.210438,Federal,House
S000244,Jim Sensenbrenner,105,1997,3.743652,Federal,House
S000244,Jim Sensenbrenner,106,1999,2.084672,Federal,House
S000244,Jim Sensenbrenner,107,2001,13.769971,Federal,House
S000244,Jim Sensenbrenner,108,2003,12.254784,Federal,House
S000244,Jim Sensenbrenner,109,2005,17.586649,Federal,House
S000244,Jim Sensenbrenner,110,2007,0.466641,Federal,House
S000244,Jim Sensenbrenner,111,2009,0.442518,Federal,House
S000244,Jim Sensenbrenner,112,2011,4.391176,Federal,House
S000244,Jim Sensenbrenner,113,2013,2.068678,Federal,House
S000244,Jim Sensenbrenner,114,2015,3.94012,Federal,House
S000244,Jim Sensenbrenner,115,2017,2.586429,Federal,House
S000244,Jim Sensenbrenner,116,2019,0.168982,Federal,House
S000248,Jose E. Serrano,101,1989,0.480899,Federal,House
S000248,Jose E. Serrano,102,1991,1.741067,Federal,House
S000248,Jose E. Serrano,103,1993,0.078342,Federal,House
S000248,Jose E. Serrano,104,1995,0.281633,Federal,House
S000248,Jose E. Serrano,105,1997,0.426724,Federal,House
S000248,Jose E. Serrano,106,1999,0.359976,Federal,House
S000248,Jose E. Serrano,107,2001,0.171677,Federal,House
S000248,Jose E. Serrano,108,2003,0.172666,Federal,House
S000248,Jose E. Serrano,109,2005,0.182222,Federal,House
S000248,Jose E. Serrano,110,2007,1.303536,Federal,House
S000248,Jose E. Serrano,111,2009,1.817304,Federal,House
S000248,Jose E. Serrano,112,2011,0.228157,Federal,House
S000248,Jose E. Serrano,113,2013,0.243704,Federal,House
S000248,Jose E. Serrano,114,2015,0.532934,Federal,House
S000248,Jose E. Serrano,115,2017,0.258639,Federal,House
S000248,Jose E. Serrano,116,2019,1.935861,Federal,House
S000269,John Seymour,102,1990,0.523246,Federal,Senate
S000320,Richard Shelby,96,1979,0.389356,Federal,House
S000320,Richard Shelby,97,1981,0.617457,Federal,House
S000320,Richard Shelby,98,1983,1.444994,Federal,House
S000320,Richard Shelby,99,1985,1.875228,Federal,House
S000320,Richard Shelby,100,1986,0.169817,Federal,Senate
S000320,Richard Shelby,101,1988,0.269952,Federal,Senate
S000320,Richard Shelby,102,1990,0.77285,Federal,Senate
S000320,Richard Shelby,103,1992,0.374723,Federal,Senate
S000320,Richard Shelby,104,1994,0.472018,Federal,Senate
S000320,Richard Shelby,105,1996,1.771222,Federal,Senate
S000320,Richard Shelby,106,1998,1.160236,Federal,Senate
S000320,Richard Shelby,107,2000,0.158055,Federal,Senate
S000320,Richard Shelby,108,2002,1.048394,Federal,Senate
S000320,Richard Shelby,109,2004,1.059102,Federal,Senate
S000320,Richard Shelby,110,2006,0.005459,Federal,Senate
S000320,Richard Shelby,111,2008,0.088331,Federal,Senate
S000320,Richard Shelby,112,2010,0.032589,Federal,Senate
S000320,Richard Shelby,113,2012,0.068859,Federal,Senate
S000320,Richard Shelby,114,2014,0.234527,Federal,Senate
S000320,Richard Shelby,115,2016,0.121931,Federal,Senate
S000320,Richard Shelby,116,2018,0.095678,Federal,Senate
S000320,Richard Shelby,117,2020,0.064178,Federal,Senate
S000332,Karen Shepherd,103,1993,0.18802,Federal,House
S000407,Gerald Sikorski,98,1983,0.14578,Federal,House
S000407,Gerald Sikorski,99,1985,0.363389,Federal,House
S000407,Gerald Sikorski,100,1987,1.678898,Federal,House
S000407,Gerald Sikorski,101,1989,2.187305,Federal,House
S000407,Gerald Sikorski,102,1991,1.197362,Federal,House
S000409,Mark Siljander,97,1981,0.116221,Federal,House
S000409,Mark Siljander,98,1983,0.070944,Federal,House
S000409,Mark Siljander,99,1985,0.240697,Federal,House
S000423,Paul Simon,94,1975,0.397933,Federal,House
S000423,Paul Simon,95,1977,0.226969,Federal,House
S000423,Paul Simon,96,1979,1.322162,Federal,House
S000423,Paul Simon,97,1981,3.584638,Federal,House
S000423,Paul Simon,98,1983,6.940794,Federal,House
S000423,Paul Simon,99,1984,0.440075,Federal,Senate
S000423,Paul Simon,100,1986,0.903986,Federal,Senate
S000423,Paul Simon,101,1988,1.518503,Federal,Senate
S000423,Paul Simon,102,1990,1.921931,Federal,Senate
S000423,Paul Simon,103,1992,1.514539,Federal,Senate
S000423,Paul Simon,104,1994,1.554404,Federal,Senate
S000429,Alan Simpson,96,1978,0.055926,Federal,Senate
S000429,Alan Simpson,97,1980,1.440573,Federal,Senate
S000429,Alan Simpson,98,1982,1.914062,Federal,Senate
S000429,Alan Simpson,99,1984,1.063224,Federal,Senate
S000429,Alan Simpson,100,1986,0.05009,Federal,Senate
S000429,Alan Simpson,101,1988,0.06454,Federal,Senate
S000429,Alan Simpson,102,1990,0.13168,Federal,Senate
S000429,Alan Simpson,103,1992,0.201449,Federal,Senate
S000429,Alan Simpson,104,1994,1.380344,Federal,Senate
S000453,Norman Sisisky,98,1983,0.100176,Federal,House
S000453,Norman Sisisky,99,1985,0.0,Federal,House
S000453,Norman Sisisky,100,1987,0.105603,Federal,House
S000453,Norman Sisisky,101,1989,0.028684,Federal,House
S000453,Norman Sisisky,102,1991,0.504129,Federal,House
S000453,Norman Sisisky,103,1993,0.532117,Federal,House
S000453,Norman Sisisky,104,1995,0.0,Federal,House
S000453,Norman Sisisky,105,1997,0.036162,Federal,House
S000453,Norman Sisisky,106,1999,0.015421,Federal,House
S000453,Norman Sisisky,107,2001,0.0,Federal,House
S000462,David Skaggs,100,1987,0.062007,Federal,House
S000462,David Skaggs,101,1989,0.230406,Federal,House
S000462,David Skaggs,102,1991,0.418176,Federal,House
S000462,David Skaggs,103,1993,1.985116,Federal,House
S000462,David Skaggs,104,1995,0.325996,Federal,House
S000462,David Skaggs,105,1997,0.660135,Federal,House
S000465,Ike Skelton,95,1977,0.012609,Federal,House
S000465,Ike Skelton,96,1979,0.574861,Federal,House
S000465,Ike Skelton,97,1981,0.355352,Federal,House
S000465,Ike Skelton,98,1983,0.385419,Federal,House
S000465,Ike Skelton,99,1985,0.468837,Federal,House
S000465,Ike Skelton,100,1987,0.23302,Federal,House
S000465,Ike Skelton,101,1989,0.173976,Federal,House
S000465,Ike Skelton,102,1991,0.626175,Federal,House
S000465,Ike Skelton,103,1993,0.444441,Federal,House
S000465,Ike Skelton,104,1995,0.022957,Federal,House
S000465,Ike Skelton,105,1997,0.018081,Federal,House
S000465,Ike Skelton,106,1999,0.107704,Federal,House
S000465,Ike Skelton,107,2001,0.096726,Federal,House
S000465,Ike Skelton,108,2003,0.033205,Federal,House
S000465,Ike Skelton,109,2005,0.287125,Federal,House
S000465,Ike Skelton,110,2007,3.843759,Federal,House
S000465,Ike Skelton,111,2009,4.908166,Federal,House
S000477,Jim Slattery,98,1983,0.134866,Federal,House
S000477,Jim Slattery,99,1985,0.707227,Federal,House
S000477,Jim Slattery,100,1987,0.294724,Federal,House
S000477,Jim Slattery,101,1989,0.633506,Federal,House
S000477,Jim Slattery,102,1991,0.730574,Federal,House
S000477,Jim Slattery,103,1993,4.705554,Federal,House
S000479,D. French Slaughter Jr.,99,1985,0.092915,Federal,House
S000479,D. French Slaughter Jr.,100,1987,0.100992,Federal,House
S000479,D. French Slaughter Jr.,101,1989,0.874982,Federal,House
S000479,D. French Slaughter Jr.,102,1991,0.569325,Federal,House
S000480,Louise Slaughter,100,1987,0.062007,Federal,House
S000480,Louise Slaughter,101,1989,0.200786,Federal,House
S000480,Louise Slaughter,102,1991,1.097902,Federal,House
S000480,Louise Slaughter,103,1993,0.356079,Federal,House
S000480,Louise Slaughter,104,1995,0.268217,Federal,House
S000480,Louise Slaughter,105,1997,0.383859,Federal,House
S000480,Louise Slaughter,106,1999,0.231317,Federal,House
S000480,Louise Slaughter,107,2001,0.234105,Federal,House
S000480,Louise Slaughter,108,2003,0.410151,Federal,House
S000480,Louise Slaughter,109,2005,0.322393,Federal,House
S000480,Louise Slaughter,110,2007,1.705784,Federal,House
S000480,Louise Slaughter,111,2009,0.645767,Federal,House
S000480,Louise Slaughter,112,2011,0.201315,Federal,House
S000480,Louise Slaughter,113,2013,1.167738,Federal,House
S000480,Louise Slaughter,114,2015,0.328262,Federal,House
S000480,Louise Slaughter,115,2017,0.110845,Federal,House
S000510,Adam Smith,1991-1992,1991,0.224449,State,Upper
S000510,Adam Smith,1993-1994,1993,3.657178,State,Upper
S000510,Adam Smith,1995-1996,1995,4.014956,State,Upper
S000510,Adam Smith,105,1997,0.0,Federal,House
S000510,Adam Smith,106,1999,0.107948,Federal,House
S000510,Adam Smith,107,2001,0.819244,Federal,House
S000510,Adam Smith,108,2003,0.580048,Federal,House
S000510,Adam Smith,109,2005,0.140171,Federal,House
S000510,Adam Smith,110,2007,0.379684,Federal,House
S000510,Adam Smith,111,2009,0.399063,Federal,House
S000510,Adam Smith,112,2011,0.120789,Federal,House
S000510,Adam Smith,113,2013,0.137084,Federal,House
S000510,Adam Smith,114,2015,0.151054,Federal,House
S000510,Adam Smith,115,2017,0.290917,Federal,House
S000510,Adam Smith,116,2019,2.386464,Federal,House
S000510,Adam Smith,117,2021,2.141935,Federal,House
S000510,Adam Smith,118,2023,0.155766,Federal,House
S000579,Joseph Smith,97,1981,0.041789,Federal,House
S000583,Lamar Smith,100,1987,0.48461,Federal,House
S000583,Lamar Smith,101,1989,0.374515,Federal,House
S000583,Lamar Smith,102,1991,0.200793,Federal,House
S000583,Lamar Smith,103,1993,0.530458,Federal,House
S000583,Lamar Smith,104,1995,1.342674,Federal,House
S000583,Lamar Smith,105,1997,4.704984,Federal,House
S000583,Lamar Smith,106,1999,3.418783,Federal,House
S000583,Lamar Smith,107,2001,5.626296,Federal,House
S000583,Lamar Smith,108,2003,6.497726,Federal,House
S000583,Lamar Smith,109,2005,4.315292,Federal,House
S000583,Lamar Smith,110,2007,0.361145,Federal,House
S000583,Lamar Smith,111,2009,0.414544,Federal,House
S000583,Lamar Smith,112,2011,16.314198,Federal,House
S000583,Lamar Smith,113,2013,2.789426,Federal,House
S000583,Lamar Smith,114,2015,3.864805,Federal,House
S000583,Lamar Smith,115,2017,2.435005,Federal,House
S000586,Lawrence J. Smith,98,1983,0.600238,Federal,House
S000586,Lawrence J. Smith,99,1985,0.163851,Federal,House
S000586,Lawrence J. Smith,100,1987,0.240524,Federal,House
S000586,Lawrence J. Smith,101,1989,0.932112,Federal,House
S000586,Lawrence J. Smith,102,1991,0.458924,Federal,House
S000587,Linda Smith,1991-1992,1991,1.9169,State,Upper
S000587,Linda Smith,1993-1994,1993,0.195482,State,Upper
S000587,Linda Smith,104,1995,0.922771,Federal,House
S000587,Linda Smith,105,1997,0.943547,Federal,House
S000597,Nick Smith,103,1993,0.219357,Federal,House
S000597,Nick Smith,104,1995,0.363871,Federal,House
S000597,Nick Smith,105,1997,0.890477,Federal,House
S000597,Nick Smith,106,1999,3.466787,Federal,House
S000597,Nick Smith,107,2001,4.432045,Federal,House
S000597,Nick Smith,108,2003,1.18969,Federal,House
S000601,Peter P. Smith,101,1989,0.187381,Federal,House
S000607,"Robert F. ""Bob"" Smith",98,1983,0.146399,Federal,House
S000607,"Robert F. ""Bob"" Smith",99,1985,0.061477,Federal,House
S000607,"Robert F. ""Bob"" Smith",100,1987,0.287523,Federal,House
S000607,"Robert F. ""Bob"" Smith",101,1989,0.161565,Federal,House
S000607,"Robert F. ""Bob"" Smith",102,1991,0.264852,Federal,House
S000607,"Robert F. ""Bob"" Smith",103,1993,0.189034,Federal,House
S000607,"Robert F. ""Bob"" Smith",105,1997,6.816446,Federal,House
S000662,Vincent Snowbarger,105,1997,0.838132,Federal,House
S000663,Olympia Snowe,96,1979,0.164618,Federal,House
S000663,Olympia Snowe,97,1981,0.113077,Federal,House
S000663,Olympia Snowe,98,1983,0.237389,Federal,House
S000663,Olympia Snowe,99,1985,0.395089,Federal,House
S000663,Olympia Snowe,100,1987,0.735648,Federal,House
S000663,Olympia Snowe,101,1989,0.803838,Federal,House
S000663,Olympia Snowe,102,1991,1.216346,Federal,House
S000663,Olympia Snowe,103,1993,0.691435,Federal,House
S000663,Olympia Snowe,104,1994,0.537974,Federal,Senate
S000663,Olympia Snowe,105,1996,1.511108,Federal,Senate
S000663,Olympia Snowe,106,1998,0.882777,Federal,Senate
S000663,Olympia Snowe,107,2000,0.59192,Federal,Senate
S000663,Olympia Snowe,108,2002,2.120401,Federal,Senate
S000663,Olympia Snowe,109,2004,1.515423,Federal,Senate
S000663,Olympia Snowe,110,2006,1.063438,Federal,Senate
S000663,Olympia Snowe,111,2008,1.058056,Federal,Senate
S000663,Olympia Snowe,112,2010,1.082457,Federal,Senate
S000672,Vic Snyder,105,1997,0.130728,Federal,House
S000672,Vic Snyder,106,1999,0.131312,Federal,House
S000672,Vic Snyder,107,2001,0.015607,Federal,House
S000672,Vic Snyder,108,2003,0.162382,Federal,House
S000672,Vic Snyder,109,2005,0.776651,Federal,House
S000672,Vic Snyder,110,2007,0.160193,Federal,House
S000672,Vic Snyder,111,2009,0.013987,Federal,House
S000673,Stephen Solarz,94,1975,0.416276,Federal,House
S000673,Stephen Solarz,95,1977,1.472486,Federal,House
S000673,Stephen Solarz,96,1979,1.002045,Federal,House
S000673,Stephen Solarz,97,1981,0.49057,Federal,House
S000673,Stephen Solarz,98,1983,0.258436,Federal,House
S000673,Stephen Solarz,99,1985,0.793642,Federal,House
S000673,Stephen Solarz,100,1987,0.78913,Federal,House
S000673,Stephen Solarz,101,1989,0.711306,Federal,House
S000673,Stephen Solarz,102,1991,0.57204,Federal,House
S000675,Gerald B.H. Solomon,96,1979,0.346402,Federal,House
S000675,Gerald B.H. Solomon,97,1981,0.611691,Federal,House
S000675,Gerald B.H. Solomon,98,1983,0.600676,Federal,House
S000675,Gerald B.H. Solomon,99,1985,0.379019,Federal,House
S000675,Gerald B.H. Solomon,100,1987,1.295147,Federal,House
S000675,Gerald B.H. Solomon,101,1989,0.928356,Federal,House
S000675,Gerald B.H. Solomon,102,1991,0.810868,Federal,House
S000675,Gerald B.H. Solomon,103,1993,0.814755,Federal,House
S000675,Gerald B.H. Solomon,104,1995,2.825572,Federal,House
S000675,Gerald B.H. Solomon,105,1997,4.330459,Federal,House
S000718,Floyd Spence,93,1973,0.07856,Federal,House
S000718,Floyd Spence,94,1975,0.519792,Federal,House
S000718,Floyd Spence,95,1977,0.031524,Federal,House
S000718,Floyd Spence,96,1979,0.021585,Federal,House
S000718,Floyd Spence,97,1981,0.036873,Federal,House
S000718,Floyd Spence,98,1983,0.070944,Federal,House
S000718,Floyd Spence,99,1985,0.061477,Federal,House
S000718,Floyd Spence,100,1987,0.101008,Federal,House
S000718,Floyd Spence,101,1989,0.028684,Federal,House
S000718,Floyd Spence,102,1991,0.040747,Federal,House
S000718,Floyd Spence,103,1993,0.079355,Federal,House
S000718,Floyd Spence,104,1995,4.126276,Federal,House
S000718,Floyd Spence,105,1997,3.115235,Federal,House
S000718,Floyd Spence,106,1999,1.746142,Federal,House
S000718,Floyd Spence,107,2001,0.015607,Federal,House
S000762,Fernand St Germain,93,1973,2.642304,Federal,House
S000762,Fernand St Germain,94,1975,2.689684,Federal,House
S000762,Fernand St Germain,95,1977,4.006904,Federal,House
S000762,Fernand St Germain,96,1979,1.027053,Federal,House
S000762,Fernand St Germain,97,1981,4.466914,Federal,House
S000762,Fernand St Germain,98,1983,2.723513,Federal,House
S000762,Fernand St Germain,99,1985,4.790757,Federal,House
S000762,Fernand St Germain,100,1987,2.916571,Federal,House
S000770,Debbie Stabenow,105,1997,0.144646,Federal,House
S000770,Debbie Stabenow,106,1999,0.107948,Federal,House
S000770,Debbie Stabenow,107,2000,0.094053,Federal,Senate
S000770,Debbie Stabenow,108,2002,0.150553,Federal,Senate
S000770,Debbie Stabenow,109,2004,0.474186,Federal,Senate
S000770,Debbie Stabenow,110,2006,0.205233,Federal,Senate
S000770,Debbie Stabenow,111,2008,0.385157,Federal,Senate
S000770,Debbie Stabenow,112,2010,1.229259,Federal,Senate
S000770,Debbie Stabenow,113,2012,0.998352,Federal,Senate
S000770,Debbie Stabenow,114,2014,0.243162,Federal,Senate
S000770,Debbie Stabenow,115,2016,0.551311,Federal,Senate
S000770,Debbie Stabenow,116,2018,0.11693,Federal,Senate
S000770,Debbie Stabenow,117,2020,0.541608,Federal,Senate
S000770,Debbie Stabenow,118,2022,0.572703,Federal,Senate
S000779,Harley O. Staggers Jr.,98,1983,0.016372,Federal,House
S000779,Harley O. Staggers Jr.,99,1985,0.126027,Federal,House
S000779,Harley O. Staggers Jr.,100,1987,0.593122,Federal,House
S000779,Harley O. Staggers Jr.,101,1989,2.40064,Federal,House
S000779,Harley O. Staggers Jr.,102,1991,2.4147,Federal,House
S000795,Arlan Stangeland,95,1977,0.203226,Federal,House
S000795,Arlan Stangeland,96,1979,0.105767,Federal,House
S000795,Arlan Stangeland,97,1981,0.202258,Federal,House
S000795,Arlan Stangeland,98,1983,0.506793,Federal,House
S000795,Arlan Stangeland,99,1985,0.466024,Federal,House
S000795,Arlan Stangeland,100,1987,0.240524,Federal,House
S000795,Arlan Stangeland,101,1989,0.200786,Federal,House
S000852,John Stennis,93,1972,0.977738,Federal,Senate
S000852,John Stennis,94,1974,1.306909,Federal,Senate
S000852,John Stennis,95,1976,1.760677,Federal,Senate
S000852,John Stennis,96,1978,0.723635,Federal,Senate
S000852,John Stennis,97,1980,0.110309,Federal,Senate
S000852,John Stennis,98,1982,0.144023,Federal,Senate
S000852,John Stennis,99,1984,0.005466,Federal,Senate
S000852,John Stennis,100,1986,0.460977,Federal,Senate
S000888,Ted Stevens,93,1972,1.059229,Federal,Senate
S000888,Ted Stevens,94,1974,1.249038,Federal,Senate
S000888,Ted Stevens,95,1976,1.108299,Federal,Senate
S000888,Ted Stevens,96,1978,0.792397,Federal,Senate
S000888,Ted Stevens,97,1980,3.091022,Federal,Senate
S000888,Ted Stevens,98,1982,1.298203,Federal,Senate
S000888,Ted Stevens,99,1984,2.693912,Federal,Senate
S000888,Ted Stevens,100,1986,0.784925,Federal,Senate
S000888,Ted Stevens,101,1988,0.6492,Federal,Senate
S000888,Ted Stevens,102,1990,0.241961,Federal,Senate
S000888,Ted Stevens,103,1992,1.119362,Federal,Senate
S000888,Ted Stevens,104,1994,4.603827,Federal,Senate
S000888,Ted Stevens,105,1996,1.747584,Federal,Senate
S000888,Ted Stevens,106,1998,0.776057,Federal,Senate
S000888,Ted Stevens,107,2000,0.838013,Federal,Senate
S000888,Ted Stevens,108,2002,1.227957,Federal,Senate
S000888,Ted Stevens,109,2004,1.751519,Federal,Senate
S000888,Ted Stevens,110,2006,0.571668,Federal,Senate
S000890,Adlai Stevenson III,93,1972,0.625971,Federal,Senate
S000890,Adlai Stevenson III,94,1974,0.765534,Federal,Senate
S000890,Adlai Stevenson III,95,1976,0.68083,Federal,Senate
S000890,Adlai Stevenson III,96,1978,1.258687,Federal,Senate
S000907,Donald W. Stewart,96,1978,0.358913,Federal,Senate
S000929,Victoria Spartz,2017-2018,2017,0.31906,State,Upper
S000929,Victoria Spartz,2019-2020,2019,1.654246,State,Upper
S000929,Victoria Spartz,117,2021,0.277543,Federal,House
S000929,Victoria Spartz,118,2023,0.379842,Federal,House
S000962,Richard (Dick) Stone,94,1974,0.238777,Federal,Senate
S000962,Richard (Dick) Stone,95,1976,0.545415,Federal,Senate
S000962,Richard (Dick) Stone,96,1978,0.177367,Federal,Senate
S000991,Michael Strang,99,1985,0.862947,Federal,House
S001044,Bob Stump,95,1977,0.075656,Federal,House
S001044,Bob Stump,96,1979,0.064756,Federal,House
S001044,Bob Stump,97,1981,0.180134,Federal,House
S001044,Bob Stump,98,1983,0.280646,Federal,House
S001044,Bob Stump,99,1985,0.635591,Federal,House
S001044,Bob Stump,100,1987,0.071308,Federal,House
S001044,Bob Stump,101,1989,0.115671,Federal,House
S001044,Bob Stump,102,1991,0.040747,Federal,House
S001044,Bob Stump,103,1993,0.356079,Federal,House
S001044,Bob Stump,104,1995,4.28022,Federal,House
S001044,Bob Stump,105,1997,5.101555,Federal,House
S001044,Bob Stump,106,1999,5.080319,Federal,House
S001044,Bob Stump,107,2001,4.06747,Federal,House
S001045,Bart Stupak,103,1993,1.603638,Federal,House
S001045,Bart Stupak,104,1995,0.584672,Federal,House
S001045,Bart Stupak,105,1997,0.572445,Federal,House
S001045,Bart Stupak,106,1999,0.980031,Federal,House
S001045,Bart Stupak,107,2001,1.1216,Federal,House
S001045,Bart Stupak,108,2003,0.561164,Federal,House
S001045,Bart Stupak,109,2005,0.631945,Federal,House
S001045,Bart Stupak,110,2007,3.143718,Federal,House
S001045,Bart Stupak,111,2009,1.593264,Federal,House
S001142,Gordon Smith,105,1996,0.55071,Federal,Senate
S001142,Gordon Smith,106,1998,1.74478,Federal,Senate
S001142,Gordon Smith,107,2000,0.958557,Federal,Senate
S001142,Gordon Smith,108,2002,1.046309,Federal,Senate
S001142,Gordon Smith,109,2004,1.983297,Federal,Senate
S001142,Gordon Smith,110,2006,1.279871,Federal,Senate
S001144,Chris Shays,100,1987,0.031003,Federal,House
S001144,Chris Shays,101,1989,0.115671,Federal,House
S001144,Chris Shays,102,1991,0.230902,Federal,House
S001144,Chris Shays,103,1993,1.292321,Federal,House
S001144,Chris Shays,104,1995,1.060769,Federal,House
S001144,Chris Shays,105,1997,0.524343,Federal,House
S001144,Chris Shays,106,1999,0.915371,Federal,House
S001144,Chris Shays,107,2001,1.275675,Federal,House
S001144,Chris Shays,108,2003,0.869948,Federal,House
S001144,Chris Shays,109,2005,1.493854,Federal,House
S001144,Chris Shays,110,2007,0.337629,Federal,House
S001145,Janice Schakowsky,1997-1998,1997,1.684731,State,Lower
S001145,Janice Schakowsky,106,1999,0.242344,Federal,House
S001145,Janice Schakowsky,107,2001,0.202891,Federal,House
S001145,Janice Schakowsky,108,2003,0.232435,Federal,House
S001145,Janice Schakowsky,109,2005,0.112137,Federal,House
S001145,Janice Schakowsky,110,2007,1.533711,Federal,House
S001145,Janice Schakowsky,111,2009,0.50575,Federal,House
S001145,Janice Schakowsky,112,2011,0.260368,Federal,House
S001145,Janice Schakowsky,113,2013,0.365556,Federal,House
S001145,Janice Schakowsky,114,2015,0.534244,Federal,House
S001145,Janice Schakowsky,115,2017,0.357168,Federal,House
S001145,Janice Schakowsky,116,2019,1.630041,Federal,House
S001145,Janice Schakowsky,117,2021,1.303108,Federal,House
S001145,Janice Schakowsky,118,2023,0.363454,Federal,House
S001147,Ronnie Shows,106,1999,0.095611,Federal,House
S001147,Ronnie Shows,107,2001,0.265319,Federal,House
S001148,Mike Simpson,106,1999,0.770304,Federal,House
S001148,Mike Simpson,107,2001,3.088063,Federal,House
S001148,Mike Simpson,108,2003,0.820317,Federal,House
S001148,Mike Simpson,109,2005,1.296644,Federal,House
S001148,Mike Simpson,110,2007,1.137478,Federal,House
S001148,Mike Simpson,111,2009,0.346302,Federal,House
S001148,Mike Simpson,112,2011,1.477244,Federal,House
S001148,Mike Simpson,113,2013,3.324961,Federal,House
S001148,Mike Simpson,114,2015,3.388441,Federal,House
S001148,Mike Simpson,115,2017,1.836452,Federal,House
S001148,Mike Simpson,116,2019,0.059641,Federal,House
S001148,Mike Simpson,117,2021,0.037708,Federal,House
S001148,Mike Simpson,118,2023,0.864527,Federal,House
S001150,Adam Schiff,1997-1998,1997,1.375221,State,Upper
S001150,Adam Schiff,1999-2000,1999,1.352557,State,Upper
S001150,Adam Schiff,107,2001,0.436808,Federal,House
S001150,Adam Schiff,108,2003,0.48952,Federal,House
S001150,Adam Schiff,109,2005,0.318291,Federal,House
S001150,Adam Schiff,110,2007,0.849218,Federal,House
S001150,Adam Schiff,111,2009,1.967445,Federal,House
S001150,Adam Schiff,112,2011,1.183797,Federal,House
S001150,Adam Schiff,113,2013,0.213241,Federal,House
S001150,Adam Schiff,114,2015,0.082393,Federal,House
S001150,Adam Schiff,115,2017,0.438184,Federal,House
S001150,Adam Schiff,116,2019,0.983773,Federal,House
S001150,Adam Schiff,117,2021,1.165942,Federal,House
S001150,Adam Schiff,118,2023,0.591573,Federal,House
S001151,Ed Schrock,1996-1997,1996,1.012939,State,Upper
S001151,Ed Schrock,1998-1999,1998,0.946842,State,Upper
S001151,Ed Schrock,2000-2001,2000,0.689997,State,Upper
S001151,Ed Schrock,107,2001,0.031214,Federal,House
S001151,Ed Schrock,108,2003,0.441728,Federal,House
S001152,Rob Simmons,1999-2000,1999,0.837747,State,Lower
S001152,Rob Simmons,107,2001,1.100534,Federal,House
S001152,Rob Simmons,108,2003,2.223391,Federal,House
S001152,Rob Simmons,109,2005,2.158718,Federal,House
S001153,Hilda Solis,1993-1994,1993,0.999949,State,Lower
S001153,Hilda Solis,1995-1996,1995,1.385874,State,Upper
S001153,Hilda Solis,1997-1998,1997,1.195487,State,Upper
S001153,Hilda Solis,1999-2000,1999,1.20718,State,Upper
S001153,Hilda Solis,107,2001,0.358773,Federal,House
S001153,Hilda Solis,108,2003,0.924484,Federal,House
S001153,Hilda Solis,109,2005,0.292698,Federal,House
S001153,Hilda Solis,110,2007,1.334257,Federal,House
S001153,Hilda Solis,111,2009,0.0,Federal,House
S001155,John Sullivan,1995-1996,1995,0.193979,State,Lower
S001155,John Sullivan,1997-1998,1997,0.379463,State,Lower
S001155,John Sullivan,1999-2000,1999,0.354684,State,Lower
S001155,John Sullivan,107,2001,0.115082,Federal,House
S001155,John Sullivan,2001-2002,2001,0.435753,State,Lower
S001155,John Sullivan,108,2003,0.083012,Federal,House
S001155,John Sullivan,109,2005,0.299203,Federal,House
S001155,John Sullivan,110,2007,0.245422,Federal,House
S001155,John Sullivan,111,2009,0.532685,Federal,House
S001155,John Sullivan,112,2011,1.536484,Federal,House
S001157,David Scott,2001-2002,2001,0.037786,State,Upper
S001157,David Scott,108,2003,0.176646,Federal,House
S001157,David Scott,109,2005,0.072889,Federal,House
S001157,David Scott,110,2007,1.733843,Federal,House
S001157,David Scott,111,2009,0.481113,Federal,House
S001157,David Scott,112,2011,0.013421,Federal,House
S001157,David Scott,113,2013,0.0,Federal,House
S001157,David Scott,114,2015,1.022049,Federal,House
S001157,David Scott,115,2017,0.049265,Federal,House
S001157,David Scott,116,2019,0.706936,Federal,House
S001157,David Scott,117,2021,0.844203,Federal,House
S001157,David Scott,118,2023,0.060576,Federal,House
S001158,John Salazar,2003-2004,2003,0.451538,State,Lower
S001158,John Salazar,109,2005,0.126154,Federal,House
S001158,John Salazar,110,2007,1.791362,Federal,House
S001158,John Salazar,111,2009,1.405913,Federal,House
S001161,John Schwarz,1995-1996,1995,0.917209,State,Upper
S001161,John Schwarz,1997-1998,1997,1.32154,State,Upper
S001161,John Schwarz,1999-2000,1999,1.667974,State,Upper
S001161,John Schwarz,2001-2002,2001,1.556698,State,Upper
S001161,John Schwarz,109,2005,0.297712,Federal,House
S001162,Allyson Schwartz,1991-1992,1991,0.313616,State,Upper
S001162,Allyson Schwartz,1993-1994,1993,0.862157,State,Upper
S001162,Allyson Schwartz,1995-1996,1995,0.403285,State,Upper
S001162,Allyson Schwartz,1997-1998,1997,0.573286,State,Upper
S001162,Allyson Schwartz,1999-2000,1999,0.640706,State,Upper
S001162,Allyson Schwartz,2001-2002,2001,0.612989,State,Upper
S001162,Allyson Schwartz,2003-2004,2003,0.579375,State,Upper
S001162,Allyson Schwartz,109,2005,0.056068,Federal,House
S001162,Allyson Schwartz,110,2007,0.200538,Federal,House
S001162,Allyson Schwartz,111,2009,0.328597,Federal,House
S001162,Allyson Schwartz,112,2011,0.174473,Federal,House
S001162,Allyson Schwartz,113,2013,0.19801,Federal,House
S001164,Jean Schmidt,2001-2002,2001,2.205272,State,Lower
S001164,Jean Schmidt,2003-2004,2003,2.260849,State,Lower
S001164,Jean Schmidt,109,2005,0.028034,Federal,House
S001164,Jean Schmidt,110,2007,0.290306,Federal,House
S001164,Jean Schmidt,111,2009,0.069933,Federal,House
S001164,Jean Schmidt,112,2011,0.147631,Federal,House
S001164,Jean Schmidt,2021-2022,2021,1.196576,State,Lower
S001164,Jean Schmidt,2023-2024,2023,2.306617,State,Lower
S001165,Albio Sires,2000-2001,2000,0.214528,State,Lower
S001165,Albio Sires,2002-2003,2002,4.583522,State,Lower
S001165,Albio Sires,2004-2005,2004,4.434895,State,Lower
S001165,Albio Sires,109,2005,0.0,Federal,House
S001165,Albio Sires,2006-2007,2006,0.157415,State,Lower
S001165,Albio Sires,110,2007,1.282571,Federal,House
S001165,Albio Sires,111,2009,0.279033,Federal,House
S001165,Albio Sires,112,2011,0.110052,Federal,House
S001165,Albio Sires,113,2013,0.167547,Federal,House
S001165,Albio Sires,114,2015,0.420949,Federal,House
S001165,Albio Sires,115,2017,1.018142,Federal,House
S001165,Albio Sires,116,2019,0.316771,Federal,House
S001165,Albio Sires,117,2021,0.413679,Federal,House
S001167,Bill Sali,1999-2000,1999,0.398528,State,Lower
S001167,Bill Sali,2001-2002,2001,0.986468,State,Lower
S001167,Bill Sali,2003-2004,2003,0.622138,State,Lower
S001167,Bill Sali,2005-2006,2005,0.765725,State,Lower
S001167,Bill Sali,110,2007,0.100269,Federal,House
S001172,Adrian Smith,110,2007,0.062668,Federal,House
S001172,Adrian Smith,111,2009,0.446236,Federal,House
S001172,Adrian Smith,112,2011,0.308438,Federal,House
S001172,Adrian Smith,113,2013,0.467999,Federal,House
S001172,Adrian Smith,114,2015,0.732041,Federal,House
S001172,Adrian Smith,115,2017,1.162307,Federal,House
S001172,Adrian Smith,116,2019,0.243498,Federal,House
S001172,Adrian Smith,117,2021,0.077302,Federal,House
S001172,Adrian Smith,118,2023,4.903381,Federal,House
S001174,Betty Sutton,1997-1998,1997,0.340636,State,Lower
S001174,Betty Sutton,1999-2000,1999,0.078091,State,Lower
S001174,Betty Sutton,110,2007,0.280194,Federal,House
S001174,Betty Sutton,111,2009,1.865344,Federal,House
S001174,Betty Sutton,112,2011,0.093947,Federal,House
S001175,Jackie Speier,1993-1994,1993,2.125376,State,Lower
S001175,Jackie Speier,1995-1996,1995,1.672801,State,Lower
S001175,Jackie Speier,1999-2000,1999,1.895445,State,Upper
S001175,Jackie Speier,2001-2002,2001,1.733758,State,Upper
S001175,Jackie Speier,2003-2004,2003,1.508931,State,Upper
S001175,Jackie Speier,2005-2006,2005,1.554773,State,Upper
S001175,Jackie Speier,110,2007,0.120086,Federal,House
S001175,Jackie Speier,111,2009,0.670022,Federal,House
S001175,Jackie Speier,112,2011,1.077509,Federal,House
S001175,Jackie Speier,113,2013,0.68124,Federal,House
S001175,Jackie Speier,114,2015,0.600528,Federal,House
S001175,Jackie Speier,115,2017,0.429899,Federal,House
S001175,Jackie Speier,116,2019,0.985162,Federal,House
S001175,Jackie Speier,117,2021,0.687644,Federal,House
S001176,Steve Scalise,1996-1999,1996,0.585224,State,Lower
S001176,Steve Scalise,2000-2003,2000,0.994998,State,Lower
S001176,Steve Scalise,2004-2007,2004,0.915857,State,Lower
S001176,Steve Scalise,110,2007,0.037601,Federal,House
S001176,Steve Scalise,2008-2011,2008,0.209503,State,Upper
S001176,Steve Scalise,111,2009,0.255478,Federal,House
S001176,Steve Scalise,112,2011,1.401527,Federal,House
S001176,Steve Scalise,113,2013,0.814146,Federal,House
S001176,Steve Scalise,114,2015,0.36602,Federal,House
S001176,Steve Scalise,115,2017,0.392316,Federal,House
S001176,Steve Scalise,116,2019,0.069581,Federal,House
S001176,Steve Scalise,117,2021,0.919577,Federal,House
S001176,Steve Scalise,118,2023,1.308335,Federal,House
S001178,Mark Schauer,1997-1998,1997,2.547853,State,Lower
S001178,Mark Schauer,1999-2000,1999,0.281383,State,Lower
S001178,Mark Schauer,2001-2002,2001,0.329313,State,Lower
S001178,Mark Schauer,2003-2004,2003,0.304724,State,Upper
S001178,Mark Schauer,2005-2006,2005,0.21827,State,Upper
S001178,Mark Schauer,2007-2008,2007,0.120451,State,Upper
S001178,Mark Schauer,111,2009,0.428531,Federal,House
S001179,Aaron Schock,2005-2006,2005,0.809847,State,Lower
S001179,Aaron Schock,2007-2008,2007,0.50034,State,Lower
S001179,Aaron Schock,111,2009,0.617794,Federal,House
S001179,Aaron Schock,112,2011,0.478022,Federal,House
S001179,Aaron Schock,113,2013,1.295028,Federal,House
S001179,Aaron Schock,114,2015,0.235862,Federal,House
S001180,Kurt Schrader,2007-2008,2007,1.100617,State,Upper
S001180,Kurt Schrader,111,2009,0.920445,Federal,House
S001180,Kurt Schrader,2009-2010,2009,0.610961,State,Upper
S001180,Kurt Schrader,112,2011,0.806263,Federal,House
S001180,Kurt Schrader,113,2013,1.882436,Federal,House
S001180,Kurt Schrader,114,2015,0.512921,Federal,House
S001180,Kurt Schrader,115,2017,0.172426,Federal,House
S001180,Kurt Schrader,116,2019,0.791895,Federal,House
S001180,Kurt Schrader,117,2021,0.150834,Federal,House
S001181,Jeanne Shaheen,1991-1992,1991,0.857255,State,Upper
S001181,Jeanne Shaheen,1993-1994,1993,1.546984,State,Upper
S001181,Jeanne Shaheen,1995-1996,1995,2.04809,State,Upper
S001181,Jeanne Shaheen,111,2008,0.171873,Federal,Senate
S001181,Jeanne Shaheen,112,2010,0.197461,Federal,Senate
S001181,Jeanne Shaheen,113,2012,2.50819,Federal,Senate
S001181,Jeanne Shaheen,114,2014,1.175814,Federal,Senate
S001181,Jeanne Shaheen,115,2016,1.247966,Federal,Senate
S001181,Jeanne Shaheen,116,2018,1.244952,Federal,Senate
S001181,Jeanne Shaheen,117,2020,0.895314,Federal,Senate
S001181,Jeanne Shaheen,118,2022,0.559302,Federal,Senate
S001183,David Schweikert,112,2011,0.928465,Federal,House
S001183,David Schweikert,113,2013,0.513694,Federal,House
S001183,David Schweikert,114,2015,0.585735,Federal,House
S001183,David Schweikert,115,2017,0.505806,Federal,House
S001183,David Schweikert,116,2019,0.129222,Federal,House
S001183,David Schweikert,117,2021,0.368687,Federal,House
S001183,David Schweikert,118,2023,1.29385,Federal,House
S001184,Tim Scott,2009-2010,2009,0.114794,State,Lower
S001184,Tim Scott,112,2011,0.887701,Federal,House
S001184,Tim Scott,113,2012,0.040768,Federal,Senate
S001184,Tim Scott,114,2014,0.303829,Federal,Senate
S001184,Tim Scott,115,2016,0.606278,Federal,Senate
S001184,Tim Scott,116,2018,1.004355,Federal,Senate
S001184,Tim Scott,117,2020,0.474971,Federal,Senate
S001184,Tim Scott,118,2022,0.316286,Federal,Senate
S001187,Steve Stivers,2003-2004,2003,2.845246,State,Upper
S001187,Steve Stivers,2005-2006,2005,1.849045,State,Upper
S001187,Steve Stivers,2007-2008,2007,3.431768,State,Upper
S001187,Steve Stivers,112,2011,2.192757,Federal,House
S001187,Steve Stivers,113,2013,1.348588,Federal,House
S001187,Steve Stivers,114,2015,1.082193,Federal,House
S001187,Steve Stivers,115,2017,1.899257,Federal,House
S001187,Steve Stivers,116,2019,0.316771,Federal,House
S001187,Steve Stivers,117,2021,0.881868,Federal,House
S001188,Marlin Stutzman,2003-2004,2003,0.070666,State,Lower
S001188,Marlin Stutzman,2005-2006,2005,1.431306,State,Lower
S001188,Marlin Stutzman,2007-2008,2007,0.350568,State,Lower
S001188,Marlin Stutzman,111,2009,0.0,Federal,House
S001188,Marlin Stutzman,2009-2010,2009,0.536537,State,Upper
S001188,Marlin Stutzman,112,2011,1.563662,Federal,House
S001188,Marlin Stutzman,113,2013,0.337552,Federal,House
S001188,Marlin Stutzman,114,2015,0.068661,Federal,House
S001189,Austin Scott,2001-2002,2001,0.108953,State,Lower
S001189,Austin Scott,2003-2004,2003,0.627319,State,Lower
S001189,Austin Scott,2005-2006,2005,1.976761,State,Lower
S001189,Austin Scott,2007-2008,2007,2.204891,State,Lower
S001189,Austin Scott,2009-2010,2009,1.897731,State,Lower
S001189,Austin Scott,112,2011,0.067105,Federal,House
S001189,Austin Scott,113,2013,0.137084,Federal,House
S001189,Austin Scott,114,2015,0.304523,Federal,House
S001189,Austin Scott,115,2017,0.991046,Federal,House
S001189,Austin Scott,116,2019,0.271399,Federal,House
S001189,Austin Scott,117,2021,0.056563,Federal,House
S001189,Austin Scott,118,2023,0.242779,Federal,House
S001191,Kyrsten Sinema,2005-2006,2005,0.254565,State,Lower
S001191,Kyrsten Sinema,2007-2008,2007,0.840556,State,Lower
S001191,Kyrsten Sinema,2009-2010,2009,0.4542,State,Lower
S001191,Kyrsten Sinema,2011-2012,2011,0.386274,State,Upper
S001191,Kyrsten Sinema,113,2013,0.255149,Federal,House
S001191,Kyrsten Sinema,114,2015,1.138197,Federal,House
S001191,Kyrsten Sinema,115,2017,0.711552,Federal,House
S001191,Kyrsten Sinema,116,2018,1.219741,Federal,Senate
S001191,Kyrsten Sinema,117,2020,0.939822,Federal,Senate
S001191,Kyrsten Sinema,118,2022,0.975001,Federal,Senate
S001194,Brian Schatz,1999-2000,1999,0.494891,State,Lower
S001194,Brian Schatz,2001-2002,2001,0.469396,State,Lower
S001194,Brian Schatz,2003-2004,2003,0.675454,State,Lower
S001194,Brian Schatz,2005-2006,2005,0.815343,State,Lower
S001194,Brian Schatz,113,2012,0.492563,Federal,Senate
S001194,Brian Schatz,114,2014,0.866454,Federal,Senate
S001194,Brian Schatz,115,2016,1.134345,Federal,Senate
S001194,Brian Schatz,116,2018,0.803923,Federal,Senate
S001194,Brian Schatz,117,2020,1.328131,Federal,Senate
S001194,Brian Schatz,118,2022,0.556706,Federal,Senate
S001195,Jason Smith,2005-2006,2005,0.222145,State,Lower
S001195,Jason Smith,2007-2008,2007,0.576207,State,Lower
S001195,Jason Smith,2009-2010,2009,3.108031,State,Lower
S001195,Jason Smith,2011-2012,2011,4.179035,State,Lower
S001195,Jason Smith,113,2013,0.549466,Federal,House
S001195,Jason Smith,2013-2014,2013,0.157187,State,Lower
S001195,Jason Smith,114,2015,1.210334,Federal,House
S001195,Jason Smith,115,2017,0.916713,Federal,House
S001195,Jason Smith,116,2019,0.178922,Federal,House
S001195,Jason Smith,117,2021,0.362387,Federal,House
S001195,Jason Smith,118,2023,4.02365,Federal,House
S001199,Lloyd Smucker,2009-2010,2009,0.376041,State,Upper
S001199,Lloyd Smucker,2011-2012,2011,1.182017,State,Upper
S001199,Lloyd Smucker,2013-2014,2013,1.017368,State,Upper
S001199,Lloyd Smucker,2015-2016,2015,1.163595,State,Upper
S001199,Lloyd Smucker,115,2017,0.799009,Federal,House
S001199,Lloyd Smucker,116,2019,0.168982,Federal,House
S001199,Lloyd Smucker,117,2021,0.176176,Federal,House
S001199,Lloyd Smucker,118,2023,0.720256,Federal,House
S001200,Darren Soto,2007-2008,2007,0.228095,State,Lower
S001200,Darren Soto,2009-2010,2009,0.451924,State,Lower
S001200,Darren Soto,2011-2012,2011,0.287169,State,Lower
S001200,Darren Soto,2013-2014,2013,0.671175,State,Upper
S001200,Darren Soto,2015-2016,2015,0.659435,State,Upper
S001200,Darren Soto,115,2017,1.539437,Federal,House
S001200,Darren Soto,116,2019,1.462057,Federal,House
S001200,Darren Soto,117,2021,2.023558,Federal,House
S001200,Darren Soto,118,2023,0.779586,Federal,House
S001214,Greg Steube,2011-2012,2011,1.631123,State,Lower
S001214,Greg Steube,2013-2014,2013,2.538797,State,Lower
S001214,Greg Steube,2015-2016,2015,2.638008,State,Lower
S001214,Greg Steube,2017-2018,2017,3.585883,State,Upper
S001214,Greg Steube,116,2019,0.831343,Federal,House
S001214,Greg Steube,117,2021,0.715925,Federal,House
S001214,Greg Steube,118,2023,2.706246,Federal,House
S001218,Melanie Stansbury,2019-2020,2019,0.881084,State,Lower
S001218,Melanie Stansbury,117,2021,0.45367,Federal,House
S001218,Melanie Stansbury,2021-2022,2021,0.378156,State,Lower
S001218,Melanie Stansbury,118,2023,0.273091,Federal,House
S001223,Emilia Sykes,2015-2016,2015,0.349363,State,Lower
S001223,Emilia Sykes,2017-2018,2017,1.456821,State,Lower
S001223,Emilia Sykes,2019-2020,2019,0.028389,State,Lower
S001223,Emilia Sykes,2021-2022,2021,0.030373,State,Lower
S001223,Emilia Sykes,118,2023,0.357708,Federal,House
S001226,Andrea Salinas,2017-2018,2017,0.214433,State,Lower
S001226,Andrea Salinas,2019-2020,2019,1.25631,State,Lower
S001226,Andrea Salinas,2021-2022,2021,2.393658,State,Lower
S001226,Andrea Salinas,118,2023,1.024585,Federal,House
S001227,Eric Schmitt,2009-2010,2009,1.20152,State,Upper
S001227,Eric Schmitt,2011-2012,2011,0.427637,State,Upper
S001227,Eric Schmitt,2013-2014,2013,1.624592,State,Upper
S001227,Eric Schmitt,2015-2016,2015,1.759849,State,Upper
S001227,Eric Schmitt,118,2022,0.492937,Federal,Senate
S001230,Suhas Subramanyam,2020-2021,2020,0.914178,State,Lower
S001230,Suhas Subramanyam,2022-2023,2022,0.598396,State,Lower
S001230,Suhas Subramanyam,2024-2025,2024,0.425167,State,Upper
T000024,Jim Talent,103,1993,0.141218,Federal,House
T000024,Jim Talent,104,1995,0.793238,Federal,House
T000024,Jim Talent,105,1997,1.810258,Federal,House
T000024,Jim Talent,106,1999,5.553485,Federal,House
T000024,Jim Talent,108,2002,0.458225,Federal,Senate
T000024,Jim Talent,109,2004,0.810478,Federal,Senate
T000034,Robin Tallon,98,1983,0.068215,Federal,House
T000034,Robin Tallon,99,1985,0.195289,Federal,House
T000034,Robin Tallon,100,1987,0.096111,Federal,House
T000034,Robin Tallon,101,1989,0.55629,Federal,House
T000034,Robin Tallon,102,1991,0.244933,Federal,House
T000038,John Tanner,101,1989,0.045894,Federal,House
T000038,John Tanner,102,1991,0.057046,Federal,House
T000038,John Tanner,103,1993,0.031337,Federal,House
T000038,John Tanner,104,1995,0.076523,Federal,House
T000038,John Tanner,105,1997,0.258306,Federal,House
T000038,John Tanner,106,1999,0.107948,Federal,House
T000038,John Tanner,107,2001,0.062428,Federal,House
T000038,John Tanner,108,2003,0.033205,Federal,House
T000038,John Tanner,109,2005,0.028034,Federal,House
T000038,John Tanner,110,2007,0.671634,Federal,House
T000038,John Tanner,111,2009,2.006413,Federal,House
T000048,Randy Tate,1991-1992,1991,0.252609,State,Lower
T000048,Randy Tate,1993-1994,1993,0.13121,State,Lower
T000048,Randy Tate,104,1995,1.762322,Federal,House
T000053,Tom Tauke,96,1979,0.17484,Federal,House
T000053,Tom Tauke,97,1981,0.305503,Federal,House
T000053,Tom Tauke,98,1983,0.327815,Federal,House
T000053,Tom Tauke,99,1985,0.389178,Federal,House
T000053,Tom Tauke,100,1987,0.831893,Federal,House
T000053,Tom Tauke,101,1989,0.477086,Federal,House
T000058,Billy Tauzin,96,1979,0.021585,Federal,House
T000058,Billy Tauzin,97,1981,0.10393,Federal,House
T000058,Billy Tauzin,98,1983,0.325171,Federal,House
T000058,Billy Tauzin,99,1985,0.940577,Federal,House
T000058,Billy Tauzin,100,1987,2.320134,Federal,House
T000058,Billy Tauzin,101,1989,2.600175,Federal,House
T000058,Billy Tauzin,102,1991,2.62651,Federal,House
T000058,Billy Tauzin,103,1993,5.438965,Federal,House
T000058,Billy Tauzin,104,1995,1.482272,Federal,House
T000058,Billy Tauzin,105,1997,3.234602,Federal,House
T000058,Billy Tauzin,106,1999,1.475767,Federal,House
T000058,Billy Tauzin,107,2001,8.282376,Federal,House
T000058,Billy Tauzin,108,2003,4.487981,Federal,House
T000067,Charles H. Taylor,102,1991,0.040747,Federal,House
T000067,Charles H. Taylor,103,1993,0.157697,Federal,House
T000067,Charles H. Taylor,104,1995,0.396286,Federal,House
T000067,Charles H. Taylor,105,1997,2.160111,Federal,House
T000067,Charles H. Taylor,106,1999,1.733805,Federal,House
T000067,Charles H. Taylor,107,2001,2.620584,Federal,House
T000067,Charles H. Taylor,108,2003,2.467529,Federal,House
T000067,Charles H. Taylor,109,2005,2.784213,Federal,House
T000074,Gene Taylor,101,1989,0.202659,Federal,House
T000074,Gene Taylor,102,1991,1.135313,Federal,House
T000074,Gene Taylor,103,1993,0.778395,Federal,House
T000074,Gene Taylor,104,1995,0.038261,Federal,House
T000074,Gene Taylor,105,1997,0.091417,Federal,House
T000074,Gene Taylor,106,1999,0.734747,Federal,House
T000074,Gene Taylor,107,2001,0.070324,Federal,House
T000074,Gene Taylor,108,2003,0.431894,Federal,House
T000074,Gene Taylor,109,2005,0.028034,Federal,House
T000074,Gene Taylor,110,2007,0.050134,Federal,House
T000074,Gene Taylor,111,2009,1.309598,Federal,House
T000113,Frank Tejeda,1989-1990,1989,0.709925,State,Upper
T000113,Frank Tejeda,1991-1992,1991,1.007097,State,Upper
T000113,Frank Tejeda,103,1993,0.050139,Federal,House
T000113,Frank Tejeda,104,1995,0.253854,Federal,House
T000113,Frank Tejeda,105,1997,0.0,Federal,House
T000162,Craig Thomas,101,1989,0.561843,Federal,House
T000162,Craig Thomas,102,1991,1.65684,Federal,House
T000162,Craig Thomas,103,1993,1.61036,Federal,House
T000162,Craig Thomas,104,1994,0.675278,Federal,Senate
T000162,Craig Thomas,105,1996,1.602503,Federal,Senate
T000162,Craig Thomas,106,1998,1.128354,Federal,Senate
T000162,Craig Thomas,107,2000,0.44153,Federal,Senate
T000162,Craig Thomas,108,2002,0.787961,Federal,Senate
T000162,Craig Thomas,109,2004,1.297427,Federal,Senate
T000162,Craig Thomas,110,2006,0.530395,Federal,Senate
T000165,Tom Tiffany,2011-2012,2011,0.895838,State,Lower
T000165,Tom Tiffany,2013-2014,2013,1.231453,State,Upper
T000165,Tom Tiffany,2015-2016,2015,1.496848,State,Upper
T000165,Tom Tiffany,2017-2018,2017,0.625226,State,Upper
T000165,Tom Tiffany,116,2019,0.00994,Federal,House
T000165,Tom Tiffany,2019-2020,2019,0.530413,State,Upper
T000165,Tom Tiffany,117,2021,0.201517,Federal,House
T000165,Tom Tiffany,118,2023,1.700256,Federal,House
T000188,Bill Thomas,96,1979,0.712368,Federal,House
T000188,Bill Thomas,97,1981,0.324081,Federal,House
T000188,Bill Thomas,98,1983,0.400705,Federal,House
T000188,Bill Thomas,99,1985,0.209958,Federal,House
T000188,Bill Thomas,100,1987,0.469551,Federal,House
T000188,Bill Thomas,101,1989,0.15776,Federal,House
T000188,Bill Thomas,102,1991,0.247201,Federal,House
T000188,Bill Thomas,103,1993,0.631802,Federal,House
T000188,Bill Thomas,104,1995,7.593075,Federal,House
T000188,Bill Thomas,105,1997,5.360889,Federal,House
T000188,Bill Thomas,106,1999,4.316835,Federal,House
T000188,Bill Thomas,107,2001,8.430126,Federal,House
T000188,Bill Thomas,108,2003,8.940821,Federal,House
T000188,Bill Thomas,109,2005,6.857148,Federal,House
T000200,Frank Thompson Jr.,93,1973,1.373245,Federal,House
T000200,Frank Thompson Jr.,94,1975,1.863382,Federal,House
T000200,Frank Thompson Jr.,95,1977,3.226464,Federal,House
T000200,Frank Thompson Jr.,96,1979,5.1366,Federal,House
T000253,Karen Thurman,103,1993,0.205716,Federal,House
T000253,Karen Thurman,104,1995,0.329822,Federal,House
T000253,Karen Thurman,105,1997,0.239499,Federal,House
T000253,Karen Thurman,106,1999,0.411422,Federal,House
T000253,Karen Thurman,107,2001,0.15607,Federal,House
T000254,Strom Thurmond,93,1972,0.651599,Federal,Senate
T000254,Strom Thurmond,94,1974,0.738772,Federal,Senate
T000254,Strom Thurmond,95,1976,1.560719,Federal,Senate
T000254,Strom Thurmond,96,1978,0.870884,Federal,Senate
T000254,Strom Thurmond,97,1980,5.723097,Federal,Senate
T000254,Strom Thurmond,98,1982,4.778716,Federal,Senate
T000254,Strom Thurmond,99,1984,3.85882,Federal,Senate
T000254,Strom Thurmond,100,1986,1.614437,Federal,Senate
T000254,Strom Thurmond,101,1988,1.584475,Federal,Senate
T000254,Strom Thurmond,102,1990,1.536228,Federal,Senate
T000254,Strom Thurmond,103,1992,0.569921,Federal,Senate
T000254,Strom Thurmond,104,1994,2.550941,Federal,Senate
T000254,Strom Thurmond,105,1996,2.061372,Federal,Senate
T000254,Strom Thurmond,106,1998,0.275956,Federal,Senate
T000254,Strom Thurmond,107,2000,0.663436,Federal,Senate
T000260,Todd Tiahrt,104,1995,0.095654,Federal,House
T000260,Todd Tiahrt,105,1997,0.257293,Federal,House
T000260,Todd Tiahrt,106,1999,0.046263,Federal,House
T000260,Todd Tiahrt,107,2001,0.15607,Federal,House
T000260,Todd Tiahrt,108,2003,0.732431,Federal,House
T000260,Todd Tiahrt,109,2005,0.559935,Federal,House
T000260,Todd Tiahrt,110,2007,0.266211,Federal,House
T000260,Todd Tiahrt,111,2009,0.285328,Federal,House
T000314,Peter Torkildsen,103,1993,0.30286,Federal,House
T000314,Peter Torkildsen,104,1995,1.858363,Federal,House
T000356,Bob Traxler,93,1973,0.041347,Federal,House
T000356,Bob Traxler,94,1975,0.288911,Federal,House
T000356,Bob Traxler,95,1977,0.300104,Federal,House
T000356,Bob Traxler,96,1979,0.187791,Federal,House
T000356,Bob Traxler,97,1981,0.35358,Federal,House
T000356,Bob Traxler,98,1983,0.154748,Federal,House
T000356,Bob Traxler,99,1985,0.269105,Federal,House
T000356,Bob Traxler,100,1987,0.186515,Federal,House
T000356,Bob Traxler,101,1989,2.034281,Federal,House
T000356,Bob Traxler,102,1991,1.842659,Federal,House
T000424,Jim Turner,1991-1992,1991,0.830682,State,Upper
T000424,Jim Turner,1993-1994,1993,0.749334,State,Upper
T000424,Jim Turner,1995-1996,1995,0.476335,State,Upper
T000424,Jim Turner,105,1997,0.036162,Federal,House
T000424,Jim Turner,106,1999,0.592728,Federal,House
T000424,Jim Turner,107,2001,1.164987,Federal,House
T000424,Jim Turner,108,2003,0.56094,Federal,House
T000458,Tom Tancredo,106,1999,0.769983,Federal,House
T000458,Tom Tancredo,107,2001,2.132066,Federal,House
T000458,Tom Tancredo,108,2003,1.770558,Federal,House
T000458,Tom Tancredo,109,2005,0.594202,Federal,House
T000458,Tom Tancredo,110,2007,0.208058,Federal,House
T000460,Mike Thompson,1993-1994,1993,1.472287,State,Upper
T000460,Mike Thompson,1995-1996,1995,1.509827,State,Upper
T000460,Mike Thompson,1997-1998,1997,1.357048,State,Upper
T000460,Mike Thompson,106,1999,0.84508,Federal,House
T000460,Mike Thompson,107,2001,1.255232,Federal,House
T000460,Mike Thompson,108,2003,1.249176,Federal,House
T000460,Mike Thompson,109,2005,1.219927,Federal,House
T000460,Mike Thompson,110,2007,1.620667,Federal,House
T000460,Mike Thompson,111,2009,0.940167,Federal,House
T000460,Mike Thompson,112,2011,0.419493,Federal,House
T000460,Mike Thompson,113,2013,0.655841,Federal,House
T000460,Mike Thompson,114,2015,0.19225,Federal,House
T000460,Mike Thompson,115,2017,0.340182,Federal,House
T000460,Mike Thompson,116,2019,3.084088,Federal,House
T000460,Mike Thompson,117,2021,1.645298,Federal,House
T000460,Mike Thompson,118,2023,0.09519,Federal,House
T000462,Pat Tiberi,1997-1998,1997,1.855255,State,Lower
T000462,Pat Tiberi,1999-2000,1999,1.504087,State,Lower
T000462,Pat Tiberi,107,2001,0.153313,Federal,House
T000462,Pat Tiberi,108,2003,0.302717,Federal,House
T000462,Pat Tiberi,109,2005,3.413555,Federal,House
T000462,Pat Tiberi,110,2007,0.050134,Federal,House
T000462,Pat Tiberi,111,2009,0.16714,Federal,House
T000462,Pat Tiberi,112,2011,0.255746,Federal,House
T000462,Pat Tiberi,113,2013,2.083743,Federal,House
T000462,Pat Tiberi,114,2015,3.683406,Federal,House
T000462,Pat Tiberi,115,2017,0.604336,Federal,House
T000464,Jon Tester,1999-2000,1999,0.894474,State,Upper
T000464,Jon Tester,2001-2002,2001,1.506644,State,Upper
T000464,Jon Tester,2003-2004,2003,0.909766,State,Upper
T000464,Jon Tester,2005-2006,2005,1.232144,State,Upper
T000464,Jon Tester,110,2006,0.317476,Federal,Senate
T000464,Jon Tester,111,2008,0.40734,Federal,Senate
T000464,Jon Tester,112,2010,2.105831,Federal,Senate
T000464,Jon Tester,113,2012,2.408563,Federal,Senate
T000464,Jon Tester,114,2014,1.742103,Federal,Senate
T000464,Jon Tester,115,2016,1.724449,Federal,Senate
T000464,Jon Tester,116,2018,1.773146,Federal,Senate
T000464,Jon Tester,117,2020,2.610917,Federal,Senate
T000464,Jon Tester,118,2022,2.466437,Federal,Senate
T000468,Dina Titus,1995-1996,1995,3.154988,State,Upper
T000468,Dina Titus,1997-1998,1997,3.036116,State,Upper
T000468,Dina Titus,1999-2000,1999,2.239102,State,Upper
T000468,Dina Titus,2001-2002,2001,1.407769,State,Upper
T000468,Dina Titus,2003-2004,2003,2.264325,State,Upper
T000468,Dina Titus,2005-2006,2005,1.916637,State,Upper
T000468,Dina Titus,2007-2008,2007,1.751184,State,Upper
T000468,Dina Titus,111,2009,0.852006,Federal,House
T000468,Dina Titus,113,2013,1.178962,Federal,House
T000468,Dina Titus,114,2015,0.579062,Federal,House
T000468,Dina Titus,115,2017,0.191406,Federal,House
T000468,Dina Titus,116,2019,1.738578,Federal,House
T000468,Dina Titus,117,2021,2.210022,Federal,House
T000468,Dina Titus,118,2023,1.6322,Federal,House
T000469,Paul Tonko,1999-2000,1999,2.114659,State,Lower
T000469,Paul Tonko,2001-2002,2001,2.130795,State,Lower
T000469,Paul Tonko,2003-2004,2003,2.241616,State,Lower
T000469,Paul Tonko,2005-2006,2005,2.704229,State,Lower
T000469,Paul Tonko,2007-2008,2007,1.079314,State,Lower
T000469,Paul Tonko,111,2009,1.433116,Federal,House
T000469,Paul Tonko,112,2011,0.254999,Federal,House
T000469,Paul Tonko,113,2013,0.201056,Federal,House
T000469,Paul Tonko,114,2015,0.164786,Federal,House
T000469,Paul Tonko,115,2017,0.804479,Federal,House
T000469,Paul Tonko,116,2019,2.492619,Federal,House
T000469,Paul Tonko,117,2021,1.372521,Federal,House
T000469,Paul Tonko,118,2023,0.391811,Federal,House
T000470,Scott Tipton,2009-2010,2009,0.3533,State,Lower
T000470,Scott Tipton,112,2011,1.669982,Federal,House
T000470,Scott Tipton,113,2013,2.787441,Federal,House
T000470,Scott Tipton,114,2015,0.956917,Federal,House
T000470,Scott Tipton,115,2017,3.988283,Federal,House
T000470,Scott Tipton,116,2019,1.748531,Federal,House
T000473,Mark Takai,1999-2000,1999,1.259653,State,Lower
T000473,Mark Takai,2001-2002,2001,1.2579,State,Lower
T000473,Mark Takai,2003-2004,2003,2.460082,State,Lower
T000473,Mark Takai,2005-2006,2005,0.823216,State,Lower
T000473,Mark Takai,2007-2008,2007,0.242183,State,Lower
T000473,Mark Takai,2009-2010,2009,0.54795,State,Lower
T000473,Mark Takai,2011-2012,2011,0.665276,State,Lower
T000473,Mark Takai,2013-2014,2013,1.070434,State,Lower
T000473,Mark Takai,114,2015,0.096125,Federal,House
T000474,Norma Torres,2009-2010,2009,0.897595,State,Lower
T000474,Norma Torres,2011-2012,2011,1.233602,State,Lower
T000474,Norma Torres,2013-2014,2013,0.602325,State,Lower
T000474,Norma Torres,2013-2014,2013,0.724905,State,Upper
T000474,Norma Torres,114,2015,0.393485,Federal,House
T000474,Norma Torres,115,2017,0.702865,Federal,House
T000474,Norma Torres,116,2019,0.783874,Federal,House
T000474,Norma Torres,117,2021,0.245105,Federal,House
T000474,Norma Torres,118,2023,0.299052,Federal,House
T000476,Thom Tillis,2007-2008,2007,0.477663,State,Lower
T000476,Thom Tillis,2009-2010,2009,1.090943,State,Lower
T000476,Thom Tillis,2011-2012,2011,0.0,State,Lower
T000476,Thom Tillis,2013-2014,2013,0.338342,State,Lower
T000476,Thom Tillis,114,2014,0.371702,Federal,Senate
T000476,Thom Tillis,115,2016,0.569442,Federal,Senate
T000476,Thom Tillis,116,2018,0.737398,Federal,Senate
T000476,Thom Tillis,117,2020,0.793543,Federal,Senate
T000476,Thom Tillis,118,2022,0.47249,Federal,Senate
T000477,Scott Taylor,2014-2015,2014,0.783418,State,Lower
T000477,Scott Taylor,2016-2017,2016,0.431428,State,Lower
T000477,Scott Taylor,115,2017,1.367009,Federal,House
T000478,Claudia Tenney,2011-2012,2011,0.384428,State,Lower
T000478,Claudia Tenney,2013-2014,2013,0.74028,State,Lower
T000478,Claudia Tenney,2015-2016,2015,0.844412,State,Lower
T000478,Claudia Tenney,115,2017,1.190976,Federal,House
T000478,Claudia Tenney,117,2021,0.41895,Federal,House
T000478,Claudia Tenney,118,2023,1.878664,Federal,House
T000479,Van Taylor,2011-2012,2011,0.425904,State,Lower
T000479,Van Taylor,2013-2014,2013,0.720034,State,Lower
T000479,Van Taylor,2015-2016,2015,1.093171,State,Upper
T000479,Van Taylor,2017-2018,2017,1.193919,State,Upper
T000479,Van Taylor,116,2019,0.358438,Federal,House
T000479,Van Taylor,117,2021,0.239835,Federal,House
T000480,William Timmons,2017-2018,2017,0.824354,State,Upper
T000480,William Timmons,116,2019,0.22731,Federal,House
T000480,William Timmons,117,2021,0.210106,Federal,House
T000480,William Timmons,118,2023,0.338494,Federal,House
T000481,Rashida Tlaib,2009-2010,2009,1.504287,State,Lower
T000481,Rashida Tlaib,2011-2012,2011,0.712886,State,Lower
T000481,Rashida Tlaib,2013-2014,2013,0.529271,State,Lower
T000481,Rashida Tlaib,116,2019,1.410513,Federal,House
T000481,Rashida Tlaib,117,2021,0.643317,Federal,House
T000481,Rashida Tlaib,118,2023,0.181727,Federal,House
T000487,Jill Tokuda,2007-2008,2007,0.517489,State,Upper
T000487,Jill Tokuda,2009-2010,2009,0.67282,State,Upper
T000487,Jill Tokuda,2011-2012,2011,1.355809,State,Upper
T000487,Jill Tokuda,2013-2014,2013,1.031029,State,Upper
T000487,Jill Tokuda,2015-2016,2015,1.532263,State,Upper
T000487,Jill Tokuda,2017-2018,2017,1.178936,State,Upper
T000487,Jill Tokuda,118,2023,2.211021,Federal,House
T000488,Shri Thanedar,2021-2022,2021,0.328016,State,Lower
T000488,Shri Thanedar,118,2023,0.302513,Federal,House
T000489,Sylvester Turner,1989-1990,1989,0.451834,State,Lower
T000489,Sylvester Turner,1991-1992,1991,0.662293,State,Lower
T000489,Sylvester Turner,1993-1994,1993,1.844211,State,Lower
T000489,Sylvester Turner,1995-1996,1995,2.947481,State,Lower
T000489,Sylvester Turner,1997-1998,1997,1.360287,State,Lower
T000489,Sylvester Turner,1999-2000,1999,0.946528,State,Lower
T000489,Sylvester Turner,2001-2002,2001,1.737539,State,Lower
T000489,Sylvester Turner,2003-2004,2003,0.707928,State,Lower
T000489,Sylvester Turner,2005-2006,2005,1.530722,State,Lower
T000489,Sylvester Turner,2007-2008,2007,1.719999,State,Lower
T000489,Sylvester Turner,2009-2010,2009,1.730682,State,Lower
T000489,Sylvester Turner,2011-2012,2011,0.988751,State,Lower
T000489,Sylvester Turner,2013-2014,2013,1.085017,State,Lower
T000489,Sylvester Turner,2015-2016,2015,0.9849,State,Lower
U000017,Jolene Unsoeld,101,1989,2.006286,Federal,House
U000017,Jolene Unsoeld,102,1991,0.874263,Federal,House
U000017,Jolene Unsoeld,103,1993,2.399266,Federal,House
U000038,Mark Udall,106,1999,0.473107,Federal,House
U000038,Mark Udall,107,2001,1.93668,Federal,House
U000038,Mark Udall,108,2003,1.294716,Federal,House
U000038,Mark Udall,109,2005,2.76781,Federal,House
U000038,Mark Udall,110,2007,2.934508,Federal,House
U000038,Mark Udall,111,2008,0.775644,Federal,Senate
U000038,Mark Udall,112,2010,1.160748,Federal,Senate
U000038,Mark Udall,113,2012,0.651815,Federal,Senate
V000027,Guy Vander Jagt,93,1973,0.211905,Federal,House
V000027,Guy Vander Jagt,94,1975,0.132991,Federal,House
V000027,Guy Vander Jagt,95,1977,0.594974,Federal,House
V000027,Guy Vander Jagt,96,1979,0.424037,Federal,House
V000027,Guy Vander Jagt,97,1981,0.629478,Federal,House
V000027,Guy Vander Jagt,98,1983,1.223445,Federal,House
V000027,Guy Vander Jagt,99,1985,0.395326,Federal,House
V000027,Guy Vander Jagt,100,1987,0.26973,Federal,House
V000027,Guy Vander Jagt,101,1989,0.42165,Federal,House
V000027,Guy Vander Jagt,102,1991,0.948074,Federal,House
V000087,Bruce Vento,95,1977,0.222312,Federal,House
V000087,Bruce Vento,96,1979,0.187985,Federal,House
V000087,Bruce Vento,97,1981,0.165385,Federal,House
V000087,Bruce Vento,98,1983,0.271296,Federal,House
V000087,Bruce Vento,99,1985,1.616597,Federal,House
V000087,Bruce Vento,100,1987,5.232674,Federal,House
V000087,Bruce Vento,101,1989,3.830745,Federal,House
V000087,Bruce Vento,102,1991,4.664815,Federal,House
V000087,Bruce Vento,103,1993,5.082379,Federal,House
V000087,Bruce Vento,104,1995,0.34474,Federal,House
V000087,Bruce Vento,105,1997,0.762871,Federal,House
V000087,Bruce Vento,106,1999,0.860178,Federal,House
V000112,Harold Volkmer,95,1977,0.029002,Federal,House
V000112,Harold Volkmer,96,1979,0.127353,Federal,House
V000112,Harold Volkmer,97,1981,0.51159,Federal,House
V000112,Harold Volkmer,98,1983,0.397194,Federal,House
V000112,Harold Volkmer,99,1985,0.276384,Federal,House
V000112,Harold Volkmer,100,1987,0.435447,Federal,House
V000112,Harold Volkmer,101,1989,0.857534,Federal,House
V000112,Harold Volkmer,102,1991,0.765588,Federal,House
V000112,Harold Volkmer,103,1993,0.455303,Federal,House
V000112,Harold Volkmer,104,1995,0.114784,Federal,House
V000126,George Voinovich,106,1998,1.189892,Federal,Senate
V000126,George Voinovich,107,2000,0.870884,Federal,Senate
V000126,George Voinovich,108,2002,1.975173,Federal,Senate
V000126,George Voinovich,109,2004,0.676438,Federal,Senate
V000126,George Voinovich,110,2006,1.541378,Federal,Senate
V000126,George Voinovich,111,2008,0.988584,Federal,Senate
V000127,David Vitter,1996-1999,1996,0.69047,State,Lower
V000127,David Vitter,106,1999,0.457686,Federal,House
V000127,David Vitter,107,2001,0.280926,Federal,House
V000127,David Vitter,108,2003,0.72397,Federal,House
V000127,David Vitter,109,2004,0.71654,Federal,Senate
V000127,David Vitter,110,2006,0.501908,Federal,Senate
V000127,David Vitter,111,2008,1.179832,Federal,Senate
V000127,David Vitter,112,2010,1.502057,Federal,Senate
V000127,David Vitter,113,2012,0.608556,Federal,Senate
V000127,David Vitter,114,2014,2.376406,Federal,Senate
V000128,Chris Van Hollen,1995-1998,1995,0.638563,State,Upper
V000128,Chris Van Hollen,1999-2002,1999,1.25594,State,Upper
V000128,Chris Van Hollen,108,2003,0.126179,Federal,House
V000128,Chris Van Hollen,109,2005,0.075692,Federal,House
V000128,Chris Van Hollen,110,2007,1.347264,Federal,House
V000128,Chris Van Hollen,111,2009,1.61189,Federal,House
V000128,Chris Van Hollen,112,2011,0.147631,Federal,House
V000128,Chris Van Hollen,113,2013,0.243704,Federal,House
V000128,Chris Van Hollen,114,2015,0.205983,Federal,House
V000128,Chris Van Hollen,115,2016,0.195038,Federal,Senate
V000128,Chris Van Hollen,116,2018,0.788606,Federal,Senate
V000128,Chris Van Hollen,117,2020,0.60043,Federal,Senate
V000128,Chris Van Hollen,118,2022,0.430814,Federal,Senate
V000129,David Valadao,2011-2012,2011,0.389789,State,Lower
V000129,David Valadao,113,2013,0.578016,Federal,House
V000129,David Valadao,114,2015,1.277934,Federal,House
V000129,David Valadao,115,2017,1.247885,Federal,House
V000129,David Valadao,117,2021,0.047136,Federal,House
V000129,David Valadao,118,2023,1.561576,Federal,House
V000130,Juan Vargas,2001-2002,2001,1.082232,State,Lower
V000130,Juan Vargas,2003-2004,2003,1.548834,State,Lower
V000130,Juan Vargas,2005-2006,2005,1.183511,State,Lower
V000130,Juan Vargas,2011-2012,2011,1.100086,State,Upper
V000130,Juan Vargas,113,2013,0.276626,Federal,House
V000130,Juan Vargas,114,2015,0.45116,Federal,House
V000130,Juan Vargas,115,2017,0.39859,Federal,House
V000130,Juan Vargas,116,2019,0.90624,Federal,House
V000130,Juan Vargas,117,2021,1.148827,Federal,House
V000130,Juan Vargas,118,2023,0.343067,Federal,House
V000131,Marc Veasey,2005-2006,2005,0.220371,State,Lower
V000131,Marc Veasey,2007-2008,2007,0.455474,State,Lower
V000131,Marc Veasey,2009-2010,2009,0.538423,State,Lower
V000131,Marc Veasey,2011-2012,2011,0.899248,State,Lower
V000131,Marc Veasey,113,2013,0.060926,Federal,House
V000131,Marc Veasey,114,2015,0.384501,Federal,House
V000131,Marc Veasey,115,2017,0.209375,Federal,House
V000131,Marc Veasey,116,2019,0.657788,Federal,House
V000131,Marc Veasey,117,2021,0.91015,Federal,House
V000131,Marc Veasey,118,2023,0.038076,Federal,House
V000133,Jeff Van Drew,2002-2003,2002,2.10524,State,Lower
V000133,Jeff Van Drew,2004-2005,2004,4.929996,State,Lower
V000133,Jeff Van Drew,2006-2007,2006,3.993981,State,Lower
V000133,Jeff Van Drew,2008-2009,2008,1.633259,State,Upper
V000133,Jeff Van Drew,2010-2011,2010,2.807861,State,Upper
V000133,Jeff Van Drew,2012-2013,2012,2.105908,State,Upper
V000133,Jeff Van Drew,2014-2015,2014,2.888092,State,Upper
V000133,Jeff Van Drew,2016-2017,2016,2.214521,State,Upper
V000133,Jeff Van Drew,2018-2019,2018,0.445565,State,Upper
V000133,Jeff Van Drew,116,2019,0.791056,Federal,House
V000133,Jeff Van Drew,117,2021,0.504758,Federal,House
V000133,Jeff Van Drew,118,2023,1.120499,Federal,House
W000038,Alton Waldon,99,1985,0.015369,Federal,House
W000092,Malcolm Wallop,95,1976,0.105341,Federal,Senate
W000092,Malcolm Wallop,96,1978,0.223469,Federal,Senate
W000092,Malcolm Wallop,97,1980,1.239511,Federal,Senate
W000092,Malcolm Wallop,98,1982,0.757573,Federal,Senate
W000092,Malcolm Wallop,99,1984,1.034411,Federal,Senate
W000092,Malcolm Wallop,100,1986,0.306872,Federal,Senate
W000092,Malcolm Wallop,101,1988,0.469196,Federal,Senate
W000092,Malcolm Wallop,102,1990,0.278299,Federal,Senate
W000092,Malcolm Wallop,103,1992,0.291097,Federal,Senate
W000139,Mike Ward,104,1995,0.038261,Federal,House
W000177,Craig Washington,101,1989,0.043026,Federal,House
W000177,Craig Washington,1989-1990,1989,0.566201,State,Upper
W000177,Craig Washington,102,1991,0.067912,Federal,House
W000177,Craig Washington,103,1993,0.144149,Federal,House
W000180,Harold Washington,97,1981,0.024582,Federal,House
W000180,Harold Washington,98,1983,0.100176,Federal,House
W000187,Maxine Waters,102,1991,0.192871,Federal,House
W000187,Maxine Waters,103,1993,0.529781,Federal,House
W000187,Maxine Waters,104,1995,0.710845,Federal,House
W000187,Maxine Waters,105,1997,0.289292,Federal,House
W000187,Maxine Waters,106,1999,0.215896,Federal,House
W000187,Maxine Waters,107,2001,0.429285,Federal,House
W000187,Maxine Waters,108,2003,0.302165,Federal,House
W000187,Maxine Waters,109,2005,0.285108,Federal,House
W000187,Maxine Waters,110,2007,3.850907,Federal,House
W000187,Maxine Waters,111,2009,3.91041,Federal,House
W000187,Maxine Waters,112,2011,0.713228,Federal,House
W000187,Maxine Waters,113,2013,0.213241,Federal,House
W000187,Maxine Waters,114,2015,0.384501,Federal,House
W000187,Maxine Waters,115,2017,0.57523,Federal,House
W000187,Maxine Waters,116,2019,2.836511,Federal,House
W000187,Maxine Waters,117,2021,3.468353,Federal,House
W000187,Maxine Waters,118,2023,1.285597,Federal,House
W000194,Wes Watkins,95,1977,0.04035,Federal,House
W000194,Wes Watkins,96,1979,0.165939,Federal,House
W000194,Wes Watkins,97,1981,0.266172,Federal,House
W000194,Wes Watkins,98,1983,0.257957,Federal,House
W000194,Wes Watkins,99,1985,0.686908,Federal,House
W000194,Wes Watkins,100,1987,0.733132,Federal,House
W000194,Wes Watkins,101,1989,0.5725,Federal,House
W000194,Wes Watkins,105,1997,0.529408,Federal,House
W000194,Wes Watkins,106,1999,0.403479,Federal,House
W000194,Wes Watkins,107,2001,1.034841,Federal,House
W000207,Melvin Watt,103,1993,0.0,Federal,House
W000207,Melvin Watt,104,1995,0.0,Federal,House
W000207,Melvin Watt,105,1997,0.130728,Federal,House
W000207,Melvin Watt,106,1999,0.115891,Federal,House
W000207,Melvin Watt,107,2001,0.41405,Federal,House
W000207,Melvin Watt,108,2003,0.140121,Federal,House
W000207,Melvin Watt,109,2005,0.014017,Federal,House
W000207,Melvin Watt,110,2007,0.530088,Federal,House
W000207,Melvin Watt,111,2009,0.985835,Federal,House
W000207,Melvin Watt,112,2011,0.764998,Federal,House
W000207,Melvin Watt,113,2013,0.319862,Federal,House
W000215,Henry Waxman,94,1975,0.081879,Federal,House
W000215,Henry Waxman,95,1977,0.157832,Federal,House
W000215,Henry Waxman,96,1979,9.707041,Federal,House
W000215,Henry Waxman,97,1981,7.301557,Federal,House
W000215,Henry Waxman,98,1983,11.419846,Federal,House
W000215,Henry Waxman,99,1985,12.427397,Federal,House
W000215,Henry Waxman,100,1987,10.438373,Federal,House
W000215,Henry Waxman,101,1989,9.5509,Federal,House
W000215,Henry Waxman,102,1991,7.697919,Federal,House
W000215,Henry Waxman,103,1993,7.668931,Federal,House
W000215,Henry Waxman,104,1995,0.095654,Federal,House
W000215,Henry Waxman,105,1997,0.189761,Federal,House
W000215,Henry Waxman,106,1999,0.278925,Federal,House
W000215,Henry Waxman,107,2001,0.321869,Federal,House
W000215,Henry Waxman,108,2003,0.664861,Federal,House
W000215,Henry Waxman,109,2005,0.999586,Federal,House
W000215,Henry Waxman,110,2007,4.712117,Federal,House
W000215,Henry Waxman,111,2009,4.172421,Federal,House
W000215,Henry Waxman,112,2011,0.110435,Federal,House
W000215,Henry Waxman,113,2013,0.109667,Federal,House
W000273,Jerry Weller,104,1995,0.586316,Federal,House
W000273,Jerry Weller,105,1997,0.500122,Federal,House
W000273,Jerry Weller,106,1999,1.72787,Federal,House
W000273,Jerry Weller,107,2001,1.535193,Federal,House
W000273,Jerry Weller,108,2003,0.65317,Federal,House
W000273,Jerry Weller,109,2005,0.759878,Federal,House
W000273,Jerry Weller,110,2007,0.525627,Federal,House
W000314,Robert Wexler,105,1997,0.054242,Federal,House
W000314,Robert Wexler,106,1999,0.095611,Federal,House
W000314,Robert Wexler,107,2001,0.333802,Federal,House
W000314,Robert Wexler,108,2003,0.13614,Federal,House
W000314,Robert Wexler,109,2005,0.072889,Federal,House
W000314,Robert Wexler,110,2007,0.958735,Federal,House
W000314,Robert Wexler,111,2009,0.461913,Federal,House
W000315,Robert Weygand,105,1997,0.498866,Federal,House
W000315,Robert Weygand,106,1999,0.27758,Federal,House
W000326,Alan Wheat,98,1983,0.013643,Federal,House
W000326,Alan Wheat,99,1985,0.018443,Federal,House
W000326,Alan Wheat,100,1987,0.031003,Federal,House
W000326,Alan Wheat,101,1989,0.538267,Federal,House
W000326,Alan Wheat,102,1991,0.291356,Federal,House
W000326,Alan Wheat,103,1993,1.51312,Federal,House
W000390,Richard C. White,93,1973,0.85718,Federal,House
W000390,Richard C. White,94,1975,3.700677,Federal,House
W000390,Richard C. White,95,1977,0.49536,Federal,House
W000390,Richard C. White,96,1979,2.178307,Federal,House
W000390,Richard C. White,97,1981,2.055053,Federal,House
W000413,Ed Whitfield,104,1995,1.290578,Federal,House
W000413,Ed Whitfield,105,1997,2.084746,Federal,House
W000413,Ed Whitfield,106,1999,0.329808,Federal,House
W000413,Ed Whitfield,107,2001,0.115492,Federal,House
W000413,Ed Whitfield,108,2003,0.71456,Federal,House
W000413,Ed Whitfield,109,2005,0.807489,Federal,House
W000413,Ed Whitfield,110,2007,0.100269,Federal,House
W000413,Ed Whitfield,111,2009,0.446236,Federal,House
W000413,Ed Whitfield,112,2011,0.886789,Federal,House
W000413,Ed Whitfield,113,2013,1.343071,Federal,House
W000413,Ed Whitfield,114,2015,0.871778,Federal,House
W000426,Robert Whittaker,96,1979,0.036695,Federal,House
W000426,Robert Whittaker,97,1981,0.017207,Federal,House
W000426,Robert Whittaker,98,1983,0.027286,Federal,House
W000426,Robert Whittaker,99,1985,0.117743,Federal,House
W000426,Robert Whittaker,100,1987,1.253644,Federal,House
W000426,Robert Whittaker,101,1989,0.074578,Federal,House
W000428,Jamie Whitten,93,1973,2.583177,Federal,House
W000428,Jamie Whitten,94,1975,1.852165,Federal,House
W000428,Jamie Whitten,95,1977,1.803645,Federal,House
W000428,Jamie Whitten,96,1979,4.973474,Federal,House
W000428,Jamie Whitten,97,1981,7.396232,Federal,House
W000428,Jamie Whitten,98,1983,5.930302,Federal,House
W000428,Jamie Whitten,99,1985,5.012764,Federal,House
W000428,Jamie Whitten,100,1987,3.370464,Federal,House
W000428,Jamie Whitten,101,1989,4.378481,Federal,House
W000428,Jamie Whitten,102,1991,9.072679,Federal,House
W000428,Jamie Whitten,103,1993,0.095024,Federal,House
W000437,Roger Wicker,104,1995,0.061218,Federal,House
W000437,Roger Wicker,105,1997,0.072323,Federal,House
W000437,Roger Wicker,106,1999,0.177576,Federal,House
W000437,Roger Wicker,107,2001,1.302693,Federal,House
W000437,Roger Wicker,108,2003,0.813177,Federal,House
W000437,Roger Wicker,109,2005,0.126154,Federal,House
W000437,Roger Wicker,110,2006,0.049128,Federal,Senate
W000437,Roger Wicker,110,2007,0.012534,Federal,House
W000437,Roger Wicker,111,2008,0.150988,Federal,Senate
W000437,Roger Wicker,112,2010,0.638387,Federal,Senate
W000437,Roger Wicker,113,2012,0.367777,Federal,Senate
W000437,Roger Wicker,114,2014,2.196809,Federal,Senate
W000437,Roger Wicker,115,2016,2.176018,Federal,Senate
W000437,Roger Wicker,116,2018,3.558171,Federal,Senate
W000437,Roger Wicker,117,2020,1.461194,Federal,Senate
W000437,Roger Wicker,118,2022,0.718151,Federal,Senate
W000520,Pat Williams,96,1979,0.400148,Federal,House
W000520,Pat Williams,97,1981,0.378847,Federal,House
W000520,Pat Williams,98,1983,0.955363,Federal,House
W000520,Pat Williams,99,1985,6.909595,Federal,House
W000520,Pat Williams,100,1987,4.553115,Federal,House
W000520,Pat Williams,101,1989,4.232951,Federal,House
W000520,Pat Williams,102,1991,2.250763,Federal,House
W000520,Pat Williams,103,1993,3.976963,Federal,House
W000520,Pat Williams,104,1995,0.961246,Federal,House
W000570,Charlie Wilson,93,1973,2.529128,Federal,House
W000570,Charlie Wilson,94,1975,1.932584,Federal,House
W000570,Charlie Wilson,95,1977,1.219021,Federal,House
W000570,Charlie Wilson,96,1979,3.239529,Federal,House
W000570,Charlie Wilson,97,1981,0.361249,Federal,House
W000570,Charlie Wilson,98,1983,1.212857,Federal,House
W000570,Charlie Wilson,99,1985,0.687504,Federal,House
W000570,Charlie Wilson,100,1987,0.821464,Federal,House
W000570,Charlie Wilson,101,1989,0.504646,Federal,House
W000570,Charlie Wilson,102,1991,0.365377,Federal,House
W000570,Charlie Wilson,103,1993,0.338344,Federal,House
W000570,Charlie Wilson,104,1995,0.436322,Federal,House
W000607,Pete Wilson,98,1982,0.581762,Federal,Senate
W000607,Pete Wilson,99,1984,0.694875,Federal,Senate
W000607,Pete Wilson,100,1986,0.218616,Federal,Senate
W000607,Pete Wilson,101,1988,0.199385,Federal,Senate
W000654,Bob Wise,98,1983,0.139159,Federal,House
W000654,Bob Wise,99,1985,0.233611,Federal,House
W000654,Bob Wise,100,1987,0.194019,Federal,House
W000654,Bob Wise,101,1989,1.025711,Federal,House
W000654,Bob Wise,102,1991,0.465197,Federal,House
W000654,Bob Wise,103,1993,1.158285,Federal,House
W000654,Bob Wise,104,1995,0.084175,Federal,House
W000654,Bob Wise,105,1997,0.162727,Federal,House
W000654,Bob Wise,106,1999,0.107948,Federal,House
W000682,Howard Wolpe,96,1979,0.012951,Federal,House
W000682,Howard Wolpe,97,1981,0.106388,Federal,House
W000682,Howard Wolpe,98,1983,0.259599,Federal,House
W000682,Howard Wolpe,99,1985,0.064551,Federal,House
W000682,Howard Wolpe,100,1987,0.435447,Federal,House
W000682,Howard Wolpe,101,1989,1.122749,Federal,House
W000682,Howard Wolpe,102,1991,0.095077,Federal,House
W000763,Jim Wright,93,1973,0.803003,Federal,House
W000763,Jim Wright,94,1975,0.645554,Federal,House
W000763,Jim Wright,95,1977,0.545243,Federal,House
W000763,Jim Wright,96,1979,1.586515,Federal,House
W000763,Jim Wright,97,1981,0.828023,Federal,House
W000763,Jim Wright,98,1983,0.210788,Federal,House
W000763,Jim Wright,99,1985,2.778964,Federal,House
W000763,Jim Wright,100,1987,0.0,Federal,House
W000763,Jim Wright,101,1989,0.0,Federal,House
W000777,Joseph P. Wyatt Jr.,96,1979,0.251998,Federal,House
W000784,Albert Wynn,103,1993,0.109679,Federal,House
W000784,Albert Wynn,104,1995,0.261,Federal,House
W000784,Albert Wynn,105,1997,0.327192,Federal,House
W000784,Albert Wynn,106,1999,0.144958,Federal,House
W000784,Albert Wynn,107,2001,0.296123,Federal,House
W000784,Albert Wynn,108,2003,0.20255,Federal,House
W000784,Albert Wynn,109,2005,0.156991,Federal,House
W000784,Albert Wynn,110,2007,0.35189,Federal,House
W000788,Nikema Williams,2017-2018,2017,0.046875,State,Upper
W000788,Nikema Williams,2019-2020,2019,0.111849,State,Upper
W000788,Nikema Williams,117,2021,1.713467,Federal,House
W000788,Nikema Williams,118,2023,0.488732,Federal,House
W000791,Greg Walden,106,1999,1.604823,Federal,House
W000791,Greg Walden,107,2001,3.246711,Federal,House
W000791,Greg Walden,108,2003,3.324747,Federal,House
W000791,Greg Walden,109,2005,2.715096,Federal,House
W000791,Greg Walden,110,2007,0.342084,Federal,House
W000791,Greg Walden,111,2009,0.404276,Federal,House
W000791,Greg Walden,112,2011,0.876194,Federal,House
W000791,Greg Walden,113,2013,2.491586,Federal,House
W000791,Greg Walden,114,2015,1.566287,Federal,House
W000791,Greg Walden,115,2017,4.165908,Federal,House
W000791,Greg Walden,116,2019,0.69536,Federal,House
W000794,Diane Watson,1993-1994,1993,1.219001,State,Upper
W000794,Diane Watson,1995-1996,1995,1.087193,State,Upper
W000794,Diane Watson,1997-1998,1997,0.86006,State,Upper
W000794,Diane Watson,107,2001,0.165024,Federal,House
W000794,Diane Watson,108,2003,0.697743,Federal,House
W000794,Diane Watson,109,2005,0.194578,Federal,House
W000794,Diane Watson,110,2007,1.173257,Federal,House
W000794,Diane Watson,111,2009,1.367103,Federal,House
W000795,Joe Wilson,1989-1990,1989,0.788031,State,Upper
W000795,Joe Wilson,1991-1992,1991,1.331192,State,Upper
W000795,Joe Wilson,1993-1994,1993,1.305419,State,Upper
W000795,Joe Wilson,1995-1996,1995,1.578024,State,Upper
W000795,Joe Wilson,1997-1998,1997,2.073425,State,Upper
W000795,Joe Wilson,1999-2000,1999,1.207807,State,Upper
W000795,Joe Wilson,107,2001,0.245123,Federal,House
W000795,Joe Wilson,2001-2002,2001,2.329405,State,Upper
W000795,Joe Wilson,108,2003,1.053358,Federal,House
W000795,Joe Wilson,109,2005,0.678304,Federal,House
W000795,Joe Wilson,110,2007,0.495773,Federal,House
W000795,Joe Wilson,111,2009,0.296517,Federal,House
W000795,Joe Wilson,112,2011,0.416051,Federal,House
W000795,Joe Wilson,113,2013,0.076158,Federal,House
W000795,Joe Wilson,114,2015,0.098872,Federal,House
W000795,Joe Wilson,115,2017,0.818184,Federal,House
W000795,Joe Wilson,116,2019,0.888874,Federal,House
W000795,Joe Wilson,117,2021,0.762526,Federal,House
W000795,Joe Wilson,118,2023,1.18364,Federal,House
W000796,Lynn Westmoreland,2001-2002,2001,0.611908,State,Lower
W000796,Lynn Westmoreland,2003-2004,2003,1.209273,State,Lower
W000796,Lynn Westmoreland,109,2005,0.0,Federal,House
W000796,Lynn Westmoreland,110,2007,0.675238,Federal,House
W000796,Lynn Westmoreland,111,2009,0.0,Federal,House
W000796,Lynn Westmoreland,112,2011,0.912682,Federal,House
W000796,Lynn Westmoreland,113,2013,0.920877,Federal,House
W000796,Lynn Westmoreland,114,2015,0.485457,Federal,House
W000797,Debbie Wasserman Schultz,2001-2002,2001,0.669713,State,Upper
W000797,Debbie Wasserman Schultz,2003-2004,2003,0.6514,State,Upper
W000797,Debbie Wasserman Schultz,109,2005,0.070085,Federal,House
W000797,Debbie Wasserman Schultz,110,2007,1.155263,Federal,House
W000797,Debbie Wasserman Schultz,111,2009,2.181019,Federal,House
W000797,Debbie Wasserman Schultz,112,2011,0.520199,Federal,House
W000797,Debbie Wasserman Schultz,113,2013,1.396356,Federal,House
W000797,Debbie Wasserman Schultz,114,2015,0.082393,Federal,House
W000797,Debbie Wasserman Schultz,115,2017,0.147794,Federal,House
W000797,Debbie Wasserman Schultz,116,2019,0.917898,Federal,House
W000797,Debbie Wasserman Schultz,117,2021,0.560319,Federal,House
W000797,Debbie Wasserman Schultz,118,2023,1.109727,Federal,House
W000798,Tim Walberg,1995-1996,1995,0.384667,State,Lower
W000798,Tim Walberg,1997-1998,1997,0.668884,State,Lower
W000798,Tim Walberg,110,2007,0.25028,Federal,House
W000798,Tim Walberg,112,2011,0.470903,Federal,House
W000798,Tim Walberg,113,2013,1.517026,Federal,House
W000798,Tim Walberg,114,2015,2.092766,Federal,House
W000798,Tim Walberg,115,2017,2.510294,Federal,House
W000798,Tim Walberg,116,2019,0.766577,Federal,House
W000798,Tim Walberg,117,2021,0.451966,Federal,House
W000798,Tim Walberg,118,2023,2.323416,Federal,House
W000800,Peter Welch,2001-2002,2001,0.0,State,Upper
W000800,Peter Welch,2003-2004,2003,0.961137,State,Upper
W000800,Peter Welch,2005-2006,2005,0.384015,State,Upper
W000800,Peter Welch,110,2007,1.51115,Federal,House
W000800,Peter Welch,111,2009,2.053583,Federal,House
W000800,Peter Welch,112,2011,0.335525,Federal,House
W000800,Peter Welch,113,2013,0.799211,Federal,House
W000800,Peter Welch,114,2015,0.247179,Federal,House
W000800,Peter Welch,115,2017,0.593004,Federal,House
W000800,Peter Welch,116,2019,1.066514,Federal,House
W000800,Peter Welch,117,2021,0.263959,Federal,House
W000800,Peter Welch,118,2022,0.427443,Federal,Senate
W000801,Charlie Wilson,1997-1998,1997,0.024083,State,Lower
W000801,Charlie Wilson,1999-2000,1999,0.484009,State,Lower
W000801,Charlie Wilson,2001-2002,2001,0.059942,State,Lower
W000801,Charlie Wilson,2003-2004,2003,0.33488,State,Lower
W000801,Charlie Wilson,2005-2006,2005,0.390288,State,Upper
W000801,Charlie Wilson,110,2007,0.052641,Federal,House
W000801,Charlie Wilson,2007-2008,2007,0.154171,State,Upper
W000801,Charlie Wilson,111,2009,0.374275,Federal,House
W000804,Rob Wittman,2006-2007,2006,1.315976,State,Lower
W000804,Rob Wittman,110,2007,0.200145,Federal,House
W000804,Rob Wittman,111,2009,1.383561,Federal,House
W000804,Rob Wittman,112,2011,1.170544,Federal,House
W000804,Rob Wittman,113,2013,1.371593,Federal,House
W000804,Rob Wittman,114,2015,0.584674,Federal,House
W000804,Rob Wittman,115,2017,0.737605,Federal,House
W000804,Rob Wittman,116,2019,0.619897,Federal,House
W000804,Rob Wittman,117,2021,0.263959,Federal,House
W000804,Rob Wittman,118,2023,1.096356,Federal,House
W000806,Daniel Webster,2001-2002,2001,0.205879,State,Upper
W000806,Daniel Webster,2003-2004,2003,1.844077,State,Upper
W000806,Daniel Webster,2005-2006,2005,0.960287,State,Upper
W000806,Daniel Webster,2007-2008,2007,0.321569,State,Upper
W000806,Daniel Webster,112,2011,0.026842,Federal,House
W000806,Daniel Webster,113,2013,0.045695,Federal,House
W000806,Daniel Webster,114,2015,0.041197,Federal,House
W000806,Daniel Webster,115,2017,0.364287,Federal,House
W000806,Daniel Webster,116,2019,0.039761,Federal,House
W000806,Daniel Webster,117,2021,0.037708,Federal,House
W000806,Daniel Webster,118,2023,0.043268,Federal,House
W000808,Frederica Wilson,2001-2002,2001,0.53486,State,Lower
W000808,Frederica Wilson,2003-2004,2003,0.295177,State,Upper
W000808,Frederica Wilson,2005-2006,2005,0.518136,State,Upper
W000808,Frederica Wilson,2007-2008,2007,0.763475,State,Upper
W000808,Frederica Wilson,2009-2010,2009,0.428985,State,Upper
W000808,Frederica Wilson,112,2011,0.147631,Federal,House
W000808,Frederica Wilson,2011-2012,2011,0.00458,State,Upper
W000808,Frederica Wilson,113,2013,0.298463,Federal,House
W000808,Frederica Wilson,114,2015,0.459242,Federal,House
W000808,Frederica Wilson,115,2017,0.147794,Federal,House
W000808,Frederica Wilson,116,2019,0.228623,Federal,House
W000808,Frederica Wilson,117,2021,0.141407,Federal,House
W000808,Frederica Wilson,118,2023,0.147112,Federal,House
W000813,Jackie Walorski,2005-2006,2005,1.625223,State,Lower
W000813,Jackie Walorski,2007-2008,2007,0.159413,State,Lower
W000813,Jackie Walorski,2009-2010,2009,0.110865,State,Lower
W000813,Jackie Walorski,113,2013,0.407073,Federal,House
W000813,Jackie Walorski,114,2015,1.688425,Federal,House
W000813,Jackie Walorski,115,2017,1.034845,Federal,House
W000813,Jackie Walorski,116,2019,0.139162,Federal,House
W000813,Jackie Walorski,117,2021,0.179115,Federal,House
W000814,Randy Weber,2009-2010,2009,0.666616,State,Lower
W000814,Randy Weber,2011-2012,2011,0.660916,State,Lower
W000814,Randy Weber,113,2013,0.076158,Federal,House
W000814,Randy Weber,114,2015,0.462146,Federal,House
W000814,Randy Weber,115,2017,0.587806,Federal,House
W000814,Randy Weber,116,2019,0.069581,Federal,House
W000814,Randy Weber,117,2021,0.113125,Federal,House
W000814,Randy Weber,118,2023,0.593733,Federal,House
W000820,Mimi Walters,2005-2006,2005,0.530614,State,Lower
W000820,Mimi Walters,2007-2008,2007,0.547964,State,Lower
W000820,Mimi Walters,2009-2010,2009,0.698087,State,Upper
W000820,Mimi Walters,2011-2012,2011,0.711031,State,Upper
W000820,Mimi Walters,2013-2014,2013,0.654077,State,Upper
W000820,Mimi Walters,114,2015,1.378064,Federal,House
W000820,Mimi Walters,2015-2016,2015,0.072717,State,Upper
W000820,Mimi Walters,115,2017,0.425868,Federal,House
W000821,Bruce Westerman,2011-2012,2011,0.963961,State,Lower
W000821,Bruce Westerman,2013-2014,2013,1.205518,State,Lower
W000821,Bruce Westerman,114,2015,0.55696,Federal,House
W000821,Bruce Westerman,115,2017,1.135211,Federal,House
W000821,Bruce Westerman,116,2019,0.180829,Federal,House
W000821,Bruce Westerman,117,2021,0.414258,Federal,House
W000821,Bruce Westerman,118,2023,2.02995,Federal,House
W000822,Bonnie Watson Coleman,1998-1999,1998,0.427666,State,Lower
W000822,Bonnie Watson Coleman,2000-2001,2000,0.495357,State,Lower
W000822,Bonnie Watson Coleman,2002-2003,2002,1.893582,State,Lower
W000822,Bonnie Watson Coleman,2004-2005,2004,2.315855,State,Lower
W000822,Bonnie Watson Coleman,2006-2007,2006,1.844464,State,Lower
W000822,Bonnie Watson Coleman,2008-2009,2008,3.621216,State,Lower
W000822,Bonnie Watson Coleman,2010-2011,2010,1.035653,State,Lower
W000822,Bonnie Watson Coleman,2012-2013,2012,0.985251,State,Lower
W000822,Bonnie Watson Coleman,2014-2015,2014,0.527821,State,Lower
W000822,Bonnie Watson Coleman,114,2015,1.125525,Federal,House
W000822,Bonnie Watson Coleman,115,2017,1.217561,Federal,House
W000822,Bonnie Watson Coleman,116,2019,0.716958,Federal,House
W000822,Bonnie Watson Coleman,117,2021,2.020067,Federal,House
W000822,Bonnie Watson Coleman,118,2023,0.558372,Federal,House
W000825,Jennifer Wexton,2014-2015,2014,0.749042,State,Upper
W000825,Jennifer Wexton,2016-2017,2016,1.550529,State,Upper
W000825,Jennifer Wexton,2018-2019,2018,0.413502,State,Upper
W000825,Jennifer Wexton,116,2019,2.114799,Federal,House
W000825,Jennifer Wexton,117,2021,0.547267,Federal,House
W000825,Jennifer Wexton,118,2023,1.637138,Federal,House
Y000014,Gus Yatron,93,1973,0.425451,Federal,House
Y000014,Gus Yatron,94,1975,0.115794,Federal,House
Y000014,Gus Yatron,95,1977,0.184097,Federal,House
Y000014,Gus Yatron,96,1979,0.118719,Federal,House
Y000014,Gus Yatron,97,1981,0.086037,Federal,House
Y000014,Gus Yatron,98,1983,0.109145,Federal,House
Y000014,Gus Yatron,99,1985,1.253434,Federal,House
Y000014,Gus Yatron,100,1987,0.404444,Federal,House
Y000014,Gus Yatron,101,1989,0.26658,Federal,House
Y000014,Gus Yatron,102,1991,0.948494,Federal,House
Y000031,C. Young,93,1973,0.475675,Federal,House
Y000031,C. Young,94,1975,0.466614,Federal,House
Y000031,C. Young,95,1977,0.334149,Federal,House
Y000031,C. Young,96,1979,0.620066,Federal,House
Y000031,C. Young,97,1981,0.695836,Federal,House
Y000031,C. Young,98,1983,0.328737,Federal,House
Y000031,C. Young,99,1985,0.212095,Federal,House
Y000031,C. Young,100,1987,0.015502,Federal,House
Y000031,C. Young,101,1989,0.10133,Federal,House
Y000031,C. Young,102,1991,0.084887,Federal,House
Y000031,C. Young,103,1993,0.015668,Federal,House
Y000031,C. Young,104,1995,2.467571,Federal,House
Y000031,C. Young,105,1997,3.485511,Federal,House
Y000031,C. Young,106,1999,2.977862,Federal,House
Y000031,C. Young,107,2001,4.045515,Federal,House
Y000031,C. Young,108,2003,6.19192,Federal,House
Y000031,C. Young,109,2005,2.784213,Federal,House
Y000031,C. Young,110,2007,0.01504,Federal,House
Y000031,C. Young,111,2009,0.248395,Federal,House
Y000031,C. Young,112,2011,1.725546,Federal,House
Y000031,C. Young,113,2013,1.830903,Federal,House
Y000033,Don Young,93,1973,1.179821,Federal,House
Y000033,Don Young,94,1975,0.994312,Federal,House
Y000033,Don Young,95,1977,0.755782,Federal,House
Y000033,Don Young,96,1979,1.614497,Federal,House
Y000033,Don Young,97,1981,1.051169,Federal,House
Y000033,Don Young,98,1983,2.368814,Federal,House
Y000033,Don Young,99,1985,3.561898,Federal,House
Y000033,Don Young,100,1987,2.707639,Federal,House
Y000033,Don Young,101,1989,1.263915,Federal,House
Y000033,Don Young,102,1991,2.363701,Federal,House
Y000033,Don Young,103,1993,3.043103,Federal,House
Y000033,Don Young,104,1995,13.183495,Federal,House
Y000033,Don Young,105,1997,10.113701,Federal,House
Y000033,Don Young,106,1999,8.151298,Federal,House
Y000033,Don Young,107,2001,15.763394,Federal,House
Y000033,Don Young,108,2003,16.300072,Federal,House
Y000033,Don Young,109,2005,15.302289,Federal,House
Y000033,Don Young,110,2007,3.58534,Federal,House
Y000033,Don Young,111,2009,1.873918,Federal,House
Y000033,Don Young,112,2011,4.129578,Federal,House
Y000033,Don Young,113,2013,6.301995,Federal,House
Y000033,Don Young,114,2015,2.977624,Federal,House
Y000033,Don Young,115,2017,5.935343,Federal,House
Y000033,Don Young,116,2019,2.028656,Federal,House
Y000033,Don Young,117,2021,3.886677,Federal,House
Y000047,Milton Young,93,1972,0.118672,Federal,Senate
Y000047,Milton Young,94,1974,0.240671,Federal,Senate
Y000047,Milton Young,95,1976,0.099681,Federal,Senate
Y000047,Milton Young,96,1978,0.082996,Federal,Senate
Y000051,Robert A. Young,95,1977,0.066208,Federal,House
Y000051,Robert A. Young,96,1979,0.206065,Federal,House
Y000051,Robert A. Young,97,1981,0.117994,Federal,House
Y000051,Robert A. Young,98,1983,0.916307,Federal,House
Y000051,Robert A. Young,99,1985,0.487774,Federal,House
Y000063,Kevin Yoder,112,2011,0.053684,Federal,House
Y000063,Kevin Yoder,113,2013,0.291858,Federal,House
Y000063,Kevin Yoder,114,2015,0.858046,Federal,House
Y000063,Kevin Yoder,115,2017,0.769439,Federal,House
Y000066,David Young,114,2015,1.549418,Federal,House
Y000066,David Young,115,2017,1.4036,Federal,House
Y000066,David Young,2023-2024,2023,1.220379,State,Lower
Z000001,Clement Zablocki,93,1973,0.043415,Federal,House
Z000001,Clement Zablocki,94,1975,0.57345,Federal,House
Z000001,Clement Zablocki,95,1977,5.681523,Federal,House
Z000001,Clement Zablocki,96,1979,7.835211,Federal,House
Z000001,Clement Zablocki,97,1981,4.700772,Federal,House
Z000001,Clement Zablocki,98,1983,0.954727,Federal,House
Z000008,Dick Zimmer,102,1991,0.346347,Federal,House
Z000008,Dick Zimmer,103,1993,0.391709,Federal,House
Z000008,Dick Zimmer,104,1995,2.596951,Federal,House
Z000017,Lee Zeldin,2011-2012,2011,1.124338,State,Upper
Z000017,Lee Zeldin,2013-2014,2013,1.181487,State,Upper
Z000017,Lee Zeldin,114,2015,1.544353,Federal,House
Z000017,Lee Zeldin,115,2017,1.788635,Federal,House
Z000017,Lee Zeldin,116,2019,0.840932,Federal,House
Z000017,Lee Zeldin,117,2021,0.094271,Federal,House
Z000018,Ryan Zinke,2009-2010,2009,0.961704,State,Upper
Z000018,Ryan Zinke,2011-2012,2011,1.223612,State,Upper
Z000018,Ryan Zinke,114,2015,1.471524,Federal,House
Z000018,Ryan Zinke,118,2023,0.589071,Federal,House
