Name,BioguideId,State,StateAbbr,StateLegChamber,StateLegYears,MinYear,MaxYear
Steve Austria,A000365,Ohio,OH,Ohio House of Representatives 1999-2000 (76th district); Ohio State Senate 2001-2008 (10th district),1999-2008,1999,2008
Sandy Adams,A000366,Florida,FL,Florida House of Representatives,2002-2010,2002,2010
Justin Amash,A000367,Michigan,MI,Michigan House of Representatives,2009-2011,2009,2011
Mark Amodei,A000369,Nevada,NV,Nevada Assembly (40th district) 1997-1999; Nevada State Senate (17th district) 1999-2011,1997-2011,1997,2011
Alma Adams,A000370,North Carolina,NC,NC House,1994-2014,1994,2014
Brad Ashford,A000373,Nebraska,NE,Nebraska Legislature (unicameral),1987-1995; 2007-2015,1987,2015
Kelly Armstrong,A000377,North Dakota,ND,North Dakota State Senate (District 36),2012-2018,2012,2018
James Barcia,B000134,Michigan,MI,Michigan House of Representatives (1977-1983); Michigan Senate (1983-1993; returned 2003-2011 after Congress),1977-1993 (first stint); 2003-2011 (second stint),1977,2011
Cliff Bentz,B000668,Oregon,OR,OR House 2008-2018; OR Senate 2018-2020,2008-2020,2008,2020
Stephanie Bice,B000740,Oklahoma,OK,Oklahoma Senate,2014-2020 (22nd district),2014,2020
John Bryant,B000997,Texas,TX,Texas House of Representatives,1974-1983; 2023-present (2nd stint),1974,2026
Peter Barca,B001226,Wisconsin,WI,Wisconsin State Assembly,1985-1993 (dist 64); 2009-2019 (dist 64; resigned Jan 2019),1985,2019
Jeb Bradley,B001246,New Hampshire,NH,New Hampshire House of Representatives (1990-2002); New Hampshire Senate (2009-2024; after House service),1990-2002 (pre-Congress); 2009-2024 (post-Congress),1990,2024
Max Burns,B001249,Georgia,GA,Georgia State Senate (23rd district) - served AFTER House service,2021-present,2021,2026
John Boccieri,B001263,Ohio,OH,Ohio House of Representatives 2001-2006 (61st district); Ohio State Senate 2007-2008 (33rd district),2001-2008,2001,2008
Scott Brown,B001268,Massachusetts,MA,Massachusetts House of Representatives (1998-2004); Massachusetts Senate (2004-2010),1998-2010,1998,2010
Karen Bass,B001270,California,CA,CA State Assembly (47th district; Speaker 2008-2010),2004-2010,2004,2010
Rick Berg,B001272,North Dakota,ND,North Dakota House of Representatives,1985-2010,1985,2010
Diane Black,B001273,Tennessee,TN,Tennessee House of Representatives (1999-2005); Tennessee Senate (2005-2010),TN House dist 45 1999-2005 (3 terms); TN Senate dist 18 2005-2010 (~1 term/5.5 yrs),1999,2010
Suzanne Bonamici,B001278,Oregon,OR,OR House 2007-08 (1 term); OR Senate 2008-2012 (~2 terms),2007-2012,2007,2012
Joyce Beatty,B001281,Ohio,OH,Ohio House of Representatives (27th district),1999-2008,1999,2008
Julia Brownley,B001285,California,CA,CA State Assembly (41st district),2006-2012,2006,2012
Mike Bost,B001295,Illinois,IL,Illinois House of Representatives,1995-2015 (district 115),1995,2015
Brendan Boyle,B001296,Pennsylvania,PA,PA House of Representatives,2009-2015,2009,2015
Jim Banks,B001299,Indiana,IN,Indiana State Senate,2010-2016,2010,2016
Andy Biggs,B001302,Arizona,AZ,Arizona House of Representatives (22nd district); Arizona Senate (22nd; then 12th district; Senate President 2013-17),2003-2011; 2011-2017,2003,2017
Troy Balderson,B001306,Ohio,OH,Ohio House of Representatives 2009-2011 (94th district); Ohio State Senate 2011-2018 (20th district),2009-2018,2009,2018
Jim Baird,B001307,Indiana,IN,Indiana House of Representatives (District 44),2010-2018,2010,2018
Tim Burchett,B001309,Tennessee,TN,Tennessee House of Representatives (1995-1998); Tennessee Senate (1999-2010),TN House dist 18 1995-1998 (2 terms); TN Senate dist 7 1999-2010 (3 terms),1995,2010
Mike Braun,B001310,Indiana,IN,Indiana House of Representatives,2014-2017,2014,2017
Dan Bishop,B001311,North Carolina,NC,NC House 2015-2017; NC Senate 2017-2019,2015-2019,2015,2019
Aaron Bean,B001314,Florida,FL,Florida House of Representatives (12th district); Florida Senate (4th district),2000-2008; 2012-2022,2000,2022
Eric Burlison,B001316,Missouri,MO,Missouri House of Representatives (2009-2016); Missouri Senate (2019-2023),2009-2023,2009,2023
Josh Brecheen,B001317,Oklahoma,OK,Oklahoma Senate,2010-2018,2010,2018
Becca Balint,B001318,Vermont,VT,Vermont Senate,2015-2023 (Windham County),2015,2023
Tom Barrett,B001321,Michigan,MI,Michigan Senate,2019-2023,2019,2023
Michael Baumgartner,B001322,Washington,WA,Washington State Senate,January 2011-January 2019; dist 6 (2 terms),2011,2019
Janelle Bynum,B001326,Oregon,OR,OR House,2017-2025,2017,2025
Hansen Clarke,C001085,Michigan,MI,Michigan House of Representatives (1991-1992; 1999-2002; non-consecutive); Michigan Senate (2003-2010),1991-1992; 1999-2010,1991,2010
Joaquin Castro,C001091,Texas,TX,Texas House of Representatives,2003-2013,2003,2013
Doug Collins,C001093,Georgia,GA,Georgia House of Representatives (27th district),2007-2013,2007,2013
Paul Cook,C001094,California,CA,CA State Assembly (65th district),2006-2012,2006,2012
Katherine Clark,C001101,Massachusetts,MA,Massachusetts House of Representatives (2008-2011); Massachusetts Senate (2011-2013),2008-2013,2008,2013
Buddy Carter,C001103,Georgia,GA,Georgia House of Representatives (159th district); Georgia State Senate (1st district),2005-2009; 2009-2014,2005,2014
Barbara Comstock,C001105,Virginia,VA,Virginia House of Delegates,January 2010-November 2014; dist 34 (3 terms),2010,2014
James Comer,C001108,Kentucky,KY,Kentucky House of Representatives (53rd district),2001-2012,2001,2012
Lou Correa,C001110,California,CA,CA State Assembly (69th district); CA State Senate (34th district),Assembly 1998-2006; Senate 2006-2014,1998,2014
Ben Cline,C001118,Virginia,VA,Virginia House of Delegates,November 2002-December 2018; dist 24 (8 terms),2002,2018
Troy Carter,C001125,Louisiana,LA,Louisiana House of Representatives (102nd district 1992-1994); Louisiana Senate (7th district 2016-2021; Minority Leader),1992-1994 and 2016-2021,1992,2021
Jasmine Crockett,C001130,Texas,TX,Texas House of Representatives,2021-2023,2021,2023
Yadira Caraveo,C001134,Colorado,CO,Colorado House of Representatives district 31,2019-2023,2019,2023
Herb Conaway,C001136,New Jersey,NJ,New Jersey General Assembly (7th district),1998-2025,1998,2025
Byron Donalds,D000032,Florida,FL,Florida House of Representatives (80th district),2016-2020,2016,2020
Don Davis,D000230,North Carolina,NC,NC Senate 2009-2011 and 2013-2023 (non-continuous),2009-2011; 2013-2023,2009,2023
Roy Dyson,D000593,Maryland,MD,Maryland House of Delegates (29th district 1975-1980); Maryland Senate (29th district 1995-2015 - after House career),1975-1980 and 1995-2015,1975,2015
Ted Deutch,D000610,Florida,FL,Florida State Senate (30th district),2006-2010,2006,2010
Jeff Duncan,D000615,South Carolina,SC,South Carolina House of Representatives,2003-2010 (District 15),2003,2010
Mark DeSaulnier,D000623,California,CA,CA State Assembly (11th district); CA State Senate (7th district),Assembly 2006-2008; Senate 2008-2015,2006,2015
Madeleine Dean,D000631,Pennsylvania,PA,PA House of Representatives,2012-2018,2012,2018
Maxine Dexter,D000635,Oregon,OR,OR House,2020-2024,2020,2024
Jake Ellzey,E000071,Texas,TX,Texas House of Representatives,January-July 2021,2021,2021
Chuck Edwards,E000246,North Carolina,NC,NC Senate,2016-2023,2016,2023
Elizabeth Esty,E000293,Connecticut,CT,Connecticut House of Representatives district 103,2009-2011,2009,2011
Tom Emmer,E000294,Minnesota,MN,Minnesota House of Representatives,2005-2011,2005,2011
Joni Ernst,E000295,Iowa,IA,Iowa State Senate,2011-2014,2011,2014
Dwight Evans,E000296,Pennsylvania,PA,PA House of Representatives,1981-2016,1981,2016
Adriano Espaillat,E000297,New York,NY,New York State Assembly (1997-2010; 72nd district); New York State Senate (2011-2016; 31st district),1997-2016,1997,2016
Gabe Evans,E000300,Colorado,CO,Colorado House of Representatives district 48,2023-2025,2023,2025
Sarah Elfreth,E000301,Maryland,MD,Maryland Senate (30th district),2019-2025,2019,2025
Cleo Fields,F000110,Louisiana,LA,Louisiana Senate (14th district; three separate stints),1988-1993 and 1997-2008 and 2020-2025,1988,2025
Pat Fallon,F000246,Texas,TX,Texas House of Representatives; Texas Senate,2013-2019 (House district 106); 2019-2021 (Senate district 30),2013,2021
Randy Feenstra,F000446,Iowa,IA,Iowa Senate (2nd district),2009-2021,2009,2021
Deb Fischer,F000463,Nebraska,NE,Nebraska Legislature (unicameral),2005-2013,2005,2013
Abby Finkenauer,F000467,Iowa,IA,Iowa House of Representatives (99th district),2015-2019,2015,2019
Russ Fulcher,F000469,Idaho,ID,Idaho Senate,2005-2014 (District 21 then 22),2005,2014
Michelle Fischbach,F000470,Minnesota,MN,Minnesota Senate,1996-2018,1996,2018
Scott Fitzgerald,F000471,Wisconsin,WI,Wisconsin Senate,1995-2021 (dist 13),1995,2021
Mike Flood,F000474,Nebraska,NE,Nebraska Legislature (unicameral),2005-2013; 2021-2022,2005,2022
Brad Finstad,F000475,Minnesota,MN,Minnesota House of Representatives,2003-2009,2003,2009
Russell Fry,F000478,South Carolina,SC,South Carolina House of Representatives,2015-2022 (106th district),2015,2022
Vince Fong,F000480,California,CA,CA State Assembly (34th then 32nd district),2016-2024,2016,2024
Laura Friedman,F000483,California,CA,CA State Assembly (44th district),2016-2024,2016,2024
Randy Fine,F000484,Florida,FL,Florida House of Representatives (53rd; then 33rd district); Florida Senate (19th district),2016-2024; 2024-2025,2016,2025
Tom Graves,G000560,Georgia,GA,Georgia House of Representatives (10th; then 12th district),2003-2010,2003,2010
Cory Gardner,G000562,Colorado,CO,Colorado House of Representatives,2005-2011,2005,2011
Bob Gibbs,G000563,Ohio,OH,Ohio House of Representatives (97th district),2003-2009,2003,2009
Morgan Griffith,G000568,Virginia,VA,Virginia House of Delegates,1994-2011; dist 8 (Majority Leader 2000-2010),1994,2011
Pete Gallego,G000572,Texas,TX,Texas House of Representatives,1991-2013,1991,2013
Ruben Gallego,G000574,Arizona,AZ,Arizona House of Representatives,2011-2014,2011,2014
Glenn Grothman,G000576,Wisconsin,WI,Wisconsin State Assembly (1993-2005; dist 58); Wisconsin Senate (2005-2015; dist 20),WI Assembly 1993-2005 (6 terms); WI Senate 2005-2015 (3 terms),1993,2015
Matt Gaetz,G000578,Florida,FL,Florida House of Representatives,2010-2016,2010,2016
Tom Garrett,G000580,Virginia,VA,Virginia Senate,dist 22; elected 2011/took office Jan 2012 through his 2016 election to Congress (source shows some date overlap/error with Congress dates - flagged),2011,2016
Jimmy Gomez,G000585,California,CA,CA State Assembly (51st district),2012-2017,2012,2017
Sylvia Garcia,G000587,Texas,TX,Texas Senate,2013-2018,2013,2018
Lance Gooden,G000589,Texas,TX,Texas House of Representatives,2011-2015; 2017-2019,2011,2019
Mark Green,G000590,Tennessee,TN,Tennessee Senate,2013-2018; dist 22 (2 terms),2013,2018
Jared Golden,G000592,Maine,ME,Maine House of Representatives,2014-2018 (District 60; Asst. House Majority Leader),2014,2018
Andrew Garbarino,G000597,New York,NY,New York State Assembly,2013-2020,2013,2020
Craig Goldman,G000601,Texas,TX,Texas House of Representatives,2013-2025,2013,2025
Adam Gray,G000605,California,CA,CA State Assembly (21st district),2012-2022,2012,2022
Debbie Halvorson,H001044,Illinois,IL,Illinois Senate,1997-2009 (district 40),1997,2009
Kay Hagan,H001049,North Carolina,NC,North Carolina State Senate,1999-2009,1999,2009
Colleen Hanabusa,H001050,Hawaii,HI,Hawaii Senate,1998-2010 (21st District; Senate President 2007),1998,2010
Andy Harris,H001052,Maryland,MD,Maryland Senate (9th district then 7th district; Minority Whip 2003-2006),1999-2011,1999,2011
Jaime Herrera Beutler,H001056,Washington,WA,Washington House of Representatives,November 2007-January 2011 (appointed 2007; won 2008 election),2007,2011
Tim Huelskamp,H001057,Kansas,KS,Kansas Senate (38th district),1997-2011,1997,2011
Bill Huizenga,H001058,Michigan,MI,Michigan House of Representatives,2003-2009,2003,2009
Randy Hultgren,H001059,Illinois,IL,Illinois House of Representatives; Illinois Senate,1999-2007 (House; districts 40 then 95); 2007-2011 (Senate; district 48),1999,2011
Robert Hurt,H001060,Virginia,VA,Virginia House of Delegates (2002-2008); Virginia Senate (2008-2011),VA House dist 16 2002-2008 (3 terms); VA Senate dist 19 2008-2011 (1 term),2002,2011
Steven Horsford,H001066,Nevada,NV,Nevada State Senate (4th district),2005-2013,2005,2013
Jared Huffman,H001068,California,CA,CA State Assembly (6th district),2006-2012,2006,2012
Cresent Hardy,H001070,Nevada,NV,Nevada Assembly (20th district 2010-2012; 19th district 2012-2014),2010-2014,2010,2014
Maggie Hassan,H001076,New Hampshire,NH,New Hampshire State Senate,2005-2010,2005,2010
Cindy Hyde-Smith,H001079,Mississippi,MS,Mississippi State Senate,2000-2012,2000,2012
Yvette Herrell,H001084,New Mexico,NM,New Mexico House of Representatives,2011-2019 (51st district),2011,2019
Ashley Hinson,H001091,Iowa,IA,Iowa House of Representatives (67th district),2017-2021,2017,2021
Erin Houchin,H001093,Indiana,IN,Indiana Senate (47th district),2014-2022 (resigned Feb 2022),2014,2022
Val Hoyle,H001094,Oregon,OR,OR House,2009-2017,2009,2017
Jon Husted,H001104,Ohio,OH,Ohio House of Representatives; Ohio Senate,2001-2009 (House; Speaker 2005-2009); 2009-2011 (Senate),2001,2011
Hakeem Jeffries,J000294,New York,NY,New York State Assembly,2007-2012 (57th district),2007,2012
Evan Jenkins,J000297,West Virginia,WV,West Virginia House of Delegates (1994-2002); West Virginia Senate (2002-2014; dist 5),WV House 1994-2002 (4 terms); WV Senate 2002-2014 (3 terms),1994,2014
Pramila Jayapal,J000298,Washington,WA,Washington State Senate,January 2015-December 2016; dist 37 (1 term),2015,2016
Mike Johnson,J000299,Louisiana,LA,Louisiana House of Representatives (8th district),2015-2017,2015,2017
Jeff Jackson,J000308,North Carolina,NC,NC Senate,2014-2023,2014,2023
Julie Johnson,J000310,Texas,TX,Texas House of Representatives,2019-2025,2019,2025
Derek Kilmer,K000381,Washington,WA,Washington House of Representatives (2005-2007); Washington State Senate (2007-2012),WA House 2005-2007 (1 term); WA Senate dist 26 2007-2012 (~2 terms),2005,2012
Steve Knight,K000387,California,CA,CA State Assembly (36th district); CA State Senate (21st district),Assembly 2008-2012; Senate 2012-2014,2008,2014
Ruben Kihuen,K000390,Nevada,NV,Nevada Assembly 2006-2010; Nevada State Senate 2010-2016,2006-2016,2006,2016
Fred Keller,K000395,Pennsylvania,PA,PA House of Representatives,2011-2019,2011,2019
Kai Kahele,K000396,Hawaii,HI,Hawaii Senate,2016-2020 (1st District; appointed then elected),2016,2020
Young Kim,K000397,California,CA,CA State Assembly (65th district),2014-2016,2014,2016
Thomas Kean Jr.,K000398,New Jersey,NJ,New Jersey General Assembly 2001-2003; New Jersey Senate 2003-2022 (Minority Leader 2008-2022),2001-2022,2001,2022
Jen Kiggans,K000399,Virginia,VA,Senate of Virginia,January 2020-November 2022; dist 7 (1 term),2020,2022
Sydney Kamlager-Dove,K000400,California,CA,CA State Assembly (54th district) 2018-2021; CA State Senate (30th district) 2021-2022,Assembly 2018-2021; Senate 2021-2022,2018,2022
Kevin Kiley,K000401,California,CA,CA State Assembly (6th district),2016-2022,2016,2022
Tim Kennedy,K000402,New York,NY,New York State Senate,2011-2024 (58th district 2011-13; 63rd district 2013-24),2011,2024
Mike Kennedy,K000403,Utah,UT,Utah House of Representatives (2013-2019); Utah Senate (2021-2025),UT House 2013-2019 (3 terms); UT Senate 2021-2025 (2 terms),2013,2025
Jake LaTurner,L000266,Kansas,KS,Kansas Senate (13th district),2013-2017,2013,2017
Raul Labrador,L000573,Idaho,ID,Idaho House of Representatives,2006-2010 (District 14 Seat B),2006,2010
Doug LaMalfa,L000578,California,CA,CA State Assembly (2nd district); CA State Senate (4th district),Assembly 2002-2008; Senate 2010-2012,2002,2012
Ted Lieu,L000582,California,CA,CA State Assembly (53rd district); CA State Senate (28th district),Assembly 2005-2010; Senate 2011-2014,2005,2014
Barry Loudermilk,L000583,Georgia,GA,Georgia House of Representatives (14th district); Georgia State Senate (52nd; then 14th district),2005-2011; 2011-2013,2005,2013
Darin LaHood,L000585,Illinois,IL,Illinois Senate,2011-2015 (district 37; appointed then elected),2011,2015
Debbie Lesko,L000589,Arizona,AZ,Arizona House of Representatives (9th; then 21st district); Arizona Senate (21st district),2009-2015; 2015-2018,2009,2018
Mike Lawler,L000599,New York,NY,New York State Assembly,2021-2022,2021,2022
Summer Lee,L000602,Pennsylvania,PA,PA House of Representatives,2019-2022,2019,2022
George Latimer,L000606,New York,NY,New York State Assembly (2005-13); New York State Senate (2013-17),2005-2017,2005,2017
Nancy Mace,M000194,South Carolina,SC,South Carolina House of Representatives,2018-2020 (99th district),2018,2020
Nicole Malliotakis,M000317,New York,NY,New York State Assembly,2011-2020 (60th district 2011-13; 64th district 2013-21),2011,2020
Mick Mulvaney,M001182,South Carolina,SC,South Carolina House of Representatives; South Carolina Senate,2007-2009 (House; 45th district); 2009-2011 (Senate; 16th district),2007,2011
Grace Meng,M001188,New York,NY,New York State Assembly,2009-2012,2009,2012
John Moolenaar,M001194,Michigan,MI,Michigan House of Representatives (2003-2008); Michigan Senate (2011-2015),2003-2015,2003,2015
Alex Mooney,M001195,Maryland,MD,Maryland State Senate,1999-2011 (dist 3),1999,2011
Donald McEachin,M001200,Virginia,VA,Virginia House of Delegates (1996-2002; 2006-2008); Senate of Virginia (2008-2017),VA House dist 74 two non-consecutive stints; VA Senate dist 9 2008-2017 (~2.5 terms),2008,2017
Carol Miller,M001205,West Virginia,WV,West Virginia House of Delegates,2006-2018 (dist 15 2006-12; dist 16 2012-18),2006,2018
Joseph Morelle,M001206,New York,NY,New York State Assembly,1991-2018,1991,2018
Ben McAdams,M001209,Utah,UT,Utah State Senate,2009-2013 (dist 2),2009,2013
Barry Moore,M001212,Alabama,AL,Alabama House of Representatives district 91,2010-2018,2010,2018
Mariannette Miller-Meeks,M001215,Iowa,IA,Iowa Senate (41st district),2019-2021,2019,2021
Jared Moskowitz,M001217,Florida,FL,Florida House of Representatives (97th district),2012-2019,2012,2019
Morgan McGarvey,M001220,Kentucky,KY,Kentucky Senate (19th district),2012-2023,2012,2023
Kevin Mullin,M001225,California,CA,CA State Assembly (22nd district),2012-2022,2012,2022
Jennifer McClellan,M001227,Virginia,VA,Virginia House of Delegates (2006-2017); Virginia Senate (2017-2023),VA House dist 71 2006-2017 (~6 terms); VA Senate dist 9 2017-2023 (~1.5 terms),2006,2023
Ryan Mackenzie,M001230,Pennsylvania,PA,PA House of Representatives,2012-2024,2012,2024
John Mannion,M001231,New York,NY,New York State Senate,c. 2021-2025 (50th district),2021,2025
Mark Messmer,M001233,Indiana,IN,Indiana House of Representatives (63rd district); Indiana Senate (48th district),2008-2014; 2014-2024,2008,2024
Kelly Morrison,M001234,Minnesota,MN,Minnesota House of Representatives (2019-2023); Minnesota Senate (2023-2024),2019-2024,2019,2024
Riley Moore,M001235,West Virginia,WV,West Virginia House of Delegates,2017-2019 (dist 67),2017,2019
Tim Moore,M001236,North Carolina,NC,NC House,2003-2025,2003,2025
Kristen McDonald Rivet,M001237,Michigan,MI,Michigan Senate,2023-2025,2023,2025
Sarah McBride,M001238,Delaware,DE,Delaware Senate district 1 (first openly transgender state senator in the US),2021-2025,2021,2025
John McGuire,M001239,Virginia,VA,Virginia House of Delegates (2018-2024); Virginia Senate (2024-2025),VA House dist 56 2018-2024 (2 terms); VA Senate dist 10 2024-2025 (partial term),2018,2025
Dave Min,M001241,California,CA,CA State Senate (37th district),2020-2024,2020,2024
Kristi Noem,N000184,South Dakota,SD,South Dakota House of Representatives,2007-2010 (dist 6),2007,2010
Alan Nunnelee,N000186,Mississippi,MS,Mississippi State Senate (6th district),1995-2011,1995,2011
Donald Norcross,N000188,New Jersey,NJ,New Jersey General Assembly (5th district; brief; Jan 12-19 2010); New Jersey State Senate (5th district) 2010-2014,2010-2014,2010,2014
Dan Newhouse,N000189,Washington,WA,Washington House of Representatives,2003-2009; dist 15 (4 terms),2003,2009
Ralph Norman,N000190,South Carolina,SC,South Carolina House of Representatives,2005-2007; 2009-2017 (48th district; non-continuous),2005,2017
Zach Nunn,N000193,Iowa,IA,Iowa House of Representatives (30th district); Iowa Senate (15th district),2015-2019; 2019-2023,2015,2023
Wiley Nickel,N000194,North Carolina,NC,NC Senate,2019-2023,2019,2023
Jay Obernolte,O000019,California,CA,CA State Assembly (33rd district),2014-2020,2014,2020
Ilhan Omar,O000173,Minnesota,MN,Minnesota House of Representatives,2017-2019,2017,2019
Johnny Olszewski,O000176,Maryland,MD,Maryland House of Delegates (6th district),2006-2015,2006,2015
Bob Onder,O000177,Missouri,MO,Missouri House of Representatives (2007-2008); Missouri Senate (2015-2023),2007-2023,2007,2023
Alex Padilla,P000145,California,CA,California State Senate,2006-2014,2006,2014
Erik Paulsen,P000594,Minnesota,MN,Minnesota House of Representatives,1995-2009,1995,2009
Steven Palazzo,P000601,Mississippi,MS,Mississippi House of Representatives (district 116),2006-2011,2006,2011
Scott Perry,P000605,Pennsylvania,PA,PA House of Representatives,2007-2012,2007,2012
Mark Pocan,P000607,Wisconsin,WI,Wisconsin State Assembly,1999-2013 (dist 78),1999,2013
Mary Peltola,P000619,Alaska,AK,Alaska House of Representatives districts 39 (1999-2003) and 38 (2003-2009),1999-2009,1999,2009
Brittany Pettersen,P000620,Colorado,CO,Colorado House of Representatives district 28 (2013-2019); Colorado Senate district 22 (2019-2023),2013-2023,2013,2023
Nellie Pou,P000621,New Jersey,NJ,New Jersey General Assembly 1997-2012; New Jersey Senate 2012-2025,1997-2025,1997,2025
Jimmy Patronis,P000622,Florida,FL,Florida House of Representatives (6th district),2006-2014,2006,2014
Matt Rosendale,R000103,Montana,MT,Montana House of Representatives (2011-2013); Montana Senate (2013-2021; Senate Majority Leader 2015-2017),2011-2021,2011,2021
Deborah Ross,R000305,North Carolina,NC,NC House,2003-2013,2003,2013
Laura Richardson,R000581,California,CA,CA State Assembly (55th district) 2007 (brief); CA State Senate (35th district) 2024-present,Assembly 2007 (few months); Senate 2024-present,2007,2026
Cedric Richmond,R000588,Louisiana,LA,Louisiana House of Representatives (101st district),2000-2011,2000,2011
David Rivera,R000590,Florida,FL,Florida House of Representatives (112th district),2002-2010,2002,2010
Steve Russell,R000604,Oklahoma,OK,Oklahoma Senate,2009-2013,2009,2013
Jamie Raskin,R000606,Maryland,MD,Maryland Senate (20th district),2007-2016,2007,2016
Guy Reschenthaler,R000610,Pennsylvania,PA,PA Senate,2015-2019,2015,2019
Delia Ramirez,R000617,Illinois,IL,Illinois House of Representatives,2018-2022 (district 4; first Guatemalan-American in IL General Assembly),2018,2022
Luz Rivas,R000620,California,CA,CA State Assembly (39th then 43rd district),2018-2024,2018,2024
Emily Randall,R000621,Washington,WA,Washington State Senate,January 2019-December 2024 (2 terms),2019,2024
Victoria Spartz,S000929,Indiana,IN,Indiana Senate (20th district),2017-2020 (appointed 2017; elected 2018),2017,2020
Jean Schmidt,S001164,Ohio,OH,Ohio House of Representatives (two separate stints: ~2001-2004 and 2021-2022),2001-2004; 2021-2022,2001,2022
Aaron Schock,S001179,Illinois,IL,Illinois House of Representatives,2005-2009 (district 92),2005,2009
Tim Scott,S001184,South Carolina,SC,South Carolina House of Representatives,2009-2011,2009,2011
Steve Stivers,S001187,Ohio,OH,Ohio State Senate,2003-2008,2003,2008
Marlin Stutzman,S001188,Indiana,IN,Indiana House of Representatives; Indiana Senate (13th district),2003-2009; 2009-2010,2003,2010
Austin Scott,S001189,Georgia,GA,Georgia House of Representatives (138th; then 153rd district),1996-2011,1996,2011
Kyrsten Sinema,S001191,Arizona,AZ,Arizona House of Representatives; Arizona State Senate,House 2005-2011; Senate 2011-2012,2005,2012
Jason Smith,S001195,Missouri,MO,Missouri House of Representatives,2005-2013,2005,2013
Darren Soto,S001200,Florida,FL,Florida House of Representatives (49th district); Florida Senate (14th district),2007-2012; 2012-2016,2007,2016
Greg Steube,S001214,Florida,FL,Florida House of Representatives (67th; then 73rd district); Florida Senate (23rd district),2010-2016; 2016-2018,2010,2018
Melanie Stansbury,S001218,New Mexico,NM,New Mexico House of Representatives,2019-2021,2019,2021
Emilia Sykes,S001223,Ohio,OH,Ohio House of Representatives (34th district),2015-2022,2015,2022
Andrea Salinas,S001226,Oregon,OR,OR House,2017-2023,2017,2023
Eric Schmitt,S001227,Missouri,MO,Missouri Senate,2009-2017,2009,2017
Derek Schmidt,S001228,Kansas,KS,Kansas Senate (15th district; Majority Leader 2004-2010),2001-2011,2001,2011
Suhas Subramanyam,S001230,Virginia,VA,Virginia House of Delegates (2020-2024); Virginia Senate (2024-2025),VA House dist 87 2020-2024 (2 terms); VA Senate dist 32 2024-2025 (partial term),2020,2025
Tom Tiffany,T000165,Wisconsin,WI,Wisconsin State Assembly (2011-2013); Wisconsin Senate (2013-2020),WI Assembly 2011-2013 (1 term); WI Senate 2013-2020 (partial/2 terms),2011,2020
Scott Tipton,T000470,Colorado,CO,Colorado House of Representatives,2009-2011,2009,2011
Mark Takai,T000473,Hawaii,HI,Hawaii House of Representatives,1994-2014 (districts 34 then 33),1994,2014
Norma Torres,T000474,California,CA,CA State Assembly (61st then 52nd district); CA State Senate (32nd district),Assembly 2008-2013; Senate 2013-2014,2008,2014
Thom Tillis,T000476,North Carolina,NC,North Carolina House of Representatives,2007-2015,2007,2015
Scott Taylor,T000477,Virginia,VA,Virginia House of Delegates,January 2014-January 2017; dist 85 (1 term),2014,2017
Claudia Tenney,T000478,New York,NY,New York State Assembly,2011-2016 (115th district 2011-13; 101st district 2013-16),2011,2016
Van Taylor,T000479,Texas,TX,Texas House of Representatives; Texas Senate,2010-2015 (House district 66); 2015-2019 (Senate district 8),2010,2019
William Timmons,T000480,South Carolina,SC,South Carolina Senate,2016-2018,2016,2018
Rashida Tlaib,T000481,Michigan,MI,Michigan House of Representatives,2009-2015,2009,2015
Jill Tokuda,T000487,Hawaii,HI,Hawaii Senate,2006-2018 (24th district),2006,2018
Shri Thanedar,T000488,Michigan,MI,Michigan House of Representatives,2021-2023,2021,2023
Sylvester Turner,T000489,Texas,TX,Texas House of Representatives,1989-2016,1989,2016
David Valadao,V000129,California,CA,CA State Assembly (30th district),2010-2012,2010,2012
Juan Vargas,V000130,California,CA,CA State Assembly (79th district); CA State Senate (40th district),Assembly 2000-2006; Senate 2010-2013,2000,2013
Marc Veasey,V000131,Texas,TX,Texas House of Representatives,2005-2013,2005,2013
Jeff Van Drew,V000133,New Jersey,NJ,New Jersey General Assembly (1st district) 2002-2008; New Jersey Senate (1st district) 2008-2018,2002-2018,2002,2018
Nikema Williams,W000788,Georgia,GA,Georgia State Senate (39th district),Dec 2017-Jan 2021,2017,2021
Frederica Wilson,W000808,Florida,FL,Florida House of Representatives (104th district); Florida Senate (33rd district),1998-2002; 2002-2010,1998,2010
Jackie Walorski,W000813,Indiana,IN,Indiana House of Representatives (21st district),2005-2010,2005,2010
Mimi Walters,W000820,California,CA,CA State Assembly (73rd district); CA State Senate (33rd then 37th district),Assembly 2005-2008; Senate 2008-2015,2005,2015
Bruce Westerman,W000821,Arkansas,AR,Arkansas House of Representatives,2011-2015 (House Minority Leader 2012; House Majority Leader 2013),2011,2015
Bonnie Watson Coleman,W000822,New Jersey,NJ,New Jersey General Assembly (15th district; Majority Leader 2006-2010),1998-2015,1998,2015
Jennifer Wexton,W000825,Virginia,VA,Virginia Senate,January 2014-January 2019; dist 33 (special election win plus 1 full term),2014,2019
David Young,Y000066,Iowa,IA,Iowa House of Representatives (28th district) - served AFTER House tenure,2023-present,2023,2026
Ryan Zinke,Z000018,Montana,MT,Montana Senate,2009-2013,2009,2013
James Abdnor,A000009,South Dakota,SD,South Dakota Senate,1957-1969,1957,1969
Neil Abercrombie,A000014,Hawaii,HI,Hawaii House of Representatives; Hawaii Senate,1975-1979 (House); 1980-1986 (Senate),1975,1986
Gary Ackerman,A000022,New York,NY,New York State Senate,1979-1983,1979,1983
Donald Albosta,A000076,Michigan,MI,Michigan House of Representatives,1974-1976,1974,1976
Wayne Allard,A000109,Colorado,CO,Colorado State Senate,1983-1991,1983,1991
George Allen,A000121,Virginia,VA,Virginia House of Delegates,1983-1991,1983,1991
Glenn M. Anderson,A000189,California,CA,CA State Assembly (46th district),1943-1951,1943,1951
Ike Andrews,A000207,North Carolina,NC,North Carolina Senate; North Carolina House of Representatives,1959-1971,1959,1971
Tom Andrews,A000211,Maine,ME,Maine House of Representatives; Maine Senate,1983-1985 (House); 1985-1990 (Senate),1983,1990
Douglas Applegate,A000214,Ohio,OH,Ohio House of Representatives 1961-1968; Ohio State Senate 1969-1974,1961-1974,1961,1974
Bill Archer,A000215,Texas,TX,Texas House of Representatives,1967-1971,1967,1971
William L. Armstrong,A000219,Colorado,CO,Colorado House of Representatives; Colorado State Senate (President),House 1963-1964 (1 term); Senate 1964-1972,1963,1972
Chester Atkins,A000226,Massachusetts,MA,Massachusetts House of Representatives (1970-1971); Massachusetts Senate (1972-1984),1970-1984,1970,1984
Les AuCoin,A000337,Oregon,OR,OR House,1971-1974,1971,1974
W. Akin,A000358,Missouri,MO,Missouri House of Representatives,1989-2001,1989,2001
Rodney Alexander,A000361,Louisiana,LA,Louisiana House of Representatives (13th district; chaired Health and Welfare Committee),1988-2002,1988,2002
John Adler,A000364,New Jersey,NJ,New Jersey State Senate (6th legislative district),1992-2009,1992,2009
Spencer Bachus,B000013,Alabama,AL,Alabama Senate (1982-1983); Alabama House of Representatives (1983-1986),1982-1986,1982,1986
Robert Badham,B000024,California,CA,CA State Assembly,1963-1976,1963,1976
Skip Bafalis,B000029,Florida,FL,Florida House of Representatives; Florida Senate (33rd district),1964-1966; 1966-1970,1964,1970
Wendell Bailey,B000047,Missouri,MO,Missouri House of Representatives,1973-1981,1973,1981
Richard Baker,B000072,Louisiana,LA,Louisiana House of Representatives (East Baton Rouge Parish),1972-1987,1972,1987
Bill Baker,B000078,California,CA,CA State Assembly (10th then 15th district),1980-1992,1980,1992
John Baldacci,B000081,Maine,ME,Maine Senate,1982-1994 (Bangor-area district),1982,1994
Alvin Baldus,B000083,Wisconsin,WI,Wisconsin State Assembly,1967-1975;1989-1997,1967,1997
Cass Ballenger,B000104,North Carolina,NC,NC House 1975-1977; NC Senate 1977-1986,1975-1986,1975,1986
Thomas Barrett,B000177,Wisconsin,WI,Wisconsin State Assembly; Wisconsin Senate,1984-1993,1984,1993
Bill Barrett,B000179,Nebraska,NE,Nebraska Legislature (unicameral),1979-1991,1979,1991
Charles Bass,B000220,New Hampshire,NH,New Hampshire House of Representatives (1982-1988); New Hampshire Senate (1989-1993),1982-1993,1982,1993
Herbert H. Bateman,B000229,Virginia,VA,Senate of Virginia,1968-1982 (14 years; representing Newport News),1968,1982
Max Baucus,B000243,Montana,MT,Montana House of Representatives,1973-1975,1973,1975
Robert Bauman,B000244,Maryland,MD,Maryland Senate (15th district),1971-1973,1971,1973
Edward Beard,B000279,Rhode Island,RI,RI House of Representatives (30th district),1973-1975,1973,1975
Xavier Becerra,B000287,California,CA,CA State Assembly (59th district),1990-1992,1990,1992
Anthony Beilenson,B000318,California,CA,CA State Assembly (59th district); CA State Senate (26th/22nd district),Assembly 1963-1967; Senate 1967-1977,1963,1977
Adam Benjamin Jr.,B000363,Indiana,IN,Indiana House of Representatives; Indiana Senate,1967-1971; 1971-1977,1967,1977
Charles Edward Bennett,B000371,Florida,FL,Florida state legislature (brief; resigned 1942 to join US Army),1941-1942,1941,1942
Doug Bereuter,B000403,Nebraska,NE,Nebraska Legislature (unicameral),1975-1979,1975,1979
Howard Berman,B000410,California,CA,CA State Assembly (57th then 43rd district),1973-1982,1973,1982
Tom Bevill,B000431,Alabama,AL,Alabama Legislature (chamber not fully specified in Wikipedia; election records suggest Alabama Senate),1958-1966,1958,1966
James Bilbray,B000462,Nevada,NV,Nevada State Senate,1981-1987,1981,1987
Sanford Bishop,B000490,Georgia,GA,Georgia House of Representatives; Georgia State Senate,1977-1991; 1991-1993,1977,1993
Lucien Blackwell,B000517,Pennsylvania,PA,Pennsylvania House of Representatives,1973-1975,1973,1975
Rod Blagojevich,B000518,Illinois,IL,Illinois House of Representatives,1993-1997 (district 33),1993,1997
Earl Blumenauer,B000574,Oregon,OR,OR House,1973-1979,1973,1979
Peter Blute,B000576,Massachusetts,MA,Massachusetts House of Representatives,1987-1993,1987,1993
John Boehner,B000589,Ohio,OH,Ohio House of Representatives (57th district),1985-1990 (Jan 3 1985 - Dec 31 1990),1985,1990
Edward Boland,B000600,Massachusetts,MA,Massachusetts House of Representatives,1935-1941,1935,1941
William Boner,B000615,Tennessee,TN,Tennessee House of Representatives; Tennessee Senate,1971-1979,1971,1979
David Bonior,B000619,Michigan,MI,Michigan House of Representatives,1973-1976,1973,1976
David Boren,B000639,Oklahoma,OK,Oklahoma House of Representatives,1967-1974,1967,1974
Robert Borski,B000644,Pennsylvania,PA,Pennsylvania House of Representatives,1977-1982,1977,1982
Douglas Bosco,B000648,California,CA,California State Assembly,1978-1982,1978,1982
Leonard Boswell,B000652,Iowa,IA,Iowa Senate,1985-1997,1985,1997
Rick Boucher,B000657,Virginia,VA,Senate of Virginia,1975-1982 (7 years),1975,1982
Allen Boyd,B000716,Florida,FL,Florida House of Representatives (10th; then 11th district),1989-1996,1989,1996
Kevin Brady,B000755,Texas,TX,Texas House of Representatives,1991-1997,1991,1997
Joseph E. Brennan,B000798,Maine,ME,Maine House of Representatives; Maine Senate,1965-1971 (House; Portland district); 1973-1975 (Senate; 10th district),1965,1975
Bill Brewster,B000817,Oklahoma,OK,Oklahoma House of Representatives,1982-1990,1982,1990
Jack Brinkley,B000839,Georgia,GA,Georgia House of Representatives,1965-1966,1965,1966
William Brodhead,B000862,Michigan,MI,Michigan House of Representatives,1971-1975,1971,1975
Jack Brooks,B000880,Texas,TX,Texas House of Representatives,1947-1951,1947,1951
William Broomfield,B000890,Michigan,MI,Michigan House of Representatives (1949-1954); Michigan Senate (1955-1956),1949-1956,1949,1956
Glen Browder,B000897,Alabama,AL,Alabama House of Representatives,1983-1986,1983,1986
Corrine Brown,B000911,Florida,FL,Florida House of Representatives (17th district),1982-1992,1982,1992
George E. Brown Jr.,B000918,California,CA,CA State Assembly,1959-1963,1959,1963
Hank Brown,B000919,Colorado,CO,Colorado State Senate,1972-1976,1972,1976
Sherrod Brown,B000944,Ohio,OH,Ohio House of Representatives,1975-1983 (elected 1974-1980),1974,1983
Terry L. Bruce,B000971,Illinois,IL,Illinois Senate,1971-1984 (districts 55 then 54; Asst. Majority Leader 1975-1984),1971,1984
Richard Bryan,B000993,Nevada,NV,Nevada Senate,1972-1978,1972,1978
Jack Buechner,B001036,Missouri,MO,Missouri House of Representatives,1972-1982,1972,1982
Jim Bunn,B001063,Oregon,OR,Oregon Senate,1987-1994,1987,1994
Jim Bunning,B001066,Kentucky,KY,Kentucky State Senate,1980-1984,1980,1984
Clair Burgener,B001080,California,CA,CA State Assembly (76th district); CA State Senate (38th district),Assembly 1963-1967; Senate 1967-1973,1963,1973
Dan Burton,B001149,Indiana,IN,Indiana House of Representatives (dist. 26 1966-1968; dist. 44 1976-1980); Indiana Senate (dist. 19 1968-1970; dist. 31 1980-1982),1966-1968; 1976-1980; 1968-1970; 1980-1982,1966,1982
John Burton,B001153,California,CA,CA State Assembly (1965-1974; 1988-1996); CA State Senate (1996-2004),Assembly 1965-1974 & 1988-1996; Senate 1996-2004,1965,2004
Phillip Burton,B001156,California,CA,CA State Assembly,1957-1964,1957,1964
M. Caldwell Butler,B001182,Virginia,VA,Virginia House of Delegates,1962-1972 (Minority Leader 1966-1972),1962,1972
Harry F. Byrd Jr.,B001209,Virginia,VA,Virginia Senate,1948-1965,1948,1965
Robert Byrd,B001210,West Virginia,WV,West Virginia House of Delegates; West Virginia Senate,1947-1950 (House); 1950-1952 (Senate),1947,1952
Leslie Byrne,B001213,Virginia,VA,Virginia House of Delegates (1985-1991); Senate of Virginia (1999-2004; after her House service),VA House ~6 years (1985-1991); VA Senate 1999-2004 (1 term),1985,2004
Tammy Baldwin,B001230,Wisconsin,WI,Wisconsin State Assembly,1993-1999,1993,1999
Shelley Berkley,B001231,Nevada,NV,Nevada Assembly,1982-1984,1982,1984
Judy Biggert,B001232,Illinois,IL,Illinois House of Representatives,1993-1999 (district 81),1993,1999
Birch Bayh,B000254,Indiana,IN,Indiana House of Representatives (Speaker 1958-1960),1954-1962,1954,1962
Joe Baca,B001234,California,CA,CA State Assembly; CA State Senate,Assembly 1992-1998; Senate 1998-1999,1992,1999
Henry Brown,B001235,South Carolina,SC,South Carolina House of Representatives,1985-2001,1985,2001
Frank Ballance,B001238,North Carolina,NC,NC House 1983-1986; NC Senate 1989-2003 (non-continuous; gap 1987-1988),1983-2003,1983,2003
Gresham Barrett,B001239,South Carolina,SC,South Carolina House of Representatives,1996-2002,1996,2002
Marsha Blackburn,B001243,Tennessee,TN,Tennessee Senate,1999-2003,1999,2003
Ginny Brown-Waite,B001247,Florida,FL,Florida State Senate,1993-2003,1993,2003
Rob Bishop,B001250,Utah,UT,Utah House of Representatives,1978-1994 (dist 61 1978-82; dist 2 1982-94; Speaker 1992-94),1978,1994
Dan Boren,B001254,Oklahoma,OK,Oklahoma House of Representatives,2002-2004 (28th district),2002,2004
Michele Bachmann,B001256,Minnesota,MN,Minnesota Senate,2001-2007,2001,2007
Gus Bilirakis,B001257,Florida,FL,Florida House of Representatives (48th district),1998-2006,1998,2006
John Barrasso,B001261,Wyoming,WY,Wyoming State Senate,2003-2007,2003,2007
Mo Brooks,B001274,Alabama,AL,Alabama House of Representatives districts 18 (1982-1984) and 10 (1984-1992),1982-1992,1982,1992
Richard Blumenthal,B001277,Connecticut,CT,Connecticut House of Representatives; Connecticut State Senate,House 1984-1987; Senate 1987-1991,1984,1991
Bradley Byrne,B001289,Alabama,AL,Alabama Senate district 32,2002-2007 (partial term plus one term),2002,2007
Mike Bishop,B001293,Michigan,MI,Michigan Senate,2003-2011,2003,2011
Anthony Brown,B001304,Maryland,MD,Maryland House of Delegates (25th district),1999-2007,1999,2007
Sonny Callahan,C000052,Alabama,AL,Alabama House of Representatives (1970-1978); Alabama Senate district 34 (1978-1982),1970-1982,1970,1982
Dave Camp,C000071,Michigan,MI,Michigan House of Representatives,1989-1991,1989,1991
Ben Nighthorse Campbell,C000077,Colorado,CO,Colorado House of Representatives,1983-1987,1983,1987
Carroll Campbell Jr.,C000079,South Carolina,SC,South Carolina House of Representatives; South Carolina Senate,1970-1974 (House); 1976-1978 (Senate; 2nd district),1970,1978
Tom Campbell,C000100,California,CA,California State Senate,1993-1995,1993,1995
Charles Canady,C000107,Florida,FL,Florida House of Representatives,1984-1990,1984,1990
Maria Cantwell,C000127,Washington,WA,Washington House of Representatives,1987-1993,1987,1993
Ben Cardin,C000141,Maryland,MD,Maryland House of Delegates,1967-1987,1967,1987
Julia Carson,C000191,Indiana,IN,Indiana House of Representatives; Indiana Senate,1972-1976; 1976-1990,1972,1990
Michael N. Castle,C000243,Delaware,DE,Delaware House of Representatives (1967-1969); Delaware Senate (1969-1977; Minority Leader 1975-1976),1967-1977,1967,1977
John Cavanaugh,C000261,Nebraska,NE,Nebraska Legislature,1973-1977,1973,1977
Rod Chandler,C000293,Washington,WA,Washington House of Representatives,January 1975-January 1983; dist 45 (~4 terms),1975,1983
Bill Chappell,C000321,Florida,FL,Florida House of Representatives (Speaker 1961-1963),1954-1964; 1966-1968,1954,1968
Eugene Chappie,C000322,California,CA,California State Assembly,1964-1980,1964,1980
Lawton Chiles,C000356,Florida,FL,Florida House of Representatives; Florida State Senate,House 1958-1966; Senate 1966-1970,1958,1970
Shirley Chisholm,C000371,New York,NY,New York State Assembly,1965-1968,1965,1968
James McClure Clarke,C000462,North Carolina,NC,NC House 1976-1980; NC Senate 1980-1982,1976-1982,1976,1982
James Cleveland,C000512,New Hampshire,NH,New Hampshire Senate,1950-1962,1950,1962
Howard Coble,C000556,North Carolina,NC,NC House 1969-1971 and 1979-1985 (non-continuous),1969-1971; 1979-1985,1969,1985
E. Thomas Coleman,C000618,Missouri,MO,Missouri House of Representatives,1972-1976,1972,1976
Ronald D. Coleman,C000621,Texas,TX,Texas House of Representatives,1973-1983,1973,1983
Barbara-Rose Collins,C000633,Michigan,MI,Michigan House of Representatives,1975-1981,1975,1981
Mac Collins,C000640,Georgia,GA,Georgia State Senate,1989-1993,1989,1993
Barber Conable,C000666,New York,NY,New York State Senate,1963-1964,1963,1964
Gary Condit,C000670,California,CA,CA State Assembly (27th district),1982-1989,1982,1989
Silvio Conte,C000709,Massachusetts,MA,Massachusetts Senate,1951-1958,1951,1958
Wes Cooley,C000737,Oregon,OR,Oregon Senate,1993-1995,1993,1995
Paul Coverdell,C000813,Georgia,GA,Georgia State Senate,1971-1989,1971,1989
William Coyne,C000846,Pennsylvania,PA,Pennsylvania House of Representatives,1970-1972,1970,1972
Larry Craig,C000858,Idaho,ID,Idaho State Senate,1974-1980,1974,1980
Mike Crapo,C000880,Idaho,ID,Idaho State Senate,1984-1992,1984,1992
Barbara Cubin,C000962,Wyoming,WY,Wyoming House of Representatives (1987-1993); Wyoming Senate (1993-1995),WY House dist Natrona Co. 1987-1993 (~3 terms); WY Senate dist 29 1993-1995 (1 term),1987,1995
Elijah Cummings,C000984,Maryland,MD,Maryland House of Delegates,1983-1996,1983,1996
Max Cleland,C001034,Georgia,GA,Georgia State Senate,1971-1975,1971,1975
Joseph Crowley,C001038,New York,NY,New York State Assembly,1987-1998,1987,1998
Ander Crenshaw,C001045,Florida,FL,Florida House of Representatives; Florida State Senate,1972-1978; 1986-1994,1972,1994
Eric Cantor,C001046,Virginia,VA,Virginia House of Delegates,1992-January 2001; dist 73 (~4-5 terms),1992,2001
Shelley Moore Capito,C001047,West Virginia,WV,West Virginia House of Delegates,1996-2000,1996,2000
John Culberson,C001048,Texas,TX,Texas House of Representatives,1987-2001,1987,2001
Lacy Clay,C001049,Missouri,MO,Missouri House of Representatives (1983-1991); Missouri Senate (1991-2001),1983-2001,1983,2001
Dennis Cardoza,C001050,California,CA,CA State Assembly,1996-2002,1996,2002
Tom Cole,C001053,Oklahoma,OK,Oklahoma Senate,1988-1991,1988,1991
Ed Case,C001055,Hawaii,HI,Hawaii House of Representatives,1994-2002 (23rd district),1994,2002
Jim Costa,C001059,California,CA,CA State Assembly; CA State Senate,Assembly 1978-1994; Senate 1994-2002,1978,2002
Russ Carnahan,C001060,Missouri,MO,Missouri House of Representatives,2001-2005,2001,2005
Henry Cuellar,C001063,Texas,TX,Texas House of Representatives,1987-2001,1987,2001
John Campbell,C001064,California,CA,California State Assembly; California State Senate,2000-2005,2000,2005
Steve Cohen,C001068,Tennessee,TN,Tennessee Senate,1983-2006; dist 30 (6 terms),1983,2006
Joe Courtney,C001069,Connecticut,CT,Connecticut House of Representatives district 56,1987-1995,1987,1995
Donald Cazayoux,C001073,Louisiana,LA,Louisiana House of Representatives,1999-2008,1999,2008
Bill Cassidy,C001075,Louisiana,LA,Louisiana State Senate,2006-2009,2006,2009
Mike Coffman,C001077,Colorado,CO,Colorado House of Representatives (1989-1994); Colorado Senate (Dec 1994-1998),1989-1998,1989,1998
Judy Chu,C001080,California,CA,CA State Assembly (49th district); also CA Board of Equalization 2007-2009 (statewide; not counted),2001-2006,2001,2006
David Cicilline,C001084,Rhode Island,RI,RI House of Representatives (4th district),1995-2003,1995,2003
Tony Cardenas,C001097,California,CA,CA State Assembly (39th district),1996-2002,1996,2002
Charlie Crist,C001111,Florida,FL,Florida State Senate (20th district),1993-1999,1993,1999
Connie Conway,C001128,California,CA,California State Assembly,2008-2014,2008,2014
"W.C. ""Dan"" Daniel",D000038,Virginia,VA,Virginia House of Delegates,1959-1968 (approx one long term/decade),1959,1968
George Danielson,D000043,California,CA,California State Assembly; California State Senate,1963-1971,1963,1971
William Dannemeyer,D000044,California,CA,CA State Assembly (as Democrat 1962-1966; as Republican 1976-1978),1962-1966 & 1976-1978,1962,1978
Pat Danner,D000046,Missouri,MO,Missouri Senate,1983-1993,1983,1993
Buddy Darden,D000051,Georgia,GA,Georgia House of Representatives (19th district; position 3),1981-1983,1981,1983
Jack Davis,D000106,Illinois,IL,Illinois House of Representatives,1977-1987 (district 42),1977,1987
James Davis,D000114,Florida,FL,Florida House of Representatives,1988-1996,1988,1996
Bob Davis,D000131,Michigan,MI,Michigan House of Representatives (1967-1970); Michigan Senate (1971-1978; Senate Republican Leader 1974-1978),1967-1978,1967,1978
Nathan Deal,D000168,Georgia,GA,Georgia State Senate (49th district),1981-1993,1981,1993
Joel Deckard,D000183,Indiana,IN,Indiana House of Representatives,1966-1974,1966,1974
Diana DeGette,D000197,Colorado,CO,Colorado House of Representatives district 6,1993-1997,1993,1997
Kika de la Garza,D000203,Texas,TX,Texas House of Representatives,1953-1965,1953,1965
Bill Delahunt,D000210,Massachusetts,MA,Massachusetts House of Representatives,1973-1975,1973,1975
Tom DeLay,D000217,Texas,TX,Texas House of Representatives,1979-1985,1979,1985
Lawrence J. DeNardis,D000231,Connecticut,CT,Connecticut State Senate,1971-1979,1971,1979
Butler Derrick,D000267,South Carolina,SC,South Carolina House of Representatives,1969-1974,1969,1974
Edward Derwinski,D000269,Illinois,IL,Illinois House of Representatives,1957-1959,1957,1959
Peter Deutsch,D000275,Florida,FL,Florida House of Representatives (90th district),1982-1992,1982,1992
Mike DeWine,D000294,Ohio,OH,Ohio Senate,1981-1982,1981,1982
Lincoln Diaz-Balart,D000299,Florida,FL,Florida House of Representatives; Florida Senate,1986-1989; 1989-1992,1986,1992
Alan J. Dixon,D000366,Illinois,IL,Illinois House of Representatives; Illinois State Senate,House 1951-1963; Senate 1963-1971,1951,1971
Julian Dixon,D000373,California,CA,CA State Assembly,1973-1978,1973,1978
Lloyd Doggett,D000399,Texas,TX,Texas Senate,1973-1985,1973,1985
Bob Dole,D000401,Kansas,KS,Kansas House of Representatives,1951-1953,1951,1953
Brian Donnelly,D000416,Massachusetts,MA,Massachusetts House of Representatives,1973-1979,1973,1979
John Doolittle,D000429,California,CA,CA State Senate,1980-1991,1980,1991
Charles Dougherty,D000446,Pennsylvania,PA,Pennsylvania Senate,1972-1979,1972,1979
Robert Duncan,D000537,Oregon,OR,Oregon House of Representatives,1956-1962,1956,1962
Bernard J. Dwyer,D000586,New Jersey,NJ,New Jersey Senate (18th district),1974-1980,1974,1980
Mervyn Dymally,D000592,California,CA,CA State Assembly (53rd district) 1963-1966 & 2003-2008; CA State Senate (29th district) 1967-1975,Assembly 1963-1966 & 2003-2008; Senate 1967-1975,1963,2008
Jo Ann Davis,D000597,Virginia,VA,Virginia House of Delegates,January 1998-January 2001 (2 terms),1998,2001
Susan Davis,D000598,California,CA,CA State Assembly (76th district),1994-2000,1994,2000
Lincoln Davis,D000599,Tennessee,TN,Tennessee House of Representatives (1980-1984); Tennessee Senate (1996-2002),TN House dist 38 1980-1984 (2 terms); TN Senate dist 12 1996-2002 (2 terms),1980,2002
Mario Diaz-Balart,D000600,Florida,FL,Florida House of Representatives; Florida Senate,1988-1992; 1993-2000; 2000-2002,1988,2002
Charlie Dent,D000604,Pennsylvania,PA,PA House of Representatives (1991-1998; dist. 132); PA Senate (1999-2004; dist. 16),1991-2004,1991,2004
Thelma Drake,D000605,Virginia,VA,Virginia House of Delegates,January 1996-January 2005; dist 87 (~4 terms),1996,2005
David Davis,D000606,Tennessee,TN,Tennessee House of Representatives,1998-2007; dist 6 (4 terms),1998,2007
Steve Driehaus,D000609,Ohio,OH,Ohio House of Representatives,2001-2009,2001,2009
Charles Djou,D000611,Hawaii,HI,Hawaii House of Representatives,2000-2002,2000,2002
Jeff Denham,D000612,California,CA,California State Senate,2002-2010,2002,2010
Joseph D. Early,E000013,Massachusetts,MA,Massachusetts House of Representatives,1963-1974,1963,1974
Dennis Eckart,E000031,Ohio,OH,Ohio House of Representatives,1975-1980,1975,1980
Fred Eckert,E000033,New York,NY,New York State Senate,1973-1982,1973,1982
Bob Eckhardt,E000035,Texas,TX,Texas House of Representatives,1958-1966,1958,1966
Thomas Edwards,E000063,Texas,TX,Texas Senate,1983-1990,1983,1990
Vernon Ehlers,E000092,Michigan,MI,Michigan House of Representatives (1983-1985); Michigan Senate (1985-1993),1983-1993,1983,1993
Bob Ehrlich,E000093,Maryland,MD,Maryland House of Delegates (10th district),1987-1995,1987,1995
David F. Emery,E000175,Maine,ME,Maine House of Representatives,1970-1974,1970,1974
Eliot Engel,E000179,New York,NY,New York State Assembly,1977-1988,1977,1988
Karan English,E000186,Arizona,AZ,Arizona House of Representatives (2nd district); Arizona Senate (2nd district),1987-1991; 1991-1993,1987,1993
Arlen Erdahl,E000198,Minnesota,MN,Minnesota House of Representatives,1963-1970,1963,1970
Ben Erdreich,E000201,Alabama,AL,Alabama House of Representatives,1970-1974,1970,1974
Bob Etheridge,E000226,North Carolina,NC,NC House,1979-1989,1979,1989
Billy Lee Evans,E000233,Georgia,GA,Georgia House of Representatives (89th; then 99th district),1969-1976,1969,1976
Daniel J. Evans,E000236,Washington,WA,Washington House of Representatives,1957-1965,1957,1965
T. Cooper Evans,E000259,Iowa,IA,Iowa House of Representatives,1975-1979,1975,1979
Tom Ewing,E000282,Illinois,IL,Illinois House of Representatives,1974-1991 (districts 38 then 87; chaired House Revenue Cmte),1974,1991
Mike Enzi,E000285,Wyoming,WY,Wyoming House of Representatives; Wyoming Senate,1987-1991 (House); 1991-1997 (Senate; appointed then elected),1987,1997
Keith Ellison,E000288,Minnesota,MN,Minnesota House of Representatives,2003-2007,2003,2007
Sam Farr,F000030,California,CA,CA State Assembly (28th then 27th district),1980-1993,1980,1993
John G. Fary,F000040,Illinois,IL,Illinois House of Representatives,1955-1975,1955,1975
Dante Fascell,F000041,Florida,FL,Florida House of Representatives,1950-1954,1950,1954
Chaka Fattah,F000043,Pennsylvania,PA,PA House of Representatives (1983-1988); PA Senate (1989-1994),1983-1994,1983,1994
Harris Fawell,F000049,Illinois,IL,Illinois Senate,1963-1977 (districts 41 then 40),1963,1977
Vic Fazio,F000053,California,CA,CA State Assembly,1975-1978,1975,1978
Edward Feighan,F000059,Ohio,OH,Ohio House of Representatives,1973-1978,1973,1978
Russ Feingold,F000061,Wisconsin,WI,Wisconsin State Senate,1983-1993,1983,1993
Millicent Fenwick,F000078,New Jersey,NJ,New Jersey General Assembly,1970-1972,1970,1972
Eric Fingerhut,F000128,Ohio,OH,Ohio State Senate (25th district) 1991-1992 and 1999-2006 (two non-contiguous stints),1991-1992; 1999-2006,1991,2006
Ronnie Flippo,F000208,Alabama,AL,Alabama House of Representatives (1970-1974); Alabama Senate (1974-1976),1970-1976,1970,1976
James Florio,F000215,New Jersey,NJ,New Jersey General Assembly (3rd district 1970-1974; 5th district 1974-1975),1970-1975,1970,1975
Mark Foley,F000238,Florida,FL,Florida House of Representatives (85th district); Florida Senate (35th district),1990-1992; 1992-1994,1990,1994
Harold Ford Sr.,F000261,Tennessee,TN,Tennessee House of Representatives,1971-1975 (2 terms),1971,1975
Wendell Ford,F000268,Kentucky,KY,Kentucky State Senate,1966-1967,1966,1967
William D. Ford,F000270,Michigan,MI,Michigan Senate,1962-1964,1962,1964
Edwin B. Forsythe,F000286,New Jersey,NJ,New Jersey State Senate,1964-1970,1964,1970
L. H. Fountain,F000319,North Carolina,NC,NC Senate,1947-1952,1947,1952
Jon Fox,F000332,Pennsylvania,PA,Pennsylvania House of Representatives,1985-1992,1985,1992
Barney Frank,F000339,Massachusetts,MA,Massachusetts House of Representatives,1973-1981,1973,1981
Bob Franks,F000349,New Jersey,NJ,New Jersey General Assembly,1980-1992,1980,1992
Rodney Frelinghuysen,F000372,New Jersey,NJ,New Jersey General Assembly (25th district),1984-1995,1984,1995
Bill Frenzel,F000380,Minnesota,MN,Minnesota House of Representatives,1963-1971,1963,1971
Dan Frisa,F000387,New York,NY,New York State Assembly,1985-1992,1985,1992
Don Fuqua,F000430,Florida,FL,Florida House of Representatives,1958-1962,1958,1962
Sheila Frahm,F000438,Kansas,KS,Kansas Senate,1989-1995,1989,1995
Ernie Fletcher,F000441,Kentucky,KY,Kentucky House of Representatives (78th district),1995-1999,1995,1999
Peter Fitzgerald,F000442,Illinois,IL,Illinois State Senate,1993-1998,1993,1998
J. Randy Forbes,F000445,Virginia,VA,Virginia House of Delegates (1989-1997); Virginia Senate (1997-2001),VA House 1989-1997 (4 terms); VA Senate 1997-2001 (2 terms); also chaired VA GOP,1989,2001
Tom Feeney,F000447,Florida,FL,Florida House of Representatives (Speaker 2000-2002),1990-2002,1990,2002
Trent Franks,F000448,Arizona,AZ,Arizona House of Representatives (20th district),1985-1987,1985,1987
Virginia Foxx,F000450,North Carolina,NC,NC Senate,1995-2005,1995,2005
Mary Fallin,F000453,Oklahoma,OK,Oklahoma House of Representatives,1991-1995 (85th district),1991,1995
Lois Frankel,F000462,Florida,FL,Florida House of Representatives,1986-1992;1994-2002,1986,2002
John Faso,F000464,New York,NY,New York State Assembly,1987-2002,1987,2002
Dean A. Gallo,G000025,New Jersey,NJ,New Jersey General Assembly (24th district; Assembly Minority Leader 1981),~1976-1985,1976,1985
Robert Garcia,G000047,New York,NY,New York State Assembly (1966-67); New York State Senate (1968-78),1966-1978,1966,1978
Joseph M. Gaydos,G000105,Pennsylvania,PA,PA Senate,1967-1968,1967,1968
Sam Gejdenson,G000120,Connecticut,CT,Connecticut House of Representatives,c. 1970s (2 terms),1970,1970
George Gekas,G000121,Pennsylvania,PA,PA House of Representatives (1967-1974; dist. 103); PA Senate (1977-1981; dist. 15),1967-1981 (gap 1975-1976 not in state legislature),1967,1981
Jim Gibbons,G000152,Nevada,NV,Nevada Assembly (district 23; renumbered 25),1988-1994,1988,1994
Sam Gibbons,G000153,Florida,FL,Florida House of Representatives; Florida Senate,1953-1962,1953,1962
Paul Gillmor,G000210,Ohio,OH,Ohio State Senate,1967-1988,1967,1988
Benjamin Gilman,G000212,New York,NY,New York State Assembly,1967-1972,1967,1972
Henry B. Gonzalez,G000272,Texas,TX,Texas Senate,1956-1961,1956,1961
Virgil Goode,G000280,Virginia,VA,Senate of Virginia,circa 1973-1997 (won special election at age 27; exact end date not fully specified in source),1973,1997
Slade Gorton,G000333,Washington,WA,Washington House of Representatives,1959-1969,1959,1969
Bob Graham,G000352,Florida,FL,Florida House of Representatives; Florida State Senate,House 1966-1970; Senate 1970-1978,1966,1978
Lindsey Graham,G000359,South Carolina,SC,South Carolina House of Representatives,1993-1995,1993,1995
Bill Grant,G000382,Florida,FL,Florida Senate (5th district),1983-1987,1983,1987
Chuck Grassley,G000386,Iowa,IA,Iowa House of Representatives,1959-1975,1959,1975
Mike Gravel,G000388,Alaska,AK,Alaska House of Representatives (Speaker 1965-66),1963-1967,1963,1967
Gene Green,G000410,Texas,TX,Texas House of Representatives; Texas Senate,1973-1985 (House district 140); 1985-1993 (Senate),1973,1993
Sedgwick Green,G000417,New York,NY,New York State Assembly,1965-1968,1965,1968
Jim Greenwood,G000439,Pennsylvania,PA,PA House of Representatives (1981-1987; dist. 143); PA Senate (1987-1993; dist. 10),1981-1993,1981,1993
Wayne Grisham,G000480,California,CA,CA State Assembly (63rd district) - served AFTER House term,1984-1988,1984,1988
John E. Grotberg,G000499,Illinois,IL,Illinois House of Representatives; Illinois Senate,1973-1977 (House; district 38); 1977-1985 (Senate; districts 38 then 25),1973,1985
Frank J. Guarini,G000511,New Jersey,NJ,New Jersey State Senate,1966-1972,1966,1972
Vonno Gudger,G000515,North Carolina,NC,North Carolina House of Representatives; North Carolina Senate,1950-1952 (House); 1970-1977 (Senate),1950,1977
Steve Gunderson,G000524,Wisconsin,WI,Wisconsin State Assembly,1975-1979 (dist 91),1975,1979
Gil Gutknecht,G000536,Minnesota,MN,Minnesota House of Representatives,1983-1995,1983,1995
Tennyson Guyer,G000537,Ohio,OH,Ohio Senate,1959-1972,1959,1972
Mark Green,G000545,Wisconsin,WI,Wisconsin State Assembly,1993-1999 (dist 4),1993,1999
Sam Graves,G000546,Missouri,MO,Missouri House of Representatives (1993-1995); Missouri Senate (1995-2001),1993-2001,1993,2001
Scott Garrett,G000548,New Jersey,NJ,New Jersey General Assembly (24th district),1990-2003,1990,2003
Jim Gerlach,G000549,Pennsylvania,PA,PA House of Representatives (1991-1995; dist. unspecified in archive); PA Senate (1995-2003; dist. 44),1991-2003,1991,2003
Phil Gingrey,G000550,Georgia,GA,Georgia State Senate,1999-2003,1999,2003
Gabby Giffords,G000554,Arizona,AZ,Arizona House of Representatives (13th district); Arizona Senate (28th district),2001-2003; 2003-2005,2001,2005
Parker Griffith,G000557,Alabama,AL,Alabama Senate district 7,2006-2009,2006,2009
Brett Guthrie,G000558,Kentucky,KY,Kentucky Senate (32nd district),1999-2008,1999,2008
John Garamendi,G000559,California,CA,CA State Assembly (7th district); CA State Senate (13th district),Assembly 1974-1976; Senate 1976-1990,1974,1990
Frank Guinta,G000570,New Hampshire,NH,New Hampshire House of Representatives,2000-2004,2000,2004
Tulsi Gabbard,G000571,Hawaii,HI,Hawaii House of Representatives,2002-2004 (42nd district),2002,2004
"Jesus ""Chuy"" Garcia",G000586,Illinois,IL,Illinois Senate,1993-1999 (district 1; first IL state senator of Mexican descent),1993,1999
Tom Hagedorn,H000012,Minnesota,MN,Minnesota House of Representatives,1971-1975,1971,1975
Katie Hall,H000058,Indiana,IN,Indiana House of Representatives; Indiana Senate,1974-1976; 1976-1982,1974,1982
Ralph Hall,H000067,Texas,TX,Texas Senate,1963-1973,1963,1973
Tony Hall,H000074,Ohio,OH,Ohio House of Representatives 1969-1973; Ohio State Senate 1973-1979,1969-1979,1969,1979
Kent Hance,H000144,Texas,TX,Texas Senate,1975-1979,1975,1979
James V. Hansen,H000172,Utah,UT,Utah House of Representatives,1973-1980 (Speaker 1979-1980),1973,1980
Thomas F. Hartnett,H000302,South Carolina,SC,South Carolina House of Representatives; South Carolina Senate,~1965-1972 (House; 4 terms); 1972-1980 (Senate; 2 terms),1965,1980
Dennis Hastert,H000323,Illinois,IL,Illinois House of Representatives,1981-1987 (districts 39 then 82),1981,1987
Doc Hastings,H000329,Washington,WA,Washington House of Representatives,January 1979-January 1987; dist 16 (4 terms; Assistant Majority Leader),1979,1987
Charles Hatcher,H000340,Georgia,GA,Georgia House of Representatives (114th; then 131st district),1973-1980,1973,1980
Mark Hatfield,H000343,Oregon,OR,Oregon House of Representatives; Oregon State Senate,1951-1955 (House); 1955-1959 (Senate; resigned to become Sec of State),1951,1959
Augustus Hawkins,H000367,California,CA,CA State Assembly (62nd district),1935-1963,1935,1963
Chic Hecht,H000439,Nevada,NV,Nevada Senate,1967-1975,1967,1975
Joel Hefley,H000444,Colorado,CO,Colorado House of Representatives (1977-1978); Colorado Senate district 9 (1979-1987),1977-1987,1977,1987
Paul B. Henry,H000514,Michigan,MI,Michigan House of Representatives (1979-1982); Michigan Senate (1983-1985),1979-1985,1979,1985
Wally Herger,H000528,California,CA,CA State Assembly,1980-1986,1980,1986
Dennis Hertel,H000547,Michigan,MI,Michigan House of Representatives,1975-1981,1975,1981
Jack Hightower,H000582,Texas,TX,Texas House of Representatives; Texas Senate,1953-1955 (House); 1965-1974 (Senate districts 23 then 30),1953,1974
Earl Hilliard Sr.,H000621,Alabama,AL,Alabama House of Representatives (1974-1980); Alabama Senate districts 15 (1980-1983) and 20 (1983-1993),1974-1993,1974,1993
Elwood Hillis,H000624,Indiana,IN,Indiana House of Representatives,1967-1971 (95th & 96th General Assembly),1967,1971
Maurice Hinchey,H000627,New York,NY,New York State Assembly,1975-1992,1975,1992
Peter Hoagland,H000652,Nebraska,NE,Nebraska Legislature (unicameral),1979-1987,1979,1987
David Hobson,H000666,Ohio,OH,Ohio State Senate,1982-1991,1982,1991
George Hochbrueckner,H000670,New York,NY,New York State Assembly,1975-1984,1975,1984
Harold C. Hollenbeck,H000722,New Jersey,NJ,New Jersey General Assembly (1968-1972); New Jersey Senate (1972-1974),1968-1974,1968,1974
Fritz Hollings,H000725,South Carolina,SC,South Carolina House of Representatives,1949-1954 (Speaker Pro Tempore 1951;1953),1949,1954
Darlene Hooley,H000762,Oregon,OR,OR House,1981-1987,1981,1987
Larry Hopkins,H000776,Kentucky,KY,Kentucky House of Representatives (78th district); Kentucky Senate (12th district),1972-1978; 1978 (partial),1972,1978
Steny Hoyer,H000874,Maryland,MD,Maryland Senate (district 4C 1967-1975; district 26 1975-1978; Senate President from 1975),1967-1978,1967,1978
Carroll Hubbard,H000878,Kentucky,KY,Kentucky Senate,1968-1975,1968,1975
Walter Huddleston,H000905,Kentucky,KY,Kentucky State Senate (Majority Leader),1966-1972,1966,1972
Gordon Humphrey,H000951,New Hampshire,NH,New Hampshire Senate,1990-1992,1990,1992
Tim Hutchinson,H001015,Arkansas,AR,Arkansas House of Representatives district 1,1985-1993,1985,1993
Kay Bailey Hutchison,H001016,Texas,TX,Texas House of Representatives,1972-1976,1972,1976
Earl Hutto,H001018,Florida,FL,Florida House of Representatives,1972-1978,1972,1978
Henry Hyde,H001022,Illinois,IL,Illinois House of Representatives,1967-1975 (Majority Leader 1971-1972),1967,1975
Robin Hayes,H001029,North Carolina,NC,NC House,1992-1996,1992,1996
Baron Hill,H001030,Indiana,IN,Indiana House of Representatives,1982-1990,1982,1990
Joseph Hoeffel,H001031,Pennsylvania,PA,Pennsylvania House of Representatives,1977-1984,1977,1984
Melissa Hart,H001033,Pennsylvania,PA,PA Senate,1991-2001,1991,2001
Michael Honda,H001034,California,CA,California State Assembly,1996-2000,1996,2000
Katherine Harris,H001035,Florida,FL,Florida Senate,1994-1998,1994,1998
Brian Higgins,H001038,New York,NY,New York State Assembly,1999-2004 (145th district),1999,2004
Dean Heller,H001041,Nevada,NV,Nevada Assembly,1990-1994,1990,1994
Mazie Hirono,H001042,Hawaii,HI,Hawaii House of Representatives,1981-1994,1981,1994
Vicky Hartzler,H001053,Missouri,MO,Missouri House of Representatives,1995-2001,1995,2001
Joe Heck,H001055,Nevada,NV,Nevada State Senate (5th district),2004-2008,2004,2008
Denny Heck,H001064,Washington,WA,Washington House of Representatives,1977-1985; dist 17 (5 terms),1977,1985
Mike Haridopolos,H001099,Florida,FL,Florida House of Representatives; Florida Senate,2000-2012,2000,2012
Richard Ichord,I000001,Missouri,MO,Missouri House of Representatives,1952-1960,1952,1960
Jim Inhofe,I000024,Oklahoma,OK,Oklahoma House of Representatives; Oklahoma Senate,1966-1969 (House); 1969-1977 (Senate; Minority Leader 1975-1976),1966,1977
Daniel Inouye,I000025,Hawaii,HI,Hawaii Territorial House of Representatives; Territorial Senate,House 1954-1957; Senate 1957-1959,1954,1959
Jay Inslee,I000026,Washington,WA,Washington House of Representatives,January 1989-January 1993; dist 14 (2 terms),1989,1993
Ernest Istook,I000047,Oklahoma,OK,Oklahoma House of Representatives,1987-1993,1987,1993
Johnny Isakson,I000055,Georgia,GA,Georgia House of Representatives (Minority Leader); Georgia State Senate,House 1977-1991; Senate 1993-1996,1977,1996
Chris Jacobs,J000020,New York,NY,New York State Senate,2017-2020,2017,2020
Andrew Jacobs Jr.,J000033,Indiana,IN,Indiana House of Representatives,1959-1960,1959,1960
William J. Jefferson,J000070,Louisiana,LA,Louisiana Senate,1979-1990,1979,1990
Jim Jeffords,J000072,Vermont,VT,Vermont Senate,1967-1969,1967,1969
Bill Jenkins,J000082,Tennessee,TN,Tennessee House of Representatives,January 1963-May 1970 (Speaker of the House Jan 1969-May 1970),1963,1970
John Jenrette,J000099,South Carolina,SC,South Carolina House of Representatives,1964-1972,1964,1972
Roger Jepsen,J000101,Iowa,IA,Iowa State Senate,1967-1969,1967,1969
Christopher John,J000110,Louisiana,LA,Louisiana House of Representatives,1988-1996,1988,1996
Don Johnson Jr.,J000120,Georgia,GA,Georgia State Senate (47th district),1987-1993,1987,1993
Eddie Bernice Johnson,J000126,Texas,TX,Texas House of Representatives; Texas Senate,1973-1977 (House district 33); 1987-1993 (Senate district 23),1973,1993
Harold Johnson,J000135,California,CA,California State Senate,1949-1959,1949,1959
Nancy Johnson,J000163,Connecticut,CT,Connecticut Senate,1977-1983,1977,1983
Sam Johnson,J000174,Texas,TX,Texas House of Representatives,1985-1991,1985,1991
Tim Johnson,J000177,South Dakota,SD,South Dakota House of Representatives; South Dakota Senate,1979-1982 (House); 1983-1986 (Senate),1979,1986
Harry Johnston,J000187,Florida,FL,Florida State Senate (26th district),1974-1986,1974,1986
J. Bennett Johnston,J000189,Louisiana,LA,Louisiana House of Representatives (1964-1968); Louisiana State Senate (1968-1972),1964-1972,1964,1972
Walter B. Jones Jr.,J000255,North Carolina,NC,NC House,1983-1993,1983,1993
Walter Jones,J000256,North Carolina,NC,North Carolina House of Representatives; North Carolina Senate,1955-1959;1965,1955,1965
Jim Jontz,J000265,Indiana,IN,Indiana House of Representatives; Indiana Senate,1974-1984; 1984-1986,1974,1986
Tim Johnson,J000285,Illinois,IL,Illinois House of Representatives,1976/1977-2000,1976,2000
Jim Jordan,J000289,Ohio,OH,Ohio House of Representatives; Ohio Senate,1995-2006,1995,2006
Lynn Jenkins,J000290,Kansas,KS,Kansas House of Representatives (1999-2000); Kansas Senate (2000-2002),1999-2002,1999,2002
John Kasich,K000016,Ohio,OH,Ohio State Senate (15th district),1979-1983,1979,1983
Bob Kasten,K000019,Wisconsin,WI,Wisconsin State Senate,1973-1975,1973,1975
Abraham Kazen Jr.,K000025,Texas,TX,Texas House of Representatives; Texas Senate,1947-1953 (House); 1953-1967 (Senate),1947,1967
Patrick J. Kennedy,K000113,Rhode Island,RI,RI House of Representatives (District 9; Providence),1989-1993,1989,1993
Dale Kildee,K000172,Michigan,MI,Michigan House of Representatives (1965-1974); Michigan Senate (1975-1976),1965-1976,1965,1976
Carolyn Kilpatrick,K000180,Michigan,MI,Michigan House of Representatives,1979-1996,1979,1996
Thomas Kindness,K000190,Ohio,OH,Ohio House of Representatives,1971-1974,1971,1974
Jack Kingston,K000220,Georgia,GA,Georgia House of Representatives (125th district),1985-1993,1985,1993
Jerry Kleczka,K000259,Wisconsin,WI,Wisconsin State Assembly (1969-1975); Wisconsin Senate (1975-1984),WI Assembly dist 14/9 1969-1975 (2 stints); WI Senate dist 3/7 1975-1984 (2 stints),1969,1984
Herbert C. Klein,K000262,New Jersey,NJ,New Jersey General Assembly,1972-1976,1972,1976
Raymond Kogovsek,K000304,Colorado,CO,Colorado House of Representatives (1969-1971); Colorado Senate (1971-1978),1969-1978,1969,1978
Jim Kolbe,K000306,Arizona,AZ,Arizona State Senate,1977-1982,1977,1982
Joseph P. Kolter,K000307,Pennsylvania,PA,PA House of Representatives,1969-1982,1969,1982
Ernie Konnyu,K000309,California,CA,CA State Assembly (22nd district),1980-1986,1980,1986
Michael Kopetski,K000312,Oregon,OR,Oregon House of Representatives,1985-1988,1985,1988
Ken Kramer,K000322,Colorado,CO,Colorado House of Representatives,1972-1978,1972,1978
Mike Kreidler,K000328,Washington,WA,Washington House of Representatives (1976-1984); Washington State Senate (1984-1992),WA House 1976-1984 (4 terms); WA Senate 1984-1992 (2 terms),1976,1992
Dennis Kucinich,K000336,Ohio,OH,Ohio State Senate (23rd district),1995-1997,1995,1997
Steven Kuykendall,K000357,California,CA,California State Assembly,1994-1998,1994,1998
Steve King,K000362,Iowa,IA,Iowa Senate (6th district),1997-2003,1997,2003
Randy Kuhl,K000364,New York,NY,New York State Assembly (1981-86); New York State Senate (1987-2004),1981-2004,1981,2004
Ron Klein,K000366,Florida,FL,Florida House of Representatives (89th district); Florida Senate (28th; then 30th district),1992-1996; 1996-2006,1992,2006
Ann Kirkpatrick,K000368,Arizona,AZ,Arizona House of Representatives (2nd district),2005-2007,2005,2007
Suzanne Kosmas,K000370,Florida,FL,Florida House of Representatives (28th district),1996-2004,1996,2004
William Keating,K000375,Massachusetts,MA,Massachusetts House of Representatives (1977-1985); Massachusetts Senate (1985-1999),1977-1999,1977,1999
Robin Kelly,K000385,Illinois,IL,Illinois House of Representatives,2003-2007 (district 38),2003,2007
Robert J. Lagomarsino,L000020,California,CA,CA State Senate,1961-1974,1961,1974
H. Martin Lancaster,L000045,North Carolina,NC,NC House,1979-1987,1979,1987
Delbert Latta,L000116,Ohio,OH,Ohio Senate,1953-1958,1953,1958
Buddy Leach,L000167,Louisiana,LA,Louisiana House of Representatives,1968-1979; 1984-1988,1968,1988
Raymond Lederer,L000187,Pennsylvania,PA,Pennsylvania House of Representatives,1973-1976,1973,1976
Gary A. Lee,L000192,New York,NY,New York State Assembly,1975-1978,1975,1978
Richard H. Lehman,L000225,California,CA,CA State Assembly (31st district),1976-1982,1976,1982
Mickey Leland,L000237,Texas,TX,Texas House of Representatives,1973-1979,1973,1979
Norman F. Lent,L000243,New York,NY,New York State Senate,1963-1970 (2nd/6th/7th districts),1963,1970
Sander Levin,L000263,Michigan,MI,Michigan Senate,1965-1971,1965,1971
Mel Levine,L000264,California,CA,CA State Assembly,1977-1982,1977,1982
Elliott H. Levitas,L000265,Georgia,GA,Georgia House of Representatives (77th; then 50th district),1965-1974,1965,1974
Jerry Lewis,L000274,California,CA,CA State Assembly,1969-1978,1969,1978
Tom Lewis,L000295,Florida,FL,Florida House of Representatives; Florida Senate,1972-1980; 1980-1982,1972,1982
Joe Lieberman,L000304,Connecticut,CT,Connecticut State Senate,1971-1981,1971,1981
John Linder,L000321,Georgia,GA,Georgia House of Representatives (44th district; two separate periods),1975-1981; 1983-1991,1975,1991
Frank D. Lucas,L000491,Oklahoma,OK,Oklahoma House of Representatives,1989-1994 (59th district; 42nd-44th Legislature),1989,1994
"Donald E. ""Buz"" Lukens",L000509,Ohio,OH,Ohio State Senate,1971-1987,1971,1987
William Luther,L000521,Minnesota,MN,Minnesota House of Representatives; Minnesota Senate,1975-1995,1975,1995
Mary Landrieu,L000550,Louisiana,LA,Louisiana House of Representatives,1980-1988,1980,1988
Barbara Lee,L000551,California,CA,CA State Assembly; CA State Senate,Assembly 1990-1996; Senate 1996-1998,1990,1998
Ray LaHood,L000552,Illinois,IL,Illinois House of Representatives,1982 (appointed to vacancy; ~9 months; lost Nov 1982 election),1982,1982
Frank LoBiondo,L000554,New Jersey,NJ,New Jersey General Assembly (1st district),1988-1994,1988,1994
John LaFalce,L000556,New York,NY,New York State Senate (1971-72); New York State Assembly (1973-74),1971-1974,1971,1974
John B. Larson,L000557,Connecticut,CT,Connecticut Senate district 3; Senate President Pro Tempore final 4 terms,1983-1995,1983,1995
Jim Langevin,L000559,Rhode Island,RI,RI House of Representatives,1988-1994,1988,1994
Stephen Lynch,L000562,Massachusetts,MA,Massachusetts House of Representatives (1995-1996); Massachusetts Senate (1996-2001),1995-2001,1995,2001
Doug Lamborn,L000564,Colorado,CO,Colorado House of Representatives (1994-1999); Colorado Senate (1998-2006; Senate President Pro Tem 1999),1994-2006,1994,2006
Robert Latta,L000566,Ohio,OH,Ohio Senate; Ohio House of Representatives,1997-2007,1997,2007
Leonard Lance,L000567,New Jersey,NJ,New Jersey General Assembly 1991-2002; New Jersey Senate 2002-2009 (Minority Leader 2004-2008),1991-2009,1991,2009
Blaine Luetkemeyer,L000569,Missouri,MO,Missouri House of Representatives,1999-2005,1999,2005
Cynthia Lummis,L000571,Wyoming,WY,Wyoming House of Representatives,1979-1983 and 1985-1993 (two stints; also served as WY State Treasurer 1999-2007 and US Rep 2009-2017 in between),1979,2017
Alan Lowenthal,L000579,California,CA,California State Assembly; California State Senate,1998-2012,1998,2012
Al Lawson,L000586,Florida,FL,Florida House of Representatives; Florida Senate,1982-2010,1982,2010
Buddy MacKay,M000023,Florida,FL,Florida House of Representatives; Florida Senate (32nd; then 6th district),1968; 1972-1980,1968,1980
Edward Madigan,M000041,Illinois,IL,Illinois House of Representatives,1967-1973,1967,1973
Warren Magnuson,M000053,Washington,WA,Washington House of Representatives,1933-1935,1933,1935
James H. Maloney,M000090,Connecticut,CT,Connecticut State Senate,1987-1995,1987,1995
Ed Markey,M000133,Massachusetts,MA,Massachusetts House of Representatives,1973-1976,1973,1976
David Martin,M000174,New York,NY,New York State Assembly,1977-1980,1977,1980
Lynn M. Martin,M000195,Illinois,IL,Illinois House of Representatives; Illinois Senate,1977-1979 (House); 1979-1980 (Senate),1977,1980
Matthew G. Martinez,M000206,California,CA,CA State Assembly (59th district),1980-1982,1980,1982
Charles Mathias,M000241,Maryland,MD,Maryland House of Delegates,1959-1960,1959,1960
Spark Matsunaga,M000250,Hawaii,HI,Hawaii Territorial House of Representatives,c.1954-1959 (exact term dates unclear in source),1954,1959
Jim Mattox,M000260,Texas,TX,Texas House of Representatives,1973-1977,1973,1977
Romano Mazzoli,M000291,Kentucky,KY,Kentucky Senate (35th district),1968-1970,1968,1970
Karen McCarthy,M000316,Missouri,MO,Missouri House of Representatives,1977-1995,1977,1995
Robert McClory,M000340,Illinois,IL,Illinois House of Representatives; Illinois Senate,1951-1953 (House; district 8); 1953-1963 (Senate; districts 8 then 52),1951,1963
James A. McClure,M000346,Idaho,ID,Idaho State Senate,1961-1966,1961,1966
Mike McCormack,M000365,Washington,WA,Washington House of Representatives (1957-1961); Washington State Senate (1961-1970),WA House 1957-1961 (2 terms); WA Senate 1961-1970 (3 terms),1957,1970
Jim McDermott,M000404,Washington,WA,Washington House of Representatives (1971-1973); Washington State Senate (1974-1987),WA House dist 43 1971-1973 (1 term); WA Senate 1974-1987 (3 terms),1971,1987
Bob McEwen,M000432,Ohio,OH,Ohio House of Representatives,1975-1980,1975,1980
Raymond J. McGrath,M000458,New York,NY,New York State Assembly,1977-1980,1977,1980
Paul McHale,M000466,Pennsylvania,PA,Pennsylvania House of Representatives,1983-1991,1983,1991
John M. McHugh,M000472,New York,NY,New York State Senate,1985-1992,1985,1992
Scott McInnis,M000477,Colorado,CO,Colorado House of Representatives district 57; House Majority Leader,1983-1993,1983,1993
K. Gunn McKay,M000490,Utah,UT,Utah House of Representatives,c.1963-1967 (2 terms; began 1962),1962,1967
John R. McKernan Jr.,M000512,Maine,ME,Maine House of Representatives,1973-1977 (Assistant Republican Floor Leader),1973,1977
Cynthia McKinney,M000523,Georgia,GA,Georgia House of Representatives,1988-1992,1988,1992
Stewart McKinney,M000527,Connecticut,CT,Connecticut House of Representatives; Minority Leader 2nd term,1967-1971,1967,1971
James F. McNulty Jr.,M000589,Arizona,AZ,Arizona State Senate,1969-1975,1969,1975
Michael McNulty,M000590,New York,NY,New York State Assembly,1983-1988,1983,1988
Carrie Meek,M000628,Florida,FL,Florida House of Representatives (106th district); Florida Senate (36th district),1979-1982; 1982-1992,1979,1992
John Melcher,M000635,Montana,MT,Montana House of Representatives; Montana Senate,1960-1964,1960,1964
Bob Menendez,M000639,New Jersey,NJ,New Jersey General Assembly (1988-1991); New Jersey State Senate (1991-1993),1988-1993,1988,1993
Jack Metcalf,M000669,Washington,WA,Washington House of Representatives (1961-1965); Washington State Senate (1967-1974; 1980-1992),WA House dist 38 1961-1965 (1 term); WA Senate two non-consecutive stints dist 21 then dist 10 (~3-4 terms),1961,1965
Howard Metzenbaum,M000678,Ohio,OH,Ohio House of Representatives; Ohio Senate,1943-1947 (House); 1947-1951 (Senate),1943,1951
Jan Meyers,M000684,Kansas,KS,Kansas Senate,1972-1984,1972,1984
John Mica,M000689,Florida,FL,Florida House of Representatives (39th district),1976-1980,1976,1980
Juanita Millender-McDonald,M000714,California,CA,CA State Assembly (55th district),1992-1996,1992,1996
Donald J. Mitchell,M000808,New York,NY,New York State Assembly,1965-1972,1965,1972
Joseph Moakley,M000834,Massachusetts,MA,Massachusetts House of Representatives (1953-1963); Massachusetts Senate (1964-1970),1953-1970,1953,1970
Guy Molinari,M000842,New York,NY,New York State Assembly,1975-1980,1975,1980
Sonny Montgomery,M000865,Mississippi,MS,Mississippi State Senate,1956-1966,1956,1966
Jim Moody,M000881,Wisconsin,WI,Wisconsin State Assembly; Wisconsin Senate,1977-1982,1977,1982
Carlos J. Moorhead,M000926,California,CA,CA State Assembly (43rd district),1967-1973,1967,1973
Jerry Moran,M000934,Kansas,KS,Kansas State Senate (Majority Leader),1989-1997,1989,1997
Connie Morella,M000941,Maryland,MD,Maryland House of Delegates (16th district),1979-1987,1979,1987
Robert B. Morgan,M000956,North Carolina,NC,North Carolina State Senate,1955-1969,1955,1969
Sid Morrison,M000999,Washington,WA,Washington House of Representatives (1967-1975); Washington State Senate (1975-1980); dist 15,WA House ~4 terms; WA Senate ~3 terms,1967,1980
Carol Moseley Braun,M001025,Illinois,IL,Illinois House of Representatives,1979-1988,1979,1988
Ronald Mottl,M001044,Ohio,OH,Ohio Senate; Ohio House of Representatives,1967-1974;1987-1997,1967,1997
Austin J. Murphy,M001088,Pennsylvania,PA,PA House of Representatives (1959-1970; dist. 48); PA Senate (1971-1977; dist. 46),1959-1977,1959,1977
Patty Murray,M001111,Washington,WA,Washington State Senate,1989-1993,1989,1993
John Murtha,M001120,Pennsylvania,PA,PA House of Representatives,1969-1974,1969,1974
Edmund Muskie,M001121,Maine,ME,Maine House of Representatives,1946-1951 (Dec 1946-Feb 1951),1946,1951
Raphael Musto,M001123,Pennsylvania,PA,Pennsylvania House of Representatives; Pennsylvania Senate,1971-2010,1971,2010
Michael Myers,M001132,Pennsylvania,PA,Pennsylvania House of Representatives,1971-1976,1971,1976
Gregory Meeks,M001137,New York,NY,New York State Assembly,1993-1998,1993,1998
Gary Miller,M001139,California,CA,CA State Assembly (60th district),1995-1998,1995,1998
Zell Miller,M001141,Georgia,GA,Georgia State Senate,1961-1964,1961,1964
Betty McCollum,M001143,Minnesota,MN,Minnesota House of Representatives,1993-2001,1993,2001
Jeff Miller,M001144,Florida,FL,Florida House of Representatives,1998-2001,1998,2001
Thaddeus McCotter,M001147,Michigan,MI,Michigan Senate,1999-2003,1999,2003
Kendrick Meek,M001148,Florida,FL,Florida House of Representatives (104th district); Florida Senate (36th district),1995-1998; 1998-2002,1995,2002
Mike Michaud,M001149,Maine,ME,Maine House of Representatives; Maine Senate,1980-1994 (House; district 134); 1994-2002 (Senate; district 3; Senate President 2000-2001),1980,2002
Tim Murphy,M001151,Pennsylvania,PA,PA Senate,1996-2003,1996,2003
Marilyn Musgrave,M001152,Colorado,CO,Colorado House of Representatives district 65 (1995-1999); Colorado Senate (1999-2003),1995-2003,1995,2003
Lisa Murkowski,M001153,Alaska,AK,Alaska House of Representatives,1999-2002,1999,2002
Brad Miller,M001154,North Carolina,NC,NC House 1993-1995; NC Senate 1997-2003,1993-2003,1993,2003
Connie Mack,M001155,Florida,FL,Florida House of Representatives,2000-2003,2000,2003
Patrick McHenry,M001156,North Carolina,NC,NC House,2003-2005,2003,2005
Kenny Marchant,M001158,Texas,TX,Texas House of Representatives,1987-2004,1987,2004
Cathy McMorris Rodgers,M001159,Washington,WA,Washington House of Representatives,1994-2005; dist 7 (House Minority Leader 2002-2003),1994,2005
Gwen Moore,M001160,Wisconsin,WI,Wisconsin State Assembly (1989-1993; dist 7); Wisconsin Senate (1993-2005; dist 4),WI Assembly 1989-1993 (2 terms); WI Senate 1993-2005 (3 terms),1989,2005
Charlie Melancon,M001161,Louisiana,LA,Louisiana House of Representatives,1987-1993,1987,1993
Kevin McCarthy,M001165,California,CA,CA State Assembly (32nd district),2002-2006,2002,2006
Harry Mitchell,M001167,Arizona,AZ,Arizona State Senate,1999-2003,1999,2003
Chris Murphy,M001169,Connecticut,CT,Connecticut House of Representatives; Connecticut State Senate,House 1999-2003; Senate 2003-2007,1999,2007
Claire McCaskill,M001170,Missouri,MO,Missouri House of Representatives,1983-1989,1983,1989
Jeff Merkley,M001176,Oregon,OR,Oregon House of Representatives,1999-2009 (Speaker 2007-2009),1999,2009
Tom McClintock,M001177,California,CA,CA State Assembly (36th then 38th district); CA State Senate (19th district),Assembly 1982-2000; Senate 2000-2008,1982,2008
David McKinley,M001180,West Virginia,WV,West Virginia House of Delegates,1980-1994 (dist 3),1980,1994
Joe Manchin,M001183,West Virginia,WV,West Virginia House of Delegates; West Virginia Senate,1982-1986 (House); 1986-1996 (Senate),1982,1996
Luke Messer,M001189,Indiana,IN,Indiana House of Representatives (57th district),2003-2006 (appointed; did not seek reelection),2003,2006
Gregory Murphy,M001210,North Carolina,NC,North Carolina House of Representatives,2015-2019,2015,2019
Marcus Molinaro,M001221,New York,NY,New York State Assembly,2007-2011,2007,2011
Jerrold Nadler,N000002,New York,NY,New York State Assembly,1977-1992,1977,1992
Bill Nelson,N000032,Florida,FL,Florida House of Representatives,1972-1978,1972,1978
Gaylord Nelson,N000033,Wisconsin,WI,Wisconsin State Senate,1949-1959,1949,1959
Bob Ney,N000081,Ohio,OH,Ohio State Senate,1984-1994,1984,1994
Bill Nichols,N000095,Alabama,AL,Alabama House of Representatives (1958-1962); Alabama Senate district 8 (1962-1966),1958-1966,1958,1966
Don Nickles,N000102,Oklahoma,OK,Oklahoma Senate,1979-1981,1979,1981
Howard C. Nielson,N000106,Utah,UT,Utah House of Representatives,1967-1974 (Speaker in final term),1967,1974
Rick Nolan,N000127,Minnesota,MN,Minnesota House of Representatives,1969-1973,1969,1973
Anne Northup,N000143,Kentucky,KY,Kentucky House of Representatives (32nd district),1987-1996,1987,1996
Sam Nunn,N000171,Georgia,GA,Georgia House of Representatives,1969-1972,1969,1972
Grace Napolitano,N000179,California,CA,CA State Assembly,1992-1998,1992,1998
Mary Oakar,O000001,Ohio,OH,Ohio House of Representatives,2000-2002,2000,2002
David Obey,O000007,Wisconsin,WI,Wisconsin State Assembly,1963-1969,1963,1969
George M. O'Brien,O000010,Illinois,IL,Illinois House of Representatives,1971-1973,1971,1973
John Olver,O000085,Massachusetts,MA,Massachusetts House of Representatives; Massachusetts Senate,1969-1991,1969,1991
Tip O'Neill,O000098,Massachusetts,MA,Massachusetts House of Representatives,1936-1952,1936,1952
Major Owens,O000159,New York,NY,New York State Senate,1975-1982,1975,1982
Mike Oxley,O000163,Ohio,OH,Ohio House of Representatives,1973-1981,1973,1981
Butch Otter,O000166,Idaho,ID,Idaho House of Representatives,1972-1976 (Canyon County),1972,1976
Barack Obama,O000167,Illinois,IL,Illinois State Senate,1997-2004,1997,2004
Tom O'Halleran,O000171,Arizona,AZ,Arizona House of Representatives (2nd; then 1st district); Arizona Senate (1st district),2001-2007; 2007-2009,2001,2009
Bob Packwood,P000009,Oregon,OR,Oregon House of Representatives,1963-1969,1963,1969
Frank Pallone,P000034,New Jersey,NJ,New Jersey State Senate (11th district),1984-1988,1984,1988
Stan Parris,P000080,Virginia,VA,Virginia House of Delegates,April 1969-November 1972 (dist 20 then 19; 1 term),1969,1972
Bill Pascrell,P000096,New Jersey,NJ,New Jersey General Assembly (35th district),1988-1997,1988,1997
Bill Patman,P000104,Texas,TX,Texas Senate,1961-1981,1961,1981
Liz Patterson,P000112,South Carolina,SC,South Carolina Senate,1980-1987 (4th district 1980-85; 12th district 1985-87),1980,1987
Bill Paxon,P000148,New York,NY,New York State Assembly,1983-1988,1983,1988
Donald Pease,P000170,Ohio,OH,Ohio House of Representatives; Ohio Senate,1969-1977,1969,1977
Ed Pease,P000171,Indiana,IN,Indiana Senate (39th district 1980-1982; 37th district 1982-1992),1980-1992,1980,1992
Timothy Penny,P000215,Minnesota,MN,Minnesota Senate,1976-1982,1976,1982
Claude Pepper,P000218,Florida,FL,Florida House of Representatives,1929-1931,1929,1931
Carl Christopher Perkins,P000229,Kentucky,KY,Kentucky House of Representatives (92nd district),1982-1984,1982,1984
Carl D. Perkins,P000230,Kentucky,KY,Kentucky General Assembly (House),elected 1940 (exact end year not confirmed in sources checked),1940,1940
Collin Peterson,P000258,Minnesota,MN,Minnesota Senate,1977-1986,1977,1986
John Peterson,P000263,Pennsylvania,PA,PA House of Representatives (1977-1984); PA Senate (1985-1996),1977-1996,1977,1996
Tom Petri,P000265,Wisconsin,WI,Wisconsin Senate,1973-1979 (1 term),1973,1979
Owen B. Pickett,P000326,Virginia,VA,Virginia House of Delegates,1972-1986 (Virginia Beach-area district),1972,1986
Joseph Pitts,P000373,Pennsylvania,PA,PA House of Representatives,1973-1996,1973,1996
Earl Pomeroy,P000422,North Dakota,ND,North Dakota House of Representatives,1980-1985,1980,1985
John Edward Porter,P000444,Illinois,IL,Illinois House of Representatives,1973-1979 (district 1),1973,1979
Glenn Poshard,P000452,Illinois,IL,Illinois Senate,1984-1989 (district 59),1984,1989
David Pryor,P000556,Arkansas,AR,Arkansas House of Representatives,1961-1966,1961,1966
Carl Pursell,P000574,Michigan,MI,Michigan Senate,1971-1977,1971,1977
David D. Phelps,P000584,Illinois,IL,Illinois House of Representatives,1984-1998,1984,1998
Todd Platts,P000585,Pennsylvania,PA,PA House of Representatives,1993-2000,1993,2000
Adam Putnam,P000586,Florida,FL,Florida House of Representatives (63rd district),1996-2000,1996,2000
Stevan Pearce,P000588,New Mexico,NM,New Mexico House of Representatives,1997-2001,1997,2001
Jon Porter,P000589,Nevada,NV,Nevada State Senate (1st district),1994-2002,1994,2002
Mark Pryor,P000590,Arkansas,AR,Arkansas House of Representatives,1991-1995,1991,1995
Tom Price,P000591,Georgia,GA,Georgia State Senate (56th district),1997-2005,1997,2005
Ed Perlmutter,P000593,Colorado,CO,Colorado Senate district 20,1995-2003,1995,2003
Gary Peters,P000595,Michigan,MI,Michigan Senate,1995-2002,1995,2002
Chellie Pingree,P000597,Maine,ME,Maine Senate,1992-2000 (districts 21 then 12; Senate Majority Leader from 1996),1992,2000
Bill Posey,P000599,Florida,FL,Florida House of Representatives (32nd district); Florida Senate (15th; then 24th district),1992-2000; 2000-2008,1992,2008
Robert Pittenger,P000606,North Carolina,NC,NC Senate,2003-2008,2003,2008
Chris Pappas,P000614,New Hampshire,NH,New Hampshire House of Representatives,2002-2006,2002,2006
Jimmy Quillen,Q000013,Tennessee,TN,Tennessee House of Representatives,1954-1962 (Sullivan County dist; 4 terms),1954,1962
Tom Railsback,R000012,Illinois,IL,Illinois House of Representatives,1962-1966,1962,1966
Jim Ramstad,R000033,Minnesota,MN,Minnesota Senate,1981-1991,1981,1991
Charles Rangel,R000053,New York,NY,New York State Assembly,1967-1971,1967,1971
William R. Ratchford,R000067,Connecticut,CT,Connecticut House of Representatives; Speaker 1969-1972,1963-1979,1963,1979
Arthur Ravenel Jr.,R000072,South Carolina,SC,South Carolina House of Representatives; South Carolina Senate,1953-1959 (House); 1981-1985; 1985-1987; 1997-2005 (Senate),1953,2005
Jack Reed,R000122,Rhode Island,RI,Rhode Island State Senate,1985-1991 (elected 1984; 3 terms; exact end date approximate),1984,1991
Ralph Regula,R000141,Ohio,OH,Ohio House of Representatives 1964-1967 (1 term); Ohio State Senate 1967-1973 (3 terms),1964-1973,1964,1973
Harry Reid,R000146,Nevada,NV,Nevada Assembly,1969-1971,1969,1971
Abraham Ribicoff,R000191,Connecticut,CT,Connecticut House of Representatives,1938-1942,1938,1942
Matthew J. Rinaldo,R000262,New Jersey,NJ,New Jersey Senate,1967-1972,1967,1972
Lynn Rivers,R000281,Michigan,MI,Michigan House of Representatives,1993-1994,1993,1994
Clint Roberts,R000308,South Dakota,SD,South Dakota Senate,1972-1978,1972,1978
Ray Roberts,R000312,Texas,TX,Texas Senate,1955-1961,1955,1961
J. Kenneth Robinson,R000337,Virginia,VA,Senate of Virginia,circa 1965/66-1970 (source lists conflicting end date of 1985 which overlaps his concurrent US House service - clearly an extraction error; true end date likely ~1970 when he entered Congress),1965,1985
Jay Rockefeller,R000361,West Virginia,WV,West Virginia House of Delegates,1966-1968,1966,1968
James Rogan,R000386,California,CA,CA State Assembly,1994-1996 (won Nov 1994 special election; partial term),1994,1996
Ileana Ros-Lehtinen,R000435,Florida,FL,Florida House of Representatives; Florida Senate (34th district),1982-1986; 1986-1989,1982,1989
Dan Rostenkowski,R000458,Illinois,IL,Illinois House of Representatives; Illinois Senate,1952-1954 (House; district 27); 1954-1959 (Senate),1952,1959
Toby Roth,R000459,Wisconsin,WI,Wisconsin State Assembly,1973-1979 (dist 42),1973,1979
J. Roy Rowland,R000481,Georgia,GA,Georgia House of Representatives (119th district),1976-1982,1976,1982
John G. Rowland,R000482,Connecticut,CT,Connecticut House of Representatives district 73,1981-1985,1981,1985
Lucille Roybal-Allard,R000486,California,CA,CA State Assembly (56th district),1987-1992,1987,1992
Ed Royce,R000487,California,CA,CA State Senate,1982-1993,1982,1993
Harold L. Runnels,R000510,New Mexico,NM,New Mexico Senate,1960-1970,1960,1970
Ciro Rodriguez,R000568,Texas,TX,Texas House of Representatives,1987-1997,1987,1997
Thomas Reynolds,R000569,New York,NY,New York State Assembly,1989-1998,1989,1998
Denny Rehberg,R000571,Montana,MT,Montana House of Representatives,1985-1991,1985,1991
Mike Rogers,R000572,Michigan,MI,Michigan Senate,1995-2001,1995,2001
Mike Ross,R000573,Arkansas,AR,Arkansas State Senate,1991-2001,1991,2001
Mike Rogers,R000575,Alabama,AL,Alabama House of Representatives,1994-2002; became minority leader in 2nd term,1994,2002
Tim Ryan,R000577,Ohio,OH,Ohio State Senate,2000-2002,2000,2002
Peter Roskam,R000580,Illinois,IL,Illinois House of Representatives; Illinois Senate,1993-1999 (House; district 40); 1999(2000)-2007 (Senate; districts 20 then 48),1993,2007
Jim Risch,R000584,Idaho,ID,Idaho State Senate (President Pro Tem),1974-1988; 1995-2002 (non-consecutive),1974,2002
Dennis Ross,R000593,Florida,FL,Florida House of Representatives (63rd district),2000-2008,2000,2008
Marco Rubio,R000595,Florida,FL,Florida House of Representatives (Speaker 2006-2008),2000-2008,2000,2008
David Rouzer,R000603,North Carolina,NC,North Carolina Senate,2009-2013,2009,2013
Mike Rounds,R000605,South Dakota,SD,South Dakota Senate,1991-2001 (Majority Leader from 1995),1991,2001
Martin Olav Sabo,S000005,Minnesota,MN,Minnesota House of Representatives,1961-1979,1961,1979
Pat Saiki,S000014,Hawaii,HI,Hawaii House of Representatives; Hawaii Senate,1968-1974 (House); 1974-1982 (Senate),1968,1982
Matt Salmon,S000018,Arizona,AZ,Arizona State Senate (21st district),1991-1995,1991,1995
Terry Sanford,S000055,North Carolina,NC,North Carolina State Senate,1953-1955,1953,1955
George Sangmeister,S000056,Illinois,IL,Illinois House of Representatives; Illinois Senate,1972-1977 (House); 1977-1987 (Senate; district 42),1972,1987
Paul Sarbanes,S000064,Maryland,MD,Maryland House of Delegates,1967-1971,1967,1971
Bill Sarpalius,S000066,Texas,TX,Texas Senate,1980-1989,1980,1989
David E. Satterfield III,S000070,Virginia,VA,Virginia House of Delegates,1960-1964 (multi-member district; 1 term),1960,1964
Thomas Sawyer,S000094,Ohio,OH,Ohio House of Representatives,1977-1983,1977,1983
Jim Saxton,S000097,New Jersey,NJ,New Jersey General Assembly (8th district) 1976-1982; New Jersey Senate (8th district) 1982-1984,1976-1984,1976,1984
Daniel Schaefer,S000109,Colorado,CO,Colorado General Assembly House (1976-1978); Colorado State Senate (1979-1983),1976-1983,1976,1983
Bob Schaffer,S000112,Colorado,CO,Colorado State Senate (appointed 1987; served through 1996),1987-1996,1987,1996
Bill Schuette,S000143,Michigan,MI,Michigan Senate,1995-2003,1995,2003
Richard Schulze,S000146,Pennsylvania,PA,Pennsylvania House of Representatives,1970-1974,1970,1974
Chuck Schumer,S000148,New York,NY,New York State Assembly,1975-1981,1975,1981
Bobby Scott,S000185,Virginia,VA,Virginia House of Delegates (1978-1983); Senate of Virginia (1983-1993),VA House dist 49/48 1978-1983 (1 term); VA Senate dist 2 1983-1993 (2 terms),1978,1993
Andrea Seastrand,S000213,California,CA,California State Assembly,1990-1994,1990,1994
Keith Sebelius,S000217,Kansas,KS,Kansas Senate (40th district 1962-1965; 38th district 1965-1969),1962-1969,1962,1969
Jim Sensenbrenner,S000244,Wisconsin,WI,Wisconsin State Assembly (1973-1975); Wisconsin Senate (1975-1979),WI Assembly 1973-1975 (1 term); WI Senate 1975-1979 (1 term),1973,1979
Jose E. Serrano,S000248,New York,NY,New York State Assembly,1975-1990 (75th district 1975-83; 73rd district 1983-90),1975,1990
John Seymour,S000269,California,CA,California State Senate,1982-1991,1982,1991
Richard Shelby,S000320,Alabama,AL,Alabama State Senate,1970-1978,1970,1978
Karen Shepherd,S000332,Utah,UT,Utah Senate,1990-1992,1990,1992
Gerald Sikorski,S000407,Minnesota,MN,Minnesota Senate,1977-1983,1977,1983
Mark Siljander,S000409,Michigan,MI,Michigan House of Representatives,1977-1981,1977,1981
Paul Simon,S000423,Illinois,IL,Illinois House of Representatives; Illinois State Senate,House 1955-1963; Senate 1963-1969,1955,1969
Alan Simpson,S000429,Wyoming,WY,Wyoming House of Representatives,1965-1977 (Speaker Pro Tempore),1965,1977
Norman Sisisky,S000453,Virginia,VA,Virginia House of Delegates,1974-1983 (5 terms),1974,1983
David Skaggs,S000462,Colorado,CO,Colorado House of Representatives districts 47 (1981-1983) and 14 (1983-1987); Minority Leader for two terms,1981-1987,1981,1987
Ike Skelton,S000465,Missouri,MO,Missouri Senate,1971-1977,1971,1977
Jim Slattery,S000477,Kansas,KS,Kansas House of Representatives,1973-1979,1973,1979
D. French Slaughter Jr.,S000479,Virginia,VA,Virginia House of Delegates,January 1958-January 1978 (20 years),1958,1978
Louise Slaughter,S000480,New York,NY,New York State Assembly,1983-1986,1983,1986
Adam Smith,S000510,Washington,WA,Washington State Senate,1991-1997 (1 term; elected 1990 at age 25),1990,1997
Joseph Smith,S000579,Pennsylvania,PA,Pennsylvania Senate,1971-1981,1971,1981
Lamar Smith,S000583,Texas,TX,Texas House of Representatives,1983-1985,1983,1985
Lawrence J. Smith,S000586,Florida,FL,Florida House of Representatives (96th district),1978-1982,1978,1982
Linda Smith,S000587,Washington,WA,Washington House of Representatives; Washington State Senate,1984-1987 (House); 1988-1995 (Senate),1984,1995
Nick Smith,S000597,Michigan,MI,Michigan House of Representatives (1979-1983); Michigan Senate (1983-1993),1979-1993,1979,1993
Peter P. Smith,S000601,Vermont,VT,Vermont Senate,1981-1983 (Washington County; 1 term),1981,1983
"Robert F. ""Bob"" Smith",S000607,Oregon,OR,OR House 1961-1973; OR Senate 1973-1983,1961-1983,1961,1983
Vincent Snowbarger,S000662,Kansas,KS,Kansas House of Representatives,1985-1997,1985,1997
Olympia Snowe,S000663,Maine,ME,Maine House of Representatives (1973-1977); Maine Senate (1977-1979),1973-1979,1973,1979
Vic Snyder,S000672,Arkansas,AR,Arkansas Senate districts 23 (1991-1993) and 16 (1993-1997),1991-1997,1991,1997
Stephen Solarz,S000673,New York,NY,New York State Assembly,1969-1974,1969,1974
Gerald B.H. Solomon,S000675,New York,NY,New York State Assembly,1973-1978,1973,1978
Floyd Spence,S000718,South Carolina,SC,South Carolina House of Representatives; South Carolina Senate,1957-1963 (House); 1967-1970 (Senate),1957,1970
Fernand St Germain,S000762,Rhode Island,RI,RI House of Representatives,1952-1961,1952,1961
Debbie Stabenow,S000770,Michigan,MI,Michigan House of Representatives (1979-1990); Michigan Senate (1991-1994),1979-1994,1979,1994
Harley O. Staggers Jr.,S000779,West Virginia,WV,West Virginia Senate,1980-1982 (dist 16; 1 term),1980,1982
Arlan Stangeland,S000795,Minnesota,MN,Minnesota House of Representatives,1966-1975,1966,1975
John Stennis,S000852,Mississippi,MS,Mississippi House of Representatives,1928-1932,1928,1932
Ted Stevens,S000888,Alaska,AK,Alaska House of Representatives,1964-1968,1964,1968
Adlai Stevenson III,S000890,Illinois,IL,Illinois House of Representatives,1965-1967,1965,1967
Donald W. Stewart,S000907,Alabama,AL,Alabama House of Representatives; Alabama State Senate,House 1970-1974; Senate 1974-1978,1970,1978
Richard (Dick) Stone,S000962,Florida,FL,Florida State Senate,1967-1970,1967,1970
Michael Strang,S000991,Colorado,CO,Colorado House of Representatives,1970-1974 (introduced marijuana regulation legislation),1970,1974
Bob Stump,S001044,Arizona,AZ,Arizona House of Representatives; Arizona Senate (President 1975-76),1959-1967; 1967-1976,1959,1976
Bart Stupak,S001045,Michigan,MI,Michigan House of Representatives,1989-1991,1989,1991
Gordon Smith,S001142,Oregon,OR,Oregon State Senate,1993-1997 (Senate President 1995-1997),1993,1997
Chris Shays,S001144,Connecticut,CT,Connecticut House of Representatives district 147,1975-1987,1975,1987
Janice Schakowsky,S001145,Illinois,IL,Illinois House of Representatives,1991-1998,1991,1998
Ronnie Shows,S001147,Mississippi,MS,Mississippi State Senate (41st district),1980-1988,1980,1988
Mike Simpson,S001148,Idaho,ID,Idaho House of Representatives,1984-1998 (districts 26B then 31B; Speaker 1992-1998),1984,1998
Adam Schiff,S001150,California,CA,California State Senate,1996-2000,1996,2000
Ed Schrock,S001151,Virginia,VA,Senate of Virginia,1996-2001 (1 term),1996,2001
Rob Simmons,S001152,Connecticut,CT,Connecticut House of Representatives district 43,1991-2001,1991,2001
Hilda Solis,S001153,California,CA,California State Assembly; California State Senate,1992-2000,1992,2000
John Sullivan,S001155,Oklahoma,OK,Oklahoma House of Representatives,1995-2002,1995,2002
David Scott,S001157,Georgia,GA,Georgia House of Representatives (37th district); Georgia State Senate (36th district),1975-1983; 1983-2003,1975,2003
John Salazar,S001158,Colorado,CO,Colorado House of Representatives district 62,2003-2004,2003,2004
John Schwarz,S001161,Michigan,MI,Michigan Senate,1987-2002,1987,2002
Allyson Schwartz,S001162,Pennsylvania,PA,PA Senate,1991-2005,1991,2005
Albio Sires,S001165,New Jersey,NJ,New Jersey General Assembly (33rd district; Speaker 2002-2006),2000-2006,2000,2006
Bill Sali,S001167,Idaho,ID,Idaho House of Representatives,1990-2006,1990,2006
Adrian Smith,S001172,Nebraska,NE,Nebraska Legislature (unicameral),1999-2007,1999,2007
Betty Sutton,S001174,Ohio,OH,Ohio House of Representatives,1993-2000,1993,2000
Jackie Speier,S001175,California,CA,CA State Assembly (19th district); CA State Senate (8th district),Assembly 1986-1996; Senate 1998-2006,1986,2006
Steve Scalise,S001176,Louisiana,LA,Louisiana House of Representatives (82nd district 1996-2008); Louisiana Senate (9th district Jan-May 2008),1996-2008,1996,2008
Mark Schauer,S001178,Michigan,MI,Michigan House of Representatives; Michigan Senate,1997-2009,1997,2009
Kurt Schrader,S001180,Oregon,OR,OR House 1997-2003; OR Senate 2003-2009,1997-2009,1997,2009
Jeanne Shaheen,S001181,New Hampshire,NH,New Hampshire State Senate,1990-1996,1990,1996
David Schweikert,S001183,Arizona,AZ,Arizona House of Representatives (28th district),1991-1994,1991,1994
Brian Schatz,S001194,Hawaii,HI,Hawaii House of Representatives,1998-2006,1998,2006
Lloyd Smucker,S001199,Pennsylvania,PA,Pennsylvania Senate,2009-2016,2009,2016
Jim Talent,T000024,Missouri,MO,Missouri House of Representatives,1985-1993,1985,1993
Robin Tallon,T000034,South Carolina,SC,South Carolina House of Representatives,1980-1982,1980,1982
John Tanner,T000038,Tennessee,TN,Tennessee House of Representatives,January 1977-January 1987 (10 years),1977,1987
Randy Tate,T000048,Washington,WA,Washington House of Representatives,"1989-1995 (source describes as ""one 6-year term"" = 3 bienniums)",1989,1995
Tom Tauke,T000053,Iowa,IA,Iowa House of Representatives (20th district),1975-1979,1975,1979
Billy Tauzin,T000058,Louisiana,LA,Louisiana House of Representatives,1972-1980,1972,1980
Charles H. Taylor,T000067,North Carolina,NC,NC House 1967-1973; NC Senate 1973-1975,1967-1975,1967,1975
Gene Taylor,T000074,Mississippi,MS,Mississippi State Senate,1983-1989,1983,1989
Frank Tejeda,T000113,Texas,TX,Texas House of Representatives; Texas Senate,1976-1987 (House); 1987-1993 (Senate),1976,1993
Craig Thomas,T000162,Wyoming,WY,Wyoming House of Representatives,1985-1989 (resigned May 1989),1985,1989
Bill Thomas,T000188,California,CA,CA State Assembly,1974-1978,1974,1978
Frank Thompson Jr.,T000200,New Jersey,NJ,New Jersey General Assembly (Mercer County; Minority Leader 2nd term),1950-1954,1950,1954
Karen Thurman,T000253,Florida,FL,Florida State Senate (4th district),1983-1993,1983,1993
Strom Thurmond,T000254,South Carolina,SC,South Carolina Senate,1933-1938,1933,1938
Todd Tiahrt,T000260,Kansas,KS,Kansas Senate,1992-1994,1992,1994
Peter Torkildsen,T000314,Massachusetts,MA,Massachusetts House of Representatives,1985-1991,1985,1991
Bob Traxler,T000356,Michigan,MI,Michigan House of Representatives,1962-1974,1962,1974
Jim Turner,T000424,Texas,TX,Texas House of Representatives; Texas Senate,1981-1984 (House); 1991-1996 (Senate),1981,1996
Tom Tancredo,T000458,Colorado,CO,Colorado House of Representatives,1977-1981,1977,1981
Mike Thompson,T000460,California,CA,CA State Senate (4th then 2nd district),1990-1998,1990,1998
Pat Tiberi,T000462,Ohio,OH,Ohio House of Representatives (26th district),1993-2000,1993,2000
Jon Tester,T000464,Montana,MT,Montana Senate,1999-2007,1999,2007
Dina Titus,T000468,Nevada,NV,Nevada State Senate (7th district),1988-2008,1988,2008
Paul Tonko,T000469,New York,NY,New York State Assembly,1983-2007 (105th district),1983,2007
Jolene Unsoeld,U000017,Washington,WA,Washington House of Representatives,January 1985-January 1989 (2 terms),1985,1989
Mark Udall,U000038,Colorado,CO,Colorado House of Representatives district 13,1996-1998,1996,1998
Guy Vander Jagt,V000027,Michigan,MI,Michigan Senate,1965-1966,1965,1966
Bruce Vento,V000087,Minnesota,MN,Minnesota House of Representatives,1971-1976,1971,1976
Harold Volkmer,V000112,Missouri,MO,Missouri House of Representatives,1967-1977,1967,1977
George Voinovich,V000126,Ohio,OH,Ohio House of Representatives,1967-1971,1967,1971
David Vitter,V000127,Louisiana,LA,Louisiana House of Representatives,1992-1999,1992,1999
Chris Van Hollen,V000128,Maryland,MD,Maryland House of Delegates (1991-1995); Maryland State Senate (1995-2003),1991-2003,1991,2003
Alton Waldon,W000038,New York,NY,New York State Assembly,1983-1986,1983,1986
Malcolm Wallop,W000092,Wyoming,WY,Wyoming State Senate,1973-1976,1973,1976
Mike Ward,W000139,Kentucky,KY,Kentucky House of Representatives,1989-1993 (resigned Nov 1993),1989,1993
Craig Washington,W000177,Texas,TX,Texas House of Representatives; Texas Senate,1973-1982 (House district 86); 1983-1989 (Senate district 13),1973,1989
Harold Washington,W000180,Illinois,IL,Illinois House of Representatives; Illinois Senate,1965-1977 (House; district 26); 1977-1981 (Senate),1965,1981
Maxine Waters,W000187,California,CA,CA State Assembly,1976-1990,1976,1990
Wes Watkins,W000194,Oklahoma,OK,Oklahoma Senate,1974-1976,1974,1976
Melvin Watt,W000207,North Carolina,NC,North Carolina Senate,1985-1987,1985,1987
Henry Waxman,W000215,California,CA,CA State Assembly (61st district),1969-1974,1969,1974
Jerry Weller,W000273,Illinois,IL,Illinois House of Representatives,1987 (brief; unseated); 1989-1995 (districts 85 then 75),1987,1995
Robert Wexler,W000314,Florida,FL,Florida State Senate,1990-1996,1990,1996
Robert Weygand,W000315,Rhode Island,RI,RI House of Representatives (84th district),1985-1993,1985,1993
Alan Wheat,W000326,Missouri,MO,Missouri House of Representatives (Missouri General Assembly),1976-1982,1976,1982
Richard C. White,W000390,Texas,TX,Texas House of Representatives,1955-1959,1955,1959
Ed Whitfield,W000413,Kentucky,KY,Kentucky House of Representatives,1974-1976,1974,1976
Robert Whittaker,W000426,Kansas,KS,Kansas House of Representatives,1974-1977,1974,1977
Jamie Whitten,W000428,Mississippi,MS,Mississippi House of Representatives,1931-1932,1931,1932
Roger Wicker,W000437,Mississippi,MS,Mississippi State Senate,1988-1994,1988,1994
Pat Williams,W000520,Montana,MT,Montana House of Representatives,1967-1971,1967,1971
Charlie Wilson,W000570,Texas,TX,Texas House of Representatives; Texas Senate,1961-1963 (House); 1963-1967 (Senate),1961,1967
Charles H. Wilson,W000571,California,CA,CA State Assembly (66th district),1955-1963,1955,1963
Pete Wilson,W000607,California,CA,California State Assembly,1966-1971,1966,1971
Bob Wise,W000654,West Virginia,WV,West Virginia Senate,1980-1982 (dist 17; 1 term),1980,1982
Howard Wolpe,W000682,Michigan,MI,Michigan House of Representatives (exact dates not confirmed by source; c. mid-1970s prior to 1979 US House election),c. 1973-1978 (approximate; source did not give exact dates),1973,1978
Jim Wright,W000763,Texas,TX,Texas House of Representatives,1947-1949,1947,1949
Joseph P. Wyatt Jr.,W000777,Texas,TX,Texas House of Representatives,1971-1979,1971,1979
Albert Wynn,W000784,Maryland,MD,Maryland House of Delegates (1983-1987); Maryland Senate (1987-1993),1983-1993,1983,1993
Greg Walden,W000791,Oregon,OR,OR House 1989-95; OR Senate 1995-97,1989-1997,1989,1997
Diane Watson,W000794,California,CA,CA State Senate,1978-1998,1978,1998
Joe Wilson,W000795,South Carolina,SC,South Carolina Senate,1985-2001,1985,2001
Lynn Westmoreland,W000796,Georgia,GA,Georgia House of Representatives,1993-2005,1993,2005
Debbie Wasserman Schultz,W000797,Florida,FL,Florida House of Representatives (97th; then 34th district); Florida State Senate,1992-2000; 2000-2004,1992,2004
Tim Walberg,W000798,Michigan,MI,Michigan House of Representatives,1983-1999,1983,1999
Peter Welch,W000800,Vermont,VT,Vermont Senate,1981-1989 (Pres pro tempore 1985-1989); 2001-2007 (Pres pro tempore 2003-2007),1981,2007
Charlie Wilson,W000801,Ohio,OH,"Ohio House of Representatives 1997-2006 (99th/96th districts, redistricted); Ohio State Senate 2005-2006 (30th district; overlapped transition)",1997-2006,1997,2006
Rob Wittman,W000804,Virginia,VA,Virginia House of Delegates,January 2006-December 2007 (dist 99; 1 partial term),2006,2007
Daniel Webster,W000806,Florida,FL,Florida House of Representatives (Speaker 1996-98); Florida Senate (Majority Leader 2006-08),1980-1998; 1998-2008,1980,2008
Randy Weber,W000814,Texas,TX,Texas House of Representatives,2009-2013,2009,2013
Gus Yatron,Y000014,Pennsylvania,PA,PA House of Representatives (1956-1960); PA Senate (1961-1968; dist. 11),1956-1968,1956,1968
C. Young,Y000031,Florida,FL,Florida Senate,1961-1970,1961,1970
Don Young,Y000033,Alaska,AK,Alaska House of Representatives (1967-1971); Alaska Senate District I (1971-1973),1967-1973,1967,1973
Milton Young,Y000047,North Dakota,ND,North Dakota House of Representatives (1933-1935); North Dakota Senate (1935-1945),1933-1945,1933,1945
Robert A. Young,Y000051,Missouri,MO,Missouri House of Representatives (1956-1962); Missouri Senate (1962-1976),1956-1976,1956,1976
Kevin Yoder,Y000063,Kansas,KS,Kansas House of Representatives,2003-2011,2003,2011
Clement Zablocki,Z000001,Wisconsin,WI,Wisconsin Senate,c.1942-1949 (elected 1942; served until election to Congress),1942,1949
Dick Zimmer,Z000008,New Jersey,NJ,New Jersey General Assembly 1982-1987; New Jersey Senate 1987-1991,1982-1991,1982,1991
Lee Zeldin,Z000017,New York,NY,New York State Senate,2011-2014,2011,2014
